run_id,map,effective_map,demand,demand_vehicles,demand_start_time,demand_end_time,population_set,pop_seed,scenario,controller,flags,driver_profile,population_file,status,wall_seconds,log_file,vehicles_count,mean_wait_s,p95_wait_s,mean_travel_s,p95_travel_s,mean_time_loss_s,mean_speed_mps,mean_co2_g,mean_fuel_g,planned_trips,completed_trips,unfinished_trips,censoring_rate,mp_switch_margin_count,mp_switch_max_green_count,mp_nmin_hold_step_count,mp_spillback_block_event_count,mp_spillback_release_event_count,mp_spillback_block_step_count,mp_platoon_extend_step_count,mp_fairness_positive_bonus_count,mp_fairness_bonus_sum,mp_super_mode_switch_count,mp_super_program0_to_mp_count,mp_super_mp_to_program0_count,mp_super_program0_step_count,mp_super_base_step_count,mp_super_lta_step_count,mp_super_nmin_step_count,mp_super_fair_step_count,mp_super_platoon_step_count,mp_super_safe_step_count,mp_super_load_sum,mp_super_imbalance_sum,mp_super_wait_imbalance_sum,mp_super_burstiness_sum,mp_super_platoon_sum,mp_super_downstream_sum
bologna__balanced__low__seed1__mp_program0,bologna,bologna,low,1500,0.0,3600.0,balanced,1,mp_program0,mp,--program0-hybrid --program0-load-ref 3.5 --program0-enter-mp-load 0.60 --program0-exit-fixed-load 0.40 --program0-mode-streak 4,human_light,/home/jakubhomoncik/sumo-traffic-control/logs/ablation/runs/run_0025_20260614_143342/populations/bologna_balanced_low_seed1.yaml,ok,996.261,/home/jakubhomoncik/sumo-traffic-control/logs/ablation/runs/run_0025_20260614_143342/runs/bologna__balanced__low__seed1__mp_program0/vehicle_metrics.csv,1500,206.250667,503.15,478.939333,978.4,309.322147,8.50324,-15460.299317,-16624.288933,1500,1500,0,0.0,35.0,0.0,0.0,0.0,0.0,0.0,0.0,0.0,0.0,0.0,0.0,0.0,0.0,0.0,0.0,0.0,0.0,0.0,0.0,0.0,0.0,0.0,0.0,0.0,0.0
bologna__balanced__low__seed1__mp_base,bologna,bologna,low,1500,0.0,3600.0,balanced,1,mp_base,mp,,human_light,/home/jakubhomoncik/sumo-traffic-control/logs/ablation/runs/run_0025_20260614_143342/populations/bologna_balanced_low_seed1.yaml,ok,1649.436,/home/jakubhomoncik/sumo-traffic-control/logs/ablation/runs/run_0025_20260614_143342/runs/bologna__balanced__low__seed1__mp_base/vehicle_metrics.csv,1500,382.258667,1488.55,645.568667,1856.75,472.57894,8.888963,-3870010.967124,-3871298.385992,1500,1500,0,0.0,3710.0,1089.0,0.0,0.0,0.0,0.0,0.0,0.0,0.0,0.0,0.0,0.0,0.0,0.0,0.0,0.0,0.0,0.0,0.0,0.0,0.0,0.0,0.0,0.0,0.0
bologna__balanced__low__seed1__mp_lta_g060_sf050,bologna,bologna,low,1500,0.0,3600.0,balanced,1,mp_lta_g060_sf050,mp,--lost-time-aware --lost-time-sat-flow 0.50 --lost-time-gain 0.60,human_light,/home/jakubhomoncik/sumo-traffic-control/logs/ablation/runs/run_0025_20260614_143342/populations/bologna_balanced_low_seed1.yaml,ok,1833.535,/home/jakubhomoncik/sumo-traffic-control/logs/ablation/runs/run_0025_20260614_143342/runs/bologna__balanced__low__seed1__mp_lta_g060_sf050/vehicle_metrics.csv,1500,428.714667,1565.1,696.338,1878.65,523.280547,8.256698,-3973720.596954,-3975065.801707,1500,1500,0,0.0,1764.0,2171.0,0.0,0.0,0.0,0.0,0.0,0.0,0.0,0.0,0.0,0.0,0.0,0.0,0.0,0.0,0.0,0.0,0.0,0.0,0.0,0.0,0.0,0.0,0.0
bologna__balanced__low__seed1__mp_super,bologna,bologna,low,1500,0.0,3600.0,balanced,1,mp_super,mp,--super-router --super-load-ref 3.5 --super-low-load 0.38 --super-program0-exit-load 0.28 --super-high-load 0.62 --super-imbalance-threshold 0.50 --super-wait-imbalance-threshold 0.50 --super-burstiness-threshold 0.10 --super-platoon-threshold 0.50 --super-downstream-threshold 0.97 --super-mode-streak 4 --super-nmin-load 0.72 --super-lta-gain 0.60 --super-lta-sat-flow 0.50 --super-nmin-alpha 1.20 --super-nmin-floor 4 --super-nmin-min-green 4.0 --super-nmin-demand-gain 0.40 --super-nmin-empty-release-seconds 1.5 --fairness-mu 5.0 --fairness-w-half 20.0 --platoon-headway-threshold 2.1 --platoon-gap-out-seconds 2.1 --platoon-max-extra-green 2.0 --platoon-guard-occ 0.90 --spillback-on 0.90 --spillback-off 0.80 --spillback-min-halts 3 --spillback-alpha 0.30 --downstream-beta 0.4 --downstream-alpha 0.30,human_light,/home/jakubhomoncik/sumo-traffic-control/logs/ablation/runs/run_0025_20260614_143342/populations/bologna_balanced_low_seed1.yaml,ok,3036.798,/home/jakubhomoncik/sumo-traffic-control/logs/ablation/runs/run_0025_20260614_143342/runs/bologna__balanced__low__seed1__mp_super/vehicle_metrics.csv,1500,195.544667,450.0,466.356667,916.15,296.729713,8.621525,-14753.460695,-15911.397669,1500,1500,0,0.0,147.0,0.0,0.0,0.0,0.0,0.0,0.0,176.0,366.497393,164.0,73.0,73.0,828044.0,67.0,600.0,16.0,1030.0,0.0,24.0,9719.401468,77099.97302,71688.568226,8015.789171,3004.0,11477.579281
bologna__balanced__low__seed1__mp_nmin_a120_f4,bologna,bologna,low,1500,0.0,3600.0,balanced,1,mp_nmin_a120_f4,mp,--nmin-dynamic --lost-time-sat-flow 0.50 --nmin-alpha 1.20 --nmin-floor 4 --nmin-min-green 4.0 --nmin-demand-gain 0.40 --nmin-empty-release-seconds 1.5,human_light,/home/jakubhomoncik/sumo-traffic-control/logs/ablation/runs/run_0025_20260614_143342/populations/bologna_balanced_low_seed1.yaml,ok,2090.898,/home/jakubhomoncik/sumo-traffic-control/logs/ablation/runs/run_0025_20260614_143342/runs/bologna__balanced__low__seed1__mp_nmin_a120_f4/vehicle_metrics.csv,1500,490.639333,2032.8,761.074,2477.5,587.974387,8.535539,-4063836.165235,-4065234.589017,1500,1500,0,0.0,3851.0,1146.0,6200.0,0.0,0.0,0.0,0.0,0.0,0.0,0.0,0.0,0.0,0.0,0.0,0.0,0.0,0.0,0.0,0.0,0.0,0.0,0.0,0.0,0.0,0.0
bologna__balanced__low__seed1__mp_fair_mu5_w20,bologna,bologna,low,1500,0.0,3600.0,balanced,1,mp_fair_mu5_w20,mp,--fairness --fairness-mu 5.0 --fairness-w-half 20.0,human_light,/home/jakubhomoncik/sumo-traffic-control/logs/ablation/runs/run_0025_20260614_143342/populations/bologna_balanced_low_seed1.yaml,ok,1507.409,/home/jakubhomoncik/sumo-traffic-control/logs/ablation/runs/run_0025_20260614_143342/runs/bologna__balanced__low__seed1__mp_fair_mu5_w20/vehicle_metrics.csv,1500,375.004,1486.45,637.795333,1926.55,466.82694,8.709755,-1623742.499572,-1625030.327169,1500,1500,0,0.0,4019.0,1054.0,0.0,0.0,0.0,0.0,0.0,8186.0,15232.422808,0.0,0.0,0.0,0.0,0.0,0.0,0.0,0.0,0.0,0.0,0.0,0.0,0.0,0.0,0.0,0.0
bologna__balanced__low__seed1__mp_spillback_on90_off80,bologna,bologna,low,1500,0.0,3600.0,balanced,1,mp_spillback_on90_off80,mp,--spillback --spillback-on 0.90 --spillback-off 0.80 --spillback-min-halts 3 --spillback-alpha 0.30,human_light,/home/jakubhomoncik/sumo-traffic-control/logs/ablation/runs/run_0025_20260614_143342/populations/bologna_balanced_low_seed1.yaml,ok,3173.909,/home/jakubhomoncik/sumo-traffic-control/logs/ablation/runs/run_0025_20260614_143342/runs/bologna__balanced__low__seed1__mp_spillback_on90_off80/vehicle_metrics.csv,1500,382.258667,1488.55,645.568667,1856.75,472.57894,8.888963,-3870010.967124,-3871298.385992,1500,1500,0,0.0,3710.0,1089.0,0.0,3.0,3.0,22.0,0.0,0.0,0.0,0.0,0.0,0.0,0.0,0.0,0.0,0.0,0.0,0.0,0.0,0.0,0.0,0.0,0.0,0.0,0.0
bologna__balanced__low__seed1__fixed_program0,bologna,bologna,low,1500,0.0,3600.0,balanced,1,fixed_program0,fixed,--fixed-program-id 0,human_light,/home/jakubhomoncik/sumo-traffic-control/logs/ablation/runs/run_0025_20260614_143342/populations/bologna_balanced_low_seed1.yaml,ok,187.209,/home/jakubhomoncik/sumo-traffic-control/logs/ablation/runs/run_0025_20260614_143342/runs/bologna__balanced__low__seed1__fixed_program0/vehicle_metrics.csv,1500,197.216,485.1,468.099333,971.2,298.47262,8.582713,-11188.157658,-12336.700419,1500,1500,0,0.0,0.0,0.0,0.0,0.0,0.0,0.0,0.0,0.0,0.0,0.0,0.0,0.0,0.0,0.0,0.0,0.0,0.0,0.0,0.0,0.0,0.0,0.0,0.0,0.0,0.0
bologna__balanced__low__seed1__fixed_tuned,bologna,bologna,low,1500,0.0,3600.0,balanced,1,fixed_tuned,fixed,--fixed-program-id 0 --fixed-main-green-seconds 30,human_light,/home/jakubhomoncik/sumo-traffic-control/logs/ablation/runs/run_0025_20260614_143342/populations/bologna_balanced_low_seed1.yaml,ok,205.939,/home/jakubhomoncik/sumo-traffic-control/logs/ablation/runs/run_0025_20260614_143342/runs/bologna__balanced__low__seed1__fixed_tuned/vehicle_metrics.csv,1500,261.711333,583.0,536.688667,1027.1,367.057933,7.580105,-5336.490263,-6569.664199,1500,1500,0,0.0,0.0,0.0,0.0,0.0,0.0,0.0,0.0,0.0,0.0,0.0,0.0,0.0,0.0,0.0,0.0,0.0,0.0,0.0,0.0,0.0,0.0,0.0,0.0,0.0,0.0
bologna__balanced__low__seed1__mp_platoon_x2,bologna,bologna,low,1500,0.0,3600.0,balanced,1,mp_platoon_x2,mp,--platoon-extension --platoon-headway-threshold 2.1 --platoon-gap-out-seconds 2.1 --platoon-max-extra-green 2.0 --platoon-guard-occ 0.90,human_light,/home/jakubhomoncik/sumo-traffic-control/logs/ablation/runs/run_0025_20260614_143342/populations/bologna_balanced_low_seed1.yaml,ok,2829.719,/home/jakubhomoncik/sumo-traffic-control/logs/ablation/runs/run_0025_20260614_143342/runs/bologna__balanced__low__seed1__mp_platoon_x2/vehicle_metrics.csv,1500,404.405333,1548.75,669.089333,2062.25,496.400407,8.845512,-3562898.208696,-3564200.880588,1500,1500,0,0.0,3621.0,1111.0,0.0,0.0,0.0,0.0,158.0,0.0,0.0,0.0,0.0,0.0,0.0,0.0,0.0,0.0,0.0,0.0,0.0,0.0,0.0,0.0,0.0,0.0,0.0
bologna__balanced__low__seed1__mp_super_no_safe,bologna,bologna,low,1500,0.0,3600.0,balanced,1,mp_super_no_safe,mp,--super-router --super-load-ref 3.5 --super-low-load 0.38 --super-program0-exit-load 0.28 --super-high-load 0.62 --super-imbalance-threshold 0.50 --super-wait-imbalance-threshold 0.50 --super-burstiness-threshold 0.10 --super-platoon-threshold 0.50 --super-downstream-threshold 0.97 --super-mode-streak 4 --super-nmin-load 0.72 --super-lta-gain 0.60 --super-lta-sat-flow 0.50 --super-nmin-alpha 1.20 --super-nmin-floor 4 --super-nmin-min-green 4.0 --super-nmin-demand-gain 0.40 --super-nmin-empty-release-seconds 1.5 --fairness-mu 5.0 --fairness-w-half 20.0 --platoon-headway-threshold 2.1 --platoon-gap-out-seconds 2.1 --platoon-max-extra-green 2.0 --platoon-guard-occ 0.90 --spillback-on 0.90 --spillback-off 0.80 --spillback-min-halts 3 --spillback-alpha 0.30 --downstream-beta 0.4 --downstream-alpha 0.30 --super-disable-safe,human_light,/home/jakubhomoncik/sumo-traffic-control/logs/ablation/runs/run_0025_20260614_143342/populations/bologna_balanced_low_seed1.yaml,ok,3066.709,/home/jakubhomoncik/sumo-traffic-control/logs/ablation/runs/run_0025_20260614_143342/runs/bologna__balanced__low__seed1__mp_super_no_safe/vehicle_metrics.csv,1500,192.045333,440.05,462.387333,910.1,292.757453,8.647135,-11901.284203,-13051.674024,1500,1500,0,0.0,128.0,0.0,0.0,0.0,0.0,0.0,0.0,148.0,307.974041,151.0,71.0,71.0,828325.0,54.0,575.0,16.0,878.0,0.0,0.0,9571.328007,77449.479776,71894.166358,8045.162945,3025.0,11210.455269
bologna__skewed__low__seed1__mp_program0,bologna,bologna,low,1500,0.0,3600.0,skewed,1,mp_program0,mp,--program0-hybrid --program0-load-ref 3.5 --program0-enter-mp-load 0.60 --program0-exit-fixed-load 0.40 --program0-mode-streak 4,human_light,/home/jakubhomoncik/sumo-traffic-control/logs/ablation/runs/run_0025_20260614_143342/populations/bologna_skewed_low_seed1.yaml,ok,1072.738,/home/jakubhomoncik/sumo-traffic-control/logs/ablation/runs/run_0025_20260614_143342/runs/bologna__skewed__low__seed1__mp_program0/vehicle_metrics.csv,1500,261.709333,561.05,614.846667,1169.05,411.378253,7.93482,-3645.154546,-5054.000923,1500,1500,0,0.0,60.0,0.0,0.0,0.0,0.0,0.0,0.0,0.0,0.0,0.0,0.0,0.0,0.0,0.0,0.0,0.0,0.0,0.0,0.0,0.0,0.0,0.0,0.0,0.0,0.0
bologna__skewed__low__seed1__mp_base,bologna,bologna,low,1500,0.0,3600.0,skewed,1,mp_base,mp,,human_light,/home/jakubhomoncik/sumo-traffic-control/logs/ablation/runs/run_0025_20260614_143342/populations/bologna_skewed_low_seed1.yaml,ok,1597.935,/home/jakubhomoncik/sumo-traffic-control/logs/ablation/runs/run_0025_20260614_143342/runs/bologna__skewed__low__seed1__mp_base/vehicle_metrics.csv,1500,682.946667,2241.05,1053.002667,2823.75,847.569313,7.359337,-2369615.72154,-2371400.903871,1500,1500,0,0.0,3553.0,1106.0,0.0,0.0,0.0,0.0,0.0,0.0,0.0,0.0,0.0,0.0,0.0,0.0,0.0,0.0,0.0,0.0,0.0,0.0,0.0,0.0,0.0,0.0,0.0
bologna__skewed__low__seed1__mp_lta_g060_sf050,bologna,bologna,low,1500,0.0,3600.0,skewed,1,mp_lta_g060_sf050,mp,--lost-time-aware --lost-time-sat-flow 0.50 --lost-time-gain 0.60,human_light,/home/jakubhomoncik/sumo-traffic-control/logs/ablation/runs/run_0025_20260614_143342/populations/bologna_skewed_low_seed1.yaml,ok,1524.074,/home/jakubhomoncik/sumo-traffic-control/logs/ablation/runs/run_0025_20260614_143342/runs/bologna__skewed__low__seed1__mp_lta_g060_sf050/vehicle_metrics.csv,1500,581.837333,1767.75,938.275333,2226.6,733.419947,7.104014,-1660394.566164,-1662068.64267,1500,1500,0,0.0,1793.0,1964.0,0.0,0.0,0.0,0.0,0.0,0.0,0.0,0.0,0.0,0.0,0.0,0.0,0.0,0.0,0.0,0.0,0.0,0.0,0.0,0.0,0.0,0.0,0.0
bologna__skewed__low__seed1__mp_nmin_a120_f4,bologna,bologna,low,1500,0.0,3600.0,skewed,1,mp_nmin_a120_f4,mp,--nmin-dynamic --lost-time-sat-flow 0.50 --nmin-alpha 1.20 --nmin-floor 4 --nmin-min-green 4.0 --nmin-demand-gain 0.40 --nmin-empty-release-seconds 1.5,human_light,/home/jakubhomoncik/sumo-traffic-control/logs/ablation/runs/run_0025_20260614_143342/populations/bologna_skewed_low_seed1.yaml,ok,1762.624,/home/jakubhomoncik/sumo-traffic-control/logs/ablation/runs/run_0025_20260614_143342/runs/bologna__skewed__low__seed1__mp_nmin_a120_f4/vehicle_metrics.csv,1500,875.126667,2734.55,1263.416,3385.2,1056.368007,6.898891,-4234737.213332,-4236742.945014,1500,1500,0,0.0,3858.0,1140.0,6731.0,0.0,0.0,0.0,0.0,0.0,0.0,0.0,0.0,0.0,0.0,0.0,0.0,0.0,0.0,0.0,0.0,0.0,0.0,0.0,0.0,0.0,0.0
bologna__skewed__low__seed1__mp_super,bologna,bologna,low,1500,0.0,3600.0,skewed,1,mp_super,mp,--super-router --super-load-ref 3.5 --super-low-load 0.38 --super-program0-exit-load 0.28 --super-high-load 0.62 --super-imbalance-threshold 0.50 --super-wait-imbalance-threshold 0.50 --super-burstiness-threshold 0.10 --super-platoon-threshold 0.50 --super-downstream-threshold 0.97 --super-mode-streak 4 --super-nmin-load 0.72 --super-lta-gain 0.60 --super-lta-sat-flow 0.50 --super-nmin-alpha 1.20 --super-nmin-floor 4 --super-nmin-min-green 4.0 --super-nmin-demand-gain 0.40 --super-nmin-empty-release-seconds 1.5 --fairness-mu 5.0 --fairness-w-half 20.0 --platoon-headway-threshold 2.1 --platoon-gap-out-seconds 2.1 --platoon-max-extra-green 2.0 --platoon-guard-occ 0.90 --spillback-on 0.90 --spillback-off 0.80 --spillback-min-halts 3 --spillback-alpha 0.30 --downstream-beta 0.4 --downstream-alpha 0.30,human_light,/home/jakubhomoncik/sumo-traffic-control/logs/ablation/runs/run_0025_20260614_143342/populations/bologna_skewed_low_seed1.yaml,ok,3217.776,/home/jakubhomoncik/sumo-traffic-control/logs/ablation/runs/run_0025_20260614_143342/runs/bologna__skewed__low__seed1__mp_super/vehicle_metrics.csv,1500,244.374,506.05,594.598667,1099.15,391.13104,8.135822,-2235.426078,-3629.452887,1500,1500,0,0.0,174.0,0.0,0.0,0.0,0.0,0.0,0.0,18.0,39.237374,411.0,185.0,185.0,856156.0,420.0,1848.0,41.0,100.0,4.0,0.0,11035.469959,83321.736914,75681.496026,8866.475831,4046.0,9730.885385
bologna__skewed__low__seed1__mp_fair_mu5_w20,bologna,bologna,low,1500,0.0,3600.0,skewed,1,mp_fair_mu5_w20,mp,--fairness --fairness-mu 5.0 --fairness-w-half 20.0,human_light,/home/jakubhomoncik/sumo-traffic-control/logs/ablation/runs/run_0025_20260614_143342/populations/bologna_skewed_low_seed1.yaml,ok,1678.582,/home/jakubhomoncik/sumo-traffic-control/logs/ablation/runs/run_0025_20260614_143342/runs/bologna__skewed__low__seed1__mp_fair_mu5_w20/vehicle_metrics.csv,1500,652.632667,2079.6,1018.595333,2727.1,813.383347,7.346815,-2134147.408727,-2135906.219457,1500,1500,0,0.0,3953.0,1061.0,0.0,0.0,0.0,0.0,0.0,14519.0,40406.563014,0.0,0.0,0.0,0.0,0.0,0.0,0.0,0.0,0.0,0.0,0.0,0.0,0.0,0.0,0.0,0.0
bologna__skewed__low__seed1__mp_spillback_on90_off80,bologna,bologna,low,1500,0.0,3600.0,skewed,1,mp_spillback_on90_off80,mp,--spillback --spillback-on 0.90 --spillback-off 0.80 --spillback-min-halts 3 --spillback-alpha 0.30,human_light,/home/jakubhomoncik/sumo-traffic-control/logs/ablation/runs/run_0025_20260614_143342/populations/bologna_skewed_low_seed1.yaml,ok,3166.024,/home/jakubhomoncik/sumo-traffic-control/logs/ablation/runs/run_0025_20260614_143342/runs/bologna__skewed__low__seed1__mp_spillback_on90_off80/vehicle_metrics.csv,1500,668.638,2132.0,1033.730667,2724.9,828.619447,7.410981,-1974492.398933,-1976268.371684,1500,1500,0,0.0,3597.0,1112.0,0.0,14.0,14.0,1890.0,0.0,0.0,0.0,0.0,0.0,0.0,0.0,0.0,0.0,0.0,0.0,0.0,0.0,0.0,0.0,0.0,0.0,0.0,0.0
bologna__skewed__low__seed1__fixed_program0,bologna,bologna,low,1500,0.0,3600.0,skewed,1,fixed_program0,fixed,--fixed-program-id 0,human_light,/home/jakubhomoncik/sumo-traffic-control/logs/ablation/runs/run_0025_20260614_143342/populations/bologna_skewed_low_seed1.yaml,ok,315.547,/home/jakubhomoncik/sumo-traffic-control/logs/ablation/runs/run_0025_20260614_143342/runs/bologna__skewed__low__seed1__fixed_program0/vehicle_metrics.csv,1500,432.908,1608.45,818.031333,2415.35,614.46512,7.092115,-133624.573809,-135237.231176,1500,1500,0,0.0,0.0,0.0,0.0,0.0,0.0,0.0,0.0,0.0,0.0,0.0,0.0,0.0,0.0,0.0,0.0,0.0,0.0,0.0,0.0,0.0,0.0,0.0,0.0,0.0,0.0
bologna__skewed__low__seed1__fixed_tuned,bologna,bologna,low,1500,0.0,3600.0,skewed,1,fixed_tuned,fixed,--fixed-program-id 0 --fixed-main-green-seconds 30,human_light,/home/jakubhomoncik/sumo-traffic-control/logs/ablation/runs/run_0025_20260614_143342/populations/bologna_skewed_low_seed1.yaml,ok,327.089,/home/jakubhomoncik/sumo-traffic-control/logs/ablation/runs/run_0025_20260614_143342/runs/bologna__skewed__low__seed1__fixed_tuned/vehicle_metrics.csv,1500,493.717333,1593.75,881.324,2418.3,677.8592,6.289845,-11820.590963,-13509.90068,1500,1500,0,0.0,0.0,0.0,0.0,0.0,0.0,0.0,0.0,0.0,0.0,0.0,0.0,0.0,0.0,0.0,0.0,0.0,0.0,0.0,0.0,0.0,0.0,0.0,0.0,0.0,0.0
bologna__skewed__low__seed1__mp_platoon_x2,bologna,bologna,low,1500,0.0,3600.0,skewed,1,mp_platoon_x2,mp,--platoon-extension --platoon-headway-threshold 2.1 --platoon-gap-out-seconds 2.1 --platoon-max-extra-green 2.0 --platoon-guard-occ 0.90,human_light,/home/jakubhomoncik/sumo-traffic-control/logs/ablation/runs/run_0025_20260614_143342/populations/bologna_skewed_low_seed1.yaml,ok,2856.943,/home/jakubhomoncik/sumo-traffic-control/logs/ablation/runs/run_0025_20260614_143342/runs/bologna__skewed__low__seed1__mp_platoon_x2/vehicle_metrics.csv,1500,587.939333,1798.2,945.740667,2316.2,740.64448,7.446808,-1946713.318459,-1948395.793192,1500,1500,0,0.0,3569.0,1117.0,0.0,0.0,0.0,0.0,246.0,0.0,0.0,0.0,0.0,0.0,0.0,0.0,0.0,0.0,0.0,0.0,0.0,0.0,0.0,0.0,0.0,0.0,0.0
bologna__skewed__low__seed1__mp_super_no_safe,bologna,bologna,low,1500,0.0,3600.0,skewed,1,mp_super_no_safe,mp,--super-router --super-load-ref 3.5 --super-low-load 0.38 --super-program0-exit-load 0.28 --super-high-load 0.62 --super-imbalance-threshold 0.50 --super-wait-imbalance-threshold 0.50 --super-burstiness-threshold 0.10 --super-platoon-threshold 0.50 --super-downstream-threshold 0.97 --super-mode-streak 4 --super-nmin-load 0.72 --super-lta-gain 0.60 --super-lta-sat-flow 0.50 --super-nmin-alpha 1.20 --super-nmin-floor 4 --super-nmin-min-green 4.0 --super-nmin-demand-gain 0.40 --super-nmin-empty-release-seconds 1.5 --fairness-mu 5.0 --fairness-w-half 20.0 --platoon-headway-threshold 2.1 --platoon-gap-out-seconds 2.1 --platoon-max-extra-green 2.0 --platoon-guard-occ 0.90 --spillback-on 0.90 --spillback-off 0.80 --spillback-min-halts 3 --spillback-alpha 0.30 --downstream-beta 0.4 --downstream-alpha 0.30 --super-disable-safe,human_light,/home/jakubhomoncik/sumo-traffic-control/logs/ablation/runs/run_0025_20260614_143342/populations/bologna_skewed_low_seed1.yaml,ok,3200.238,/home/jakubhomoncik/sumo-traffic-control/logs/ablation/runs/run_0025_20260614_143342/runs/bologna__skewed__low__seed1__mp_super_no_safe/vehicle_metrics.csv,1500,244.374,506.05,594.598667,1099.15,391.13104,8.135822,-2235.426078,-3629.452887,1500,1500,0,0.0,174.0,0.0,0.0,0.0,0.0,0.0,0.0,18.0,39.237374,411.0,185.0,185.0,856152.0,420.0,1852.0,41.0,100.0,4.0,0.0,11035.469959,83321.736914,75681.496026,8866.475831,4046.0,9730.885385
bologna__peak__low__seed1__mp_program0,bologna,bologna,low,1500,0.0,3600.0,peak,1,mp_program0,mp,--program0-hybrid --program0-load-ref 3.5 --program0-enter-mp-load 0.60 --program0-exit-fixed-load 0.40 --program0-mode-streak 4,human_light,/home/jakubhomoncik/sumo-traffic-control/logs/ablation/runs/run_0025_20260614_143342/populations/bologna_peak_low_seed1.yaml,ok,1194.795,/home/jakubhomoncik/sumo-traffic-control/logs/ablation/runs/run_0025_20260614_143342/runs/bologna__peak__low__seed1__mp_program0/vehicle_metrics.csv,1500,438.527333,1401.5,842.684,2077.45,638.58748,6.732897,-641770.880235,-643445.482542,1500,1500,0,0.0,109.0,0.0,0.0,0.0,0.0,0.0,0.0,0.0,0.0,0.0,0.0,0.0,0.0,0.0,0.0,0.0,0.0,0.0,0.0,0.0,0.0,0.0,0.0,0.0,0.0
bologna__peak__low__seed1__mp_base,bologna,bologna,low,1500,0.0,3600.0,peak,1,mp_base,mp,,human_light,/home/jakubhomoncik/sumo-traffic-control/logs/ablation/runs/run_0025_20260614_143342/populations/bologna_peak_low_seed1.yaml,ok,1950.492,/home/jakubhomoncik/sumo-traffic-control/logs/ablation/runs/run_0025_20260614_143342/runs/bologna__peak__low__seed1__mp_base/vehicle_metrics.csv,1500,791.007333,2435.0,1167.076,3073.8,960.92562,6.875487,-3080926.291637,-3082861.89871,1500,1500,0,0.0,3289.0,969.0,0.0,0.0,0.0,0.0,0.0,0.0,0.0,0.0,0.0,0.0,0.0,0.0,0.0,0.0,0.0,0.0,0.0,0.0,0.0,0.0,0.0,0.0,0.0
bologna__peak__low__seed1__mp_nmin_a120_f4,bologna,bologna,low,1500,0.0,3600.0,peak,1,mp_nmin_a120_f4,mp,--nmin-dynamic --lost-time-sat-flow 0.50 --nmin-alpha 1.20 --nmin-floor 4 --nmin-min-green 4.0 --nmin-demand-gain 0.40 --nmin-empty-release-seconds 1.5,human_light,/home/jakubhomoncik/sumo-traffic-control/logs/ablation/runs/run_0025_20260614_143342/populations/bologna_peak_low_seed1.yaml,ok,2006.342,/home/jakubhomoncik/sumo-traffic-control/logs/ablation/runs/run_0025_20260614_143342/runs/bologna__peak__low__seed1__mp_nmin_a120_f4/vehicle_metrics.csv,1500,779.699333,2352.35,1160.392667,2915.8,954.324133,6.810791,-2961388.837488,-2963320.555427,1500,1500,0,0.0,3598.0,931.0,6017.0,0.0,0.0,0.0,0.0,0.0,0.0,0.0,0.0,0.0,0.0,0.0,0.0,0.0,0.0,0.0,0.0,0.0,0.0,0.0,0.0,0.0,0.0
bologna__peak__low__seed1__mp_lta_g060_sf050,bologna,bologna,low,1500,0.0,3600.0,peak,1,mp_lta_g060_sf050,mp,--lost-time-aware --lost-time-sat-flow 0.50 --lost-time-gain 0.60,human_light,/home/jakubhomoncik/sumo-traffic-control/logs/ablation/runs/run_0025_20260614_143342/populations/bologna_peak_low_seed1.yaml,ok,2089.23,/home/jakubhomoncik/sumo-traffic-control/logs/ablation/runs/run_0025_20260614_143342/runs/bologna__peak__low__seed1__mp_lta_g060_sf050/vehicle_metrics.csv,1500,807.937333,2657.6,1190.787333,3230.25,984.20992,6.686902,-3572633.541077,-3574614.249757,1500,1500,0,0.0,1646.0,1840.0,0.0,0.0,0.0,0.0,0.0,0.0,0.0,0.0,0.0,0.0,0.0,0.0,0.0,0.0,0.0,0.0,0.0,0.0,0.0,0.0,0.0,0.0,0.0
bologna__peak__low__seed1__mp_super,bologna,bologna,low,1500,0.0,3600.0,peak,1,mp_super,mp,--super-router --super-load-ref 3.5 --super-low-load 0.38 --super-program0-exit-load 0.28 --super-high-load 0.62 --super-imbalance-threshold 0.50 --super-wait-imbalance-threshold 0.50 --super-burstiness-threshold 0.10 --super-platoon-threshold 0.50 --super-downstream-threshold 0.97 --super-mode-streak 4 --super-nmin-load 0.72 --super-lta-gain 0.60 --super-lta-sat-flow 0.50 --super-nmin-alpha 1.20 --super-nmin-floor 4 --super-nmin-min-green 4.0 --super-nmin-demand-gain 0.40 --super-nmin-empty-release-seconds 1.5 --fairness-mu 5.0 --fairness-w-half 20.0 --platoon-headway-threshold 2.1 --platoon-gap-out-seconds 2.1 --platoon-max-extra-green 2.0 --platoon-guard-occ 0.90 --spillback-on 0.90 --spillback-off 0.80 --spillback-min-halts 3 --spillback-alpha 0.30 --downstream-beta 0.4 --downstream-alpha 0.30,human_light,/home/jakubhomoncik/sumo-traffic-control/logs/ablation/runs/run_0025_20260614_143342/populations/bologna_peak_low_seed1.yaml,ok,3714.125,/home/jakubhomoncik/sumo-traffic-control/logs/ablation/runs/run_0025_20260614_143342/runs/bologna__peak__low__seed1__mp_super/vehicle_metrics.csv,1500,435.023333,1259.85,845.779333,2027.15,641.399547,6.697122,-958863.98687,-960551.214106,1500,1500,0,0.0,301.0,0.0,0.0,0.0,0.0,0.0,0.0,4.0,6.774194,790.0,342.0,342.0,977804.0,1305.0,3189.0,117.0,39.0,5.0,15.0,13594.239324,83307.375304,73425.408734,8745.149764,4255.0,14392.071428
bologna__peak__low__seed1__mp_fair_mu5_w20,bologna,bologna,low,1500,0.0,3600.0,peak,1,mp_fair_mu5_w20,mp,--fairness --fairness-mu 5.0 --fairness-w-half 20.0,human_light,/home/jakubhomoncik/sumo-traffic-control/logs/ablation/runs/run_0025_20260614_143342/populations/bologna_peak_low_seed1.yaml,ok,2079.258,/home/jakubhomoncik/sumo-traffic-control/logs/ablation/runs/run_0025_20260614_143342/runs/bologna__peak__low__seed1__mp_fair_mu5_w20/vehicle_metrics.csv,1500,718.385333,2349.4,1103.140667,2969.0,897.354767,7.044921,-2647236.976831,-2649103.340111,1500,1500,0,0.0,3755.0,934.0,0.0,0.0,0.0,0.0,0.0,11270.0,28164.723319,0.0,0.0,0.0,0.0,0.0,0.0,0.0,0.0,0.0,0.0,0.0,0.0,0.0,0.0,0.0,0.0
bologna__peak__low__seed1__mp_spillback_on90_off80,bologna,bologna,low,1500,0.0,3600.0,peak,1,mp_spillback_on90_off80,mp,--spillback --spillback-on 0.90 --spillback-off 0.80 --spillback-min-halts 3 --spillback-alpha 0.30,human_light,/home/jakubhomoncik/sumo-traffic-control/logs/ablation/runs/run_0025_20260614_143342/populations/bologna_peak_low_seed1.yaml,ok,4068.787,/home/jakubhomoncik/sumo-traffic-control/logs/ablation/runs/run_0025_20260614_143342/runs/bologna__peak__low__seed1__mp_spillback_on90_off80/vehicle_metrics.csv,1500,823.119333,2593.2,1199.154,3255.5,993.366967,6.890081,-2669989.885864,-2671960.117756,1500,1500,0,0.0,3351.0,1001.0,0.0,26.0,26.0,1427.0,0.0,0.0,0.0,0.0,0.0,0.0,0.0,0.0,0.0,0.0,0.0,0.0,0.0,0.0,0.0,0.0,0.0,0.0,0.0
bologna__peak__low__seed1__mp_platoon_x2,bologna,bologna,low,1500,0.0,3600.0,peak,1,mp_platoon_x2,mp,--platoon-extension --platoon-headway-threshold 2.1 --platoon-gap-out-seconds 2.1 --platoon-max-extra-green 2.0 --platoon-guard-occ 0.90,human_light,/home/jakubhomoncik/sumo-traffic-control/logs/ablation/runs/run_0025_20260614_143342/populations/bologna_peak_low_seed1.yaml,ok,3018.664,/home/jakubhomoncik/sumo-traffic-control/logs/ablation/runs/run_0025_20260614_143342/runs/bologna__peak__low__seed1__mp_platoon_x2/vehicle_metrics.csv,1500,737.576,2394.05,1120.118,3000.45,914.206353,7.009676,-2773183.411407,-2775076.327702,1500,1500,0,0.0,3355.0,973.0,0.0,0.0,0.0,0.0,278.0,0.0,0.0,0.0,0.0,0.0,0.0,0.0,0.0,0.0,0.0,0.0,0.0,0.0,0.0,0.0,0.0,0.0,0.0
bologna__peak__low__seed1__fixed_program0,bologna,bologna,low,1500,0.0,3600.0,peak,1,fixed_program0,fixed,--fixed-program-id 0,human_light,/home/jakubhomoncik/sumo-traffic-control/logs/ablation/runs/run_0025_20260614_143342/populations/bologna_peak_low_seed1.yaml,ok,411.075,/home/jakubhomoncik/sumo-traffic-control/logs/ablation/runs/run_0025_20260614_143342/runs/bologna__peak__low__seed1__fixed_program0/vehicle_metrics.csv,1500,706.096,3034.15,1124.118667,3841.05,918.47232,6.312424,-2439491.484454,-2441463.088155,1500,1500,0,0.0,0.0,0.0,0.0,0.0,0.0,0.0,0.0,0.0,0.0,0.0,0.0,0.0,0.0,0.0,0.0,0.0,0.0,0.0,0.0,0.0,0.0,0.0,0.0,0.0,0.0
bologna__peak__low__seed1__fixed_tuned,bologna,bologna,low,1500,0.0,3600.0,peak,1,fixed_tuned,fixed,--fixed-program-id 0 --fixed-main-green-seconds 30,human_light,/home/jakubhomoncik/sumo-traffic-control/logs/ablation/runs/run_0025_20260614_143342/populations/bologna_peak_low_seed1.yaml,ok,500.187,/home/jakubhomoncik/sumo-traffic-control/logs/ablation/runs/run_0025_20260614_143342/runs/bologna__peak__low__seed1__fixed_tuned/vehicle_metrics.csv,1500,749.925333,2676.6,1175.794667,3493.35,971.956607,5.433989,-365640.779123,-367678.279085,1500,1500,0,0.0,0.0,0.0,0.0,0.0,0.0,0.0,0.0,0.0,0.0,0.0,0.0,0.0,0.0,0.0,0.0,0.0,0.0,0.0,0.0,0.0,0.0,0.0,0.0,0.0,0.0
bologna__peak__low__seed1__mp_super_no_safe,bologna,bologna,low,1500,0.0,3600.0,peak,1,mp_super_no_safe,mp,--super-router --super-load-ref 3.5 --super-low-load 0.38 --super-program0-exit-load 0.28 --super-high-load 0.62 --super-imbalance-threshold 0.50 --super-wait-imbalance-threshold 0.50 --super-burstiness-threshold 0.10 --super-platoon-threshold 0.50 --super-downstream-threshold 0.97 --super-mode-streak 4 --super-nmin-load 0.72 --super-lta-gain 0.60 --super-lta-sat-flow 0.50 --super-nmin-alpha 1.20 --super-nmin-floor 4 --super-nmin-min-green 4.0 --super-nmin-demand-gain 0.40 --super-nmin-empty-release-seconds 1.5 --fairness-mu 5.0 --fairness-w-half 20.0 --platoon-headway-threshold 2.1 --platoon-gap-out-seconds 2.1 --platoon-max-extra-green 2.0 --platoon-guard-occ 0.90 --spillback-on 0.90 --spillback-off 0.80 --spillback-min-halts 3 --spillback-alpha 0.30 --downstream-beta 0.4 --downstream-alpha 0.30 --super-disable-safe,human_light,/home/jakubhomoncik/sumo-traffic-control/logs/ablation/runs/run_0025_20260614_143342/populations/bologna_peak_low_seed1.yaml,ok,3865.011,/home/jakubhomoncik/sumo-traffic-control/logs/ablation/runs/run_0025_20260614_143342/runs/bologna__peak__low__seed1__mp_super_no_safe/vehicle_metrics.csv,1500,435.010667,1423.15,842.368667,2068.05,638.45678,6.741742,-426289.405356,-427975.720237,1500,1500,0,0.0,286.0,0.0,0.0,0.0,0.0,0.0,0.0,7.0,12.781945,721.0,307.0,307.0,930513.0,1278.0,3160.0,126.0,60.0,5.0,0.0,13238.083882,81930.978596,72638.912341,8505.876508,4264.0,13554.143594
bologna__balanced__low__seed2__mp_program0,bologna,bologna,low,1500,0.0,3600.0,balanced,2,mp_program0,mp,--program0-hybrid --program0-load-ref 3.5 --program0-enter-mp-load 0.60 --program0-exit-fixed-load 0.40 --program0-mode-streak 4,human_light,/home/jakubhomoncik/sumo-traffic-control/logs/ablation/runs/run_0025_20260614_143342/populations/bologna_balanced_low_seed2.yaml,ok,938.229,/home/jakubhomoncik/sumo-traffic-control/logs/ablation/runs/run_0025_20260614_143342/runs/bologna__balanced__low__seed2__mp_program0/vehicle_metrics.csv,1500,193.518,429.0,473.786667,892.25,298.519087,8.531877,-4084.388846,-5195.905069,1500,1500,0,0.0,31.0,0.0,0.0,0.0,0.0,0.0,0.0,0.0,0.0,0.0,0.0,0.0,0.0,0.0,0.0,0.0,0.0,0.0,0.0,0.0,0.0,0.0,0.0,0.0,0.0
bologna__balanced__low__seed2__mp_base,bologna,bologna,low,1500,0.0,3600.0,balanced,2,mp_base,mp,,human_light,/home/jakubhomoncik/sumo-traffic-control/logs/ablation/runs/run_0025_20260614_143342/populations/bologna_balanced_low_seed2.yaml,ok,1657.111,/home/jakubhomoncik/sumo-traffic-control/logs/ablation/runs/run_0025_20260614_143342/runs/bologna__balanced__low__seed2__mp_base/vehicle_metrics.csv,1500,436.984667,1700.7,708.206667,2133.9,530.81392,8.731082,-2497047.254387,-2498338.417284,1500,1500,0,0.0,3492.0,1082.0,0.0,0.0,0.0,0.0,0.0,0.0,0.0,0.0,0.0,0.0,0.0,0.0,0.0,0.0,0.0,0.0,0.0,0.0,0.0,0.0,0.0,0.0,0.0
bologna__balanced__low__seed2__mp_lta_g060_sf050,bologna,bologna,low,1500,0.0,3600.0,balanced,2,mp_lta_g060_sf050,mp,--lost-time-aware --lost-time-sat-flow 0.50 --lost-time-gain 0.60,human_light,/home/jakubhomoncik/sumo-traffic-control/logs/ablation/runs/run_0025_20260614_143342/populations/bologna_balanced_low_seed2.yaml,ok,1457.927,/home/jakubhomoncik/sumo-traffic-control/logs/ablation/runs/run_0025_20260614_143342/runs/bologna__balanced__low__seed2__mp_lta_g060_sf050/vehicle_metrics.csv,1500,371.861333,1297.25,645.398,1743.4,468.564467,8.238741,-1892253.682855,-1893490.113154,1500,1500,0,0.0,1781.0,1929.0,0.0,0.0,0.0,0.0,0.0,0.0,0.0,0.0,0.0,0.0,0.0,0.0,0.0,0.0,0.0,0.0,0.0,0.0,0.0,0.0,0.0,0.0,0.0
bologna__balanced__low__seed2__mp_super,bologna,bologna,low,1500,0.0,3600.0,balanced,2,mp_super,mp,--super-router --super-load-ref 3.5 --super-low-load 0.38 --super-program0-exit-load 0.28 --super-high-load 0.62 --super-imbalance-threshold 0.50 --super-wait-imbalance-threshold 0.50 --super-burstiness-threshold 0.10 --super-platoon-threshold 0.50 --super-downstream-threshold 0.97 --super-mode-streak 4 --super-nmin-load 0.72 --super-lta-gain 0.60 --super-lta-sat-flow 0.50 --super-nmin-alpha 1.20 --super-nmin-floor 4 --super-nmin-min-green 4.0 --super-nmin-demand-gain 0.40 --super-nmin-empty-release-seconds 1.5 --fairness-mu 5.0 --fairness-w-half 20.0 --platoon-headway-threshold 2.1 --platoon-gap-out-seconds 2.1 --platoon-max-extra-green 2.0 --platoon-guard-occ 0.90 --spillback-on 0.90 --spillback-off 0.80 --spillback-min-halts 3 --spillback-alpha 0.30 --downstream-beta 0.4 --downstream-alpha 0.30,human_light,/home/jakubhomoncik/sumo-traffic-control/logs/ablation/runs/run_0025_20260614_143342/populations/bologna_balanced_low_seed2.yaml,ok,2952.19,/home/jakubhomoncik/sumo-traffic-control/logs/ablation/runs/run_0025_20260614_143342/runs/bologna__balanced__low__seed2__mp_super/vehicle_metrics.csv,1500,194.219333,438.05,478.844667,910.05,303.5752,8.503533,-3354.988958,-4475.686124,1500,1500,0,0.0,137.0,0.0,0.0,0.0,0.0,0.0,0.0,92.0,190.96378,220.0,103.0,103.0,795409.0,95.0,899.0,0.0,584.0,0.0,0.0,9296.797073,76231.649074,69890.492481,8279.906127,3330.0,9238.864523
bologna__balanced__low__seed2__mp_nmin_a120_f4,bologna,bologna,low,1500,0.0,3600.0,balanced,2,mp_nmin_a120_f4,mp,--nmin-dynamic --lost-time-sat-flow 0.50 --nmin-alpha 1.20 --nmin-floor 4 --nmin-min-green 4.0 --nmin-demand-gain 0.40 --nmin-empty-release-seconds 1.5,human_light,/home/jakubhomoncik/sumo-traffic-control/logs/ablation/runs/run_0025_20260614_143342/populations/bologna_balanced_low_seed2.yaml,ok,1585.387,/home/jakubhomoncik/sumo-traffic-control/logs/ablation/runs/run_0025_20260614_143342/runs/bologna__balanced__low__seed2__mp_nmin_a120_f4/vehicle_metrics.csv,1500,402.137333,1634.25,675.79,2058.9,498.80804,8.797332,-2026783.528066,-2028050.928132,1500,1500,0,0.0,3746.0,1057.0,5645.0,0.0,0.0,0.0,0.0,0.0,0.0,0.0,0.0,0.0,0.0,0.0,0.0,0.0,0.0,0.0,0.0,0.0,0.0,0.0,0.0,0.0,0.0
bologna__balanced__low__seed2__mp_fair_mu5_w20,bologna,bologna,low,1500,0.0,3600.0,balanced,2,mp_fair_mu5_w20,mp,--fairness --fairness-mu 5.0 --fairness-w-half 20.0,human_light,/home/jakubhomoncik/sumo-traffic-control/logs/ablation/runs/run_0025_20260614_143342/populations/bologna_balanced_low_seed2.yaml,ok,1480.524,/home/jakubhomoncik/sumo-traffic-control/logs/ablation/runs/run_0025_20260614_143342/runs/bologna__balanced__low__seed2__mp_fair_mu5_w20/vehicle_metrics.csv,1500,357.732,1337.25,626.32,1802.3,449.971033,8.975491,-1318194.970361,-1319407.529108,1500,1500,0,0.0,3805.0,1058.0,0.0,0.0,0.0,0.0,0.0,10729.0,25408.673145,0.0,0.0,0.0,0.0,0.0,0.0,0.0,0.0,0.0,0.0,0.0,0.0,0.0,0.0,0.0,0.0
bologna__balanced__low__seed2__mp_spillback_on90_off80,bologna,bologna,low,1500,0.0,3600.0,balanced,2,mp_spillback_on90_off80,mp,--spillback --spillback-on 0.90 --spillback-off 0.80 --spillback-min-halts 3 --spillback-alpha 0.30,human_light,/home/jakubhomoncik/sumo-traffic-control/logs/ablation/runs/run_0025_20260614_143342/populations/bologna_balanced_low_seed2.yaml,ok,3181.753,/home/jakubhomoncik/sumo-traffic-control/logs/ablation/runs/run_0025_20260614_143342/runs/bologna__balanced__low__seed2__mp_spillback_on90_off80/vehicle_metrics.csv,1500,436.984667,1700.7,708.206667,2133.9,530.81392,8.731082,-2497047.254387,-2498338.417284,1500,1500,0,0.0,3492.0,1082.0,0.0,3.0,3.0,129.0,0.0,0.0,0.0,0.0,0.0,0.0,0.0,0.0,0.0,0.0,0.0,0.0,0.0,0.0,0.0,0.0,0.0,0.0,0.0
bologna__balanced__low__seed2__mp_platoon_x2,bologna,bologna,low,1500,0.0,3600.0,balanced,2,mp_platoon_x2,mp,--platoon-extension --platoon-headway-threshold 2.1 --platoon-gap-out-seconds 2.1 --platoon-max-extra-green 2.0 --platoon-guard-occ 0.90,human_light,/home/jakubhomoncik/sumo-traffic-control/logs/ablation/runs/run_0025_20260614_143342/populations/bologna_balanced_low_seed2.yaml,ok,2409.002,/home/jakubhomoncik/sumo-traffic-control/logs/ablation/runs/run_0025_20260614_143342/runs/bologna__balanced__low__seed2__mp_platoon_x2/vehicle_metrics.csv,1500,374.694,1332.1,645.215333,1794.25,468.295493,8.774076,-1961697.358221,-1962928.083148,1500,1500,0,0.0,3552.0,1082.0,0.0,0.0,0.0,0.0,190.0,0.0,0.0,0.0,0.0,0.0,0.0,0.0,0.0,0.0,0.0,0.0,0.0,0.0,0.0,0.0,0.0,0.0,0.0
bologna__balanced__low__seed2__fixed_program0,bologna,bologna,low,1500,0.0,3600.0,balanced,2,fixed_program0,fixed,--fixed-program-id 0,human_light,/home/jakubhomoncik/sumo-traffic-control/logs/ablation/runs/run_0025_20260614_143342/populations/bologna_balanced_low_seed2.yaml,ok,192.448,/home/jakubhomoncik/sumo-traffic-control/logs/ablation/runs/run_0025_20260614_143342/runs/bologna__balanced__low__seed2__fixed_program0/vehicle_metrics.csv,1500,199.497333,463.05,480.62,941.0,305.362307,8.474914,220.17728,-897.841058,1500,1500,0,0.0,0.0,0.0,0.0,0.0,0.0,0.0,0.0,0.0,0.0,0.0,0.0,0.0,0.0,0.0,0.0,0.0,0.0,0.0,0.0,0.0,0.0,0.0,0.0,0.0,0.0
bologna__balanced__low__seed2__fixed_tuned,bologna,bologna,low,1500,0.0,3600.0,balanced,2,fixed_tuned,fixed,--fixed-program-id 0 --fixed-main-green-seconds 30,human_light,/home/jakubhomoncik/sumo-traffic-control/logs/ablation/runs/run_0025_20260614_143342/populations/bologna_balanced_low_seed2.yaml,ok,220.598,/home/jakubhomoncik/sumo-traffic-control/logs/ablation/runs/run_0025_20260614_143342/runs/bologna__balanced__low__seed2__fixed_tuned/vehicle_metrics.csv,1500,290.055333,666.2,578.196,1122.1,402.946753,7.262909,-2490.594291,-3711.817582,1500,1500,0,0.0,0.0,0.0,0.0,0.0,0.0,0.0,0.0,0.0,0.0,0.0,0.0,0.0,0.0,0.0,0.0,0.0,0.0,0.0,0.0,0.0,0.0,0.0,0.0,0.0,0.0
bologna__skewed__low__seed2__mp_program0,bologna,bologna,low,1500,0.0,3600.0,skewed,2,mp_program0,mp,--program0-hybrid --program0-load-ref 3.5 --program0-enter-mp-load 0.60 --program0-exit-fixed-load 0.40 --program0-mode-streak 4,human_light,/home/jakubhomoncik/sumo-traffic-control/logs/ablation/runs/run_0025_20260614_143342/populations/bologna_skewed_low_seed2.yaml,ok,1027.958,/home/jakubhomoncik/sumo-traffic-control/logs/ablation/runs/run_0025_20260614_143342/runs/bologna__skewed__low__seed2__mp_program0/vehicle_metrics.csv,1500,264.145333,540.05,616.379333,1094.1,410.09512,7.913401,-32190.047244,-33658.741367,1500,1500,0,0.0,43.0,0.0,0.0,0.0,0.0,0.0,0.0,0.0,0.0,0.0,0.0,0.0,0.0,0.0,0.0,0.0,0.0,0.0,0.0,0.0,0.0,0.0,0.0,0.0,0.0
bologna__balanced__low__seed2__mp_super_no_safe,bologna,bologna,low,1500,0.0,3600.0,balanced,2,mp_super_no_safe,mp,--super-router --super-load-ref 3.5 --super-low-load 0.38 --super-program0-exit-load 0.28 --super-high-load 0.62 --super-imbalance-threshold 0.50 --super-wait-imbalance-threshold 0.50 --super-burstiness-threshold 0.10 --super-platoon-threshold 0.50 --super-downstream-threshold 0.97 --super-mode-streak 4 --super-nmin-load 0.72 --super-lta-gain 0.60 --super-lta-sat-flow 0.50 --super-nmin-alpha 1.20 --super-nmin-floor 4 --super-nmin-min-green 4.0 --super-nmin-demand-gain 0.40 --super-nmin-empty-release-seconds 1.5 --fairness-mu 5.0 --fairness-w-half 20.0 --platoon-headway-threshold 2.1 --platoon-gap-out-seconds 2.1 --platoon-max-extra-green 2.0 --platoon-guard-occ 0.90 --spillback-on 0.90 --spillback-off 0.80 --spillback-min-halts 3 --spillback-alpha 0.30 --downstream-beta 0.4 --downstream-alpha 0.30 --super-disable-safe,human_light,/home/jakubhomoncik/sumo-traffic-control/logs/ablation/runs/run_0025_20260614_143342/populations/bologna_balanced_low_seed2.yaml,ok,2921.495,/home/jakubhomoncik/sumo-traffic-control/logs/ablation/runs/run_0025_20260614_143342/runs/bologna__balanced__low__seed2__mp_super_no_safe/vehicle_metrics.csv,1500,194.219333,438.05,478.844667,910.05,303.5752,8.503533,-3354.988958,-4475.686124,1500,1500,0,0.0,137.0,0.0,0.0,0.0,0.0,0.0,0.0,92.0,190.96378,220.0,103.0,103.0,795409.0,95.0,899.0,0.0,584.0,0.0,0.0,9296.797073,76231.649074,69890.492481,8279.906127,3330.0,9238.864523
bologna__skewed__low__seed2__mp_base,bologna,bologna,low,1500,0.0,3600.0,skewed,2,mp_base,mp,,human_light,/home/jakubhomoncik/sumo-traffic-control/logs/ablation/runs/run_0025_20260614_143342/populations/bologna_skewed_low_seed2.yaml,ok,1717.784,/home/jakubhomoncik/sumo-traffic-control/logs/ablation/runs/run_0025_20260614_143342/runs/bologna__skewed__low__seed2__mp_base/vehicle_metrics.csv,1500,619.431333,2193.15,975.172,2758.45,766.993013,7.616294,-2268742.450735,-2270488.203662,1500,1500,0,0.0,3592.0,1126.0,0.0,0.0,0.0,0.0,0.0,0.0,0.0,0.0,0.0,0.0,0.0,0.0,0.0,0.0,0.0,0.0,0.0,0.0,0.0,0.0,0.0,0.0,0.0
bologna__skewed__low__seed2__mp_lta_g060_sf050,bologna,bologna,low,1500,0.0,3600.0,skewed,2,mp_lta_g060_sf050,mp,--lost-time-aware --lost-time-sat-flow 0.50 --lost-time-gain 0.60,human_light,/home/jakubhomoncik/sumo-traffic-control/logs/ablation/runs/run_0025_20260614_143342/populations/bologna_skewed_low_seed2.yaml,ok,1775.87,/home/jakubhomoncik/sumo-traffic-control/logs/ablation/runs/run_0025_20260614_143342/runs/bologna__skewed__low__seed2__mp_lta_g060_sf050/vehicle_metrics.csv,1500,673.369333,2396.35,1037.716,2934.05,828.93548,6.93525,-2955128.809272,-2956937.156538,1500,1500,0,0.0,1811.0,2033.0,0.0,0.0,0.0,0.0,0.0,0.0,0.0,0.0,0.0,0.0,0.0,0.0,0.0,0.0,0.0,0.0,0.0,0.0,0.0,0.0,0.0,0.0,0.0
bologna__skewed__low__seed2__mp_nmin_a120_f4,bologna,bologna,low,1500,0.0,3600.0,skewed,2,mp_nmin_a120_f4,mp,--nmin-dynamic --lost-time-sat-flow 0.50 --nmin-alpha 1.20 --nmin-floor 4 --nmin-min-green 4.0 --nmin-demand-gain 0.40 --nmin-empty-release-seconds 1.5,human_light,/home/jakubhomoncik/sumo-traffic-control/logs/ablation/runs/run_0025_20260614_143342/populations/bologna_skewed_low_seed2.yaml,ok,1799.346,/home/jakubhomoncik/sumo-traffic-control/logs/ablation/runs/run_0025_20260614_143342/runs/bologna__skewed__low__seed2__mp_nmin_a120_f4/vehicle_metrics.csv,1500,681.228667,2491.65,1047.236667,2959.3,838.92772,7.295433,-2424679.712355,-2426502.055795,1500,1500,0,0.0,3888.0,1111.0,6448.0,0.0,0.0,0.0,0.0,0.0,0.0,0.0,0.0,0.0,0.0,0.0,0.0,0.0,0.0,0.0,0.0,0.0,0.0,0.0,0.0,0.0,0.0
bologna__skewed__low__seed2__mp_super,bologna,bologna,low,1500,0.0,3600.0,skewed,2,mp_super,mp,--super-router --super-load-ref 3.5 --super-low-load 0.38 --super-program0-exit-load 0.28 --super-high-load 0.62 --super-imbalance-threshold 0.50 --super-wait-imbalance-threshold 0.50 --super-burstiness-threshold 0.10 --super-platoon-threshold 0.50 --super-downstream-threshold 0.97 --super-mode-streak 4 --super-nmin-load 0.72 --super-lta-gain 0.60 --super-lta-sat-flow 0.50 --super-nmin-alpha 1.20 --super-nmin-floor 4 --super-nmin-min-green 4.0 --super-nmin-demand-gain 0.40 --super-nmin-empty-release-seconds 1.5 --fairness-mu 5.0 --fairness-w-half 20.0 --platoon-headway-threshold 2.1 --platoon-gap-out-seconds 2.1 --platoon-max-extra-green 2.0 --platoon-guard-occ 0.90 --spillback-on 0.90 --spillback-off 0.80 --spillback-min-halts 3 --spillback-alpha 0.30 --downstream-beta 0.4 --downstream-alpha 0.30,human_light,/home/jakubhomoncik/sumo-traffic-control/logs/ablation/runs/run_0025_20260614_143342/populations/bologna_skewed_low_seed2.yaml,ok,3023.786,/home/jakubhomoncik/sumo-traffic-control/logs/ablation/runs/run_0025_20260614_143342/runs/bologna__skewed__low__seed2__mp_super/vehicle_metrics.csv,1500,238.64,483.0,596.174,1077.1,389.90894,8.159488,718.879311,-736.879889,1500,1500,0,0.0,150.0,0.0,0.0,0.0,0.0,0.0,0.0,1.0,1.666667,417.0,197.0,197.0,811083.0,366.0,1518.0,13.0,15.0,0.0,0.0,10841.817766,84773.64027,76036.50487,9249.54271,4224.0,9557.576721
bologna__skewed__low__seed2__mp_fair_mu5_w20,bologna,bologna,low,1500,0.0,3600.0,skewed,2,mp_fair_mu5_w20,mp,--fairness --fairness-mu 5.0 --fairness-w-half 20.0,human_light,/home/jakubhomoncik/sumo-traffic-control/logs/ablation/runs/run_0025_20260614_143342/populations/bologna_skewed_low_seed2.yaml,ok,1847.424,/home/jakubhomoncik/sumo-traffic-control/logs/ablation/runs/run_0025_20260614_143342/runs/bologna__skewed__low__seed2__mp_fair_mu5_w20/vehicle_metrics.csv,1500,520.772667,1784.25,874.975333,2334.0,667.848647,7.753174,-1054832.147014,-1056487.450944,1500,1500,0,0.0,3816.0,1129.0,0.0,0.0,0.0,0.0,0.0,9318.0,20145.035058,0.0,0.0,0.0,0.0,0.0,0.0,0.0,0.0,0.0,0.0,0.0,0.0,0.0,0.0,0.0,0.0
bologna__skewed__low__seed2__mp_spillback_on90_off80,bologna,bologna,low,1500,0.0,3600.0,skewed,2,mp_spillback_on90_off80,mp,--spillback --spillback-on 0.90 --spillback-off 0.80 --spillback-min-halts 3 --spillback-alpha 0.30,human_light,/home/jakubhomoncik/sumo-traffic-control/logs/ablation/runs/run_0025_20260614_143342/populations/bologna_skewed_low_seed2.yaml,ok,3342.859,/home/jakubhomoncik/sumo-traffic-control/logs/ablation/runs/run_0025_20260614_143342/runs/bologna__skewed__low__seed2__mp_spillback_on90_off80/vehicle_metrics.csv,1500,631.278667,2354.1,991.852,2910.15,782.852827,7.492967,-3205022.730328,-3206783.744794,1500,1500,0,0.0,3669.0,1136.0,0.0,15.0,15.0,1714.0,0.0,0.0,0.0,0.0,0.0,0.0,0.0,0.0,0.0,0.0,0.0,0.0,0.0,0.0,0.0,0.0,0.0,0.0,0.0
bologna__skewed__low__seed2__fixed_program0,bologna,bologna,low,1500,0.0,3600.0,skewed,2,fixed_program0,fixed,--fixed-program-id 0,human_light,/home/jakubhomoncik/sumo-traffic-control/logs/ablation/runs/run_0025_20260614_143342/populations/bologna_skewed_low_seed2.yaml,ok,294.782,/home/jakubhomoncik/sumo-traffic-control/logs/ablation/runs/run_0025_20260614_143342/runs/bologna__skewed__low__seed2__fixed_program0/vehicle_metrics.csv,1500,392.079333,1335.6,770.565333,2087.05,564.277933,7.353136,-35551.825222,-37167.555567,1500,1500,0,0.0,0.0,0.0,0.0,0.0,0.0,0.0,0.0,0.0,0.0,0.0,0.0,0.0,0.0,0.0,0.0,0.0,0.0,0.0,0.0,0.0,0.0,0.0,0.0,0.0,0.0
bologna__skewed__low__seed2__mp_platoon_x2,bologna,bologna,low,1500,0.0,3600.0,skewed,2,mp_platoon_x2,mp,--platoon-extension --platoon-headway-threshold 2.1 --platoon-gap-out-seconds 2.1 --platoon-max-extra-green 2.0 --platoon-guard-occ 0.90,human_light,/home/jakubhomoncik/sumo-traffic-control/logs/ablation/runs/run_0025_20260614_143342/populations/bologna_skewed_low_seed2.yaml,ok,2993.401,/home/jakubhomoncik/sumo-traffic-control/logs/ablation/runs/run_0025_20260614_143342/runs/bologna__skewed__low__seed2__mp_platoon_x2/vehicle_metrics.csv,1500,607.043333,2295.5,961.737333,2839.2,752.762107,7.696408,-3158533.532161,-3160267.772229,1500,1500,0,0.0,3597.0,1122.0,0.0,0.0,0.0,0.0,274.0,0.0,0.0,0.0,0.0,0.0,0.0,0.0,0.0,0.0,0.0,0.0,0.0,0.0,0.0,0.0,0.0,0.0,0.0
bologna__skewed__low__seed2__fixed_tuned,bologna,bologna,low,1500,0.0,3600.0,skewed,2,fixed_tuned,fixed,--fixed-program-id 0 --fixed-main-green-seconds 30,human_light,/home/jakubhomoncik/sumo-traffic-control/logs/ablation/runs/run_0025_20260614_143342/populations/bologna_skewed_low_seed2.yaml,ok,317.369,/home/jakubhomoncik/sumo-traffic-control/logs/ablation/runs/run_0025_20260614_143342/runs/bologna__skewed__low__seed2__fixed_tuned/vehicle_metrics.csv,1500,459.077333,1337.6,843.832,2053.05,637.570127,6.47727,-336.583849,-2046.871137,1500,1500,0,0.0,0.0,0.0,0.0,0.0,0.0,0.0,0.0,0.0,0.0,0.0,0.0,0.0,0.0,0.0,0.0,0.0,0.0,0.0,0.0,0.0,0.0,0.0,0.0,0.0,0.0
bologna__skewed__low__seed2__mp_super_no_safe,bologna,bologna,low,1500,0.0,3600.0,skewed,2,mp_super_no_safe,mp,--super-router --super-load-ref 3.5 --super-low-load 0.38 --super-program0-exit-load 0.28 --super-high-load 0.62 --super-imbalance-threshold 0.50 --super-wait-imbalance-threshold 0.50 --super-burstiness-threshold 0.10 --super-platoon-threshold 0.50 --super-downstream-threshold 0.97 --super-mode-streak 4 --super-nmin-load 0.72 --super-lta-gain 0.60 --super-lta-sat-flow 0.50 --super-nmin-alpha 1.20 --super-nmin-floor 4 --super-nmin-min-green 4.0 --super-nmin-demand-gain 0.40 --super-nmin-empty-release-seconds 1.5 --fairness-mu 5.0 --fairness-w-half 20.0 --platoon-headway-threshold 2.1 --platoon-gap-out-seconds 2.1 --platoon-max-extra-green 2.0 --platoon-guard-occ 0.90 --spillback-on 0.90 --spillback-off 0.80 --spillback-min-halts 3 --spillback-alpha 0.30 --downstream-beta 0.4 --downstream-alpha 0.30 --super-disable-safe,human_light,/home/jakubhomoncik/sumo-traffic-control/logs/ablation/runs/run_0025_20260614_143342/populations/bologna_skewed_low_seed2.yaml,ok,3044.139,/home/jakubhomoncik/sumo-traffic-control/logs/ablation/runs/run_0025_20260614_143342/runs/bologna__skewed__low__seed2__mp_super_no_safe/vehicle_metrics.csv,1500,238.64,483.0,596.174,1077.1,389.90894,8.159488,718.879311,-736.879889,1500,1500,0,0.0,150.0,0.0,0.0,0.0,0.0,0.0,0.0,1.0,1.666667,417.0,197.0,197.0,811083.0,366.0,1518.0,13.0,15.0,0.0,0.0,10841.817766,84773.64027,76036.50487,9249.54271,4224.0,9557.576721
bologna__peak__low__seed2__mp_program0,bologna,bologna,low,1500,0.0,3600.0,peak,2,mp_program0,mp,--program0-hybrid --program0-load-ref 3.5 --program0-enter-mp-load 0.60 --program0-exit-fixed-load 0.40 --program0-mode-streak 4,human_light,/home/jakubhomoncik/sumo-traffic-control/logs/ablation/runs/run_0025_20260614_143342/populations/bologna_peak_low_seed2.yaml,ok,1128.585,/home/jakubhomoncik/sumo-traffic-control/logs/ablation/runs/run_0025_20260614_143342/runs/bologna__peak__low__seed2__mp_program0/vehicle_metrics.csv,1500,354.808,980.2,752.478,1774.0,548.74648,7.199321,-22735.82267,-24304.7713,1500,1500,0,0.0,125.0,0.0,0.0,0.0,0.0,0.0,0.0,0.0,0.0,0.0,0.0,0.0,0.0,0.0,0.0,0.0,0.0,0.0,0.0,0.0,0.0,0.0,0.0,0.0,0.0
bologna__peak__low__seed2__mp_base,bologna,bologna,low,1500,0.0,3600.0,peak,2,mp_base,mp,,human_light,/home/jakubhomoncik/sumo-traffic-control/logs/ablation/runs/run_0025_20260614_143342/populations/bologna_peak_low_seed2.yaml,ok,1612.519,/home/jakubhomoncik/sumo-traffic-control/logs/ablation/runs/run_0025_20260614_143342/runs/bologna__peak__low__seed2__mp_base/vehicle_metrics.csv,1500,704.264667,2168.0,1090.277333,2862.15,884.934887,6.961135,-1977958.819592,-1979810.992172,1500,1500,0,0.0,3346.0,889.0,0.0,0.0,0.0,0.0,0.0,0.0,0.0,0.0,0.0,0.0,0.0,0.0,0.0,0.0,0.0,0.0,0.0,0.0,0.0,0.0,0.0,0.0,0.0
bologna__peak__low__seed2__mp_lta_g060_sf050,bologna,bologna,low,1500,0.0,3600.0,peak,2,mp_lta_g060_sf050,mp,--lost-time-aware --lost-time-sat-flow 0.50 --lost-time-gain 0.60,human_light,/home/jakubhomoncik/sumo-traffic-control/logs/ablation/runs/run_0025_20260614_143342/populations/bologna_peak_low_seed2.yaml,ok,1817.687,/home/jakubhomoncik/sumo-traffic-control/logs/ablation/runs/run_0025_20260614_143342/runs/bologna__peak__low__seed2__mp_lta_g060_sf050/vehicle_metrics.csv,1500,749.346,2241.25,1136.434667,2886.7,930.638853,6.39189,-2524041.784505,-2525957.399768,1500,1500,0,0.0,1789.0,1741.0,0.0,0.0,0.0,0.0,0.0,0.0,0.0,0.0,0.0,0.0,0.0,0.0,0.0,0.0,0.0,0.0,0.0,0.0,0.0,0.0,0.0,0.0,0.0
bologna__peak__low__seed2__mp_nmin_a120_f4,bologna,bologna,low,1500,0.0,3600.0,peak,2,mp_nmin_a120_f4,mp,--nmin-dynamic --lost-time-sat-flow 0.50 --nmin-alpha 1.20 --nmin-floor 4 --nmin-min-green 4.0 --nmin-demand-gain 0.40 --nmin-empty-release-seconds 1.5,human_light,/home/jakubhomoncik/sumo-traffic-control/logs/ablation/runs/run_0025_20260614_143342/populations/bologna_peak_low_seed2.yaml,ok,1912.948,/home/jakubhomoncik/sumo-traffic-control/logs/ablation/runs/run_0025_20260614_143342/runs/bologna__peak__low__seed2__mp_nmin_a120_f4/vehicle_metrics.csv,1500,784.112667,2426.2,1181.368,2994.85,975.498533,6.692933,-2594852.365064,-2596806.099732,1500,1500,0,0.0,3669.0,879.0,6269.0,0.0,0.0,0.0,0.0,0.0,0.0,0.0,0.0,0.0,0.0,0.0,0.0,0.0,0.0,0.0,0.0,0.0,0.0,0.0,0.0,0.0,0.0
bologna__peak__low__seed2__mp_super,bologna,bologna,low,1500,0.0,3600.0,peak,2,mp_super,mp,--super-router --super-load-ref 3.5 --super-low-load 0.38 --super-program0-exit-load 0.28 --super-high-load 0.62 --super-imbalance-threshold 0.50 --super-wait-imbalance-threshold 0.50 --super-burstiness-threshold 0.10 --super-platoon-threshold 0.50 --super-downstream-threshold 0.97 --super-mode-streak 4 --super-nmin-load 0.72 --super-lta-gain 0.60 --super-lta-sat-flow 0.50 --super-nmin-alpha 1.20 --super-nmin-floor 4 --super-nmin-min-green 4.0 --super-nmin-demand-gain 0.40 --super-nmin-empty-release-seconds 1.5 --fairness-mu 5.0 --fairness-w-half 20.0 --platoon-headway-threshold 2.1 --platoon-gap-out-seconds 2.1 --platoon-max-extra-green 2.0 --platoon-guard-occ 0.90 --spillback-on 0.90 --spillback-off 0.80 --spillback-min-halts 3 --spillback-alpha 0.30 --downstream-beta 0.4 --downstream-alpha 0.30,human_light,/home/jakubhomoncik/sumo-traffic-control/logs/ablation/runs/run_0025_20260614_143342/populations/bologna_peak_low_seed2.yaml,ok,3416.016,/home/jakubhomoncik/sumo-traffic-control/logs/ablation/runs/run_0025_20260614_143342/runs/bologna__peak__low__seed2__mp_super/vehicle_metrics.csv,1500,352.71,980.2,756.99,1750.05,553.298673,7.117707,-12704.563213,-14280.061087,1500,1500,0,0.0,296.0,0.0,0.0,2.0,1.0,22.0,0.0,7.0,20.248399,766.0,316.0,316.0,903269.0,1392.0,2880.0,145.0,45.0,0.0,56.0,12654.76954,79365.421417,69696.921503,8321.920429,4297.0,11601.601547
bologna__peak__low__seed2__mp_fair_mu5_w20,bologna,bologna,low,1500,0.0,3600.0,peak,2,mp_fair_mu5_w20,mp,--fairness --fairness-mu 5.0 --fairness-w-half 20.0,human_light,/home/jakubhomoncik/sumo-traffic-control/logs/ablation/runs/run_0025_20260614_143342/populations/bologna_peak_low_seed2.yaml,ok,1822.95,/home/jakubhomoncik/sumo-traffic-control/logs/ablation/runs/run_0025_20260614_143342/runs/bologna__peak__low__seed2__mp_fair_mu5_w20/vehicle_metrics.csv,1500,771.187333,2284.05,1162.778,3037.75,956.945693,6.787761,-2566252.133538,-2568183.59678,1500,1500,0,0.0,3676.0,902.0,0.0,0.0,0.0,0.0,0.0,13711.0,38169.038051,0.0,0.0,0.0,0.0,0.0,0.0,0.0,0.0,0.0,0.0,0.0,0.0,0.0,0.0,0.0,0.0
bologna__peak__low__seed2__mp_spillback_on90_off80,bologna,bologna,low,1500,0.0,3600.0,peak,2,mp_spillback_on90_off80,mp,--spillback --spillback-on 0.90 --spillback-off 0.80 --spillback-min-halts 3 --spillback-alpha 0.30,human_light,/home/jakubhomoncik/sumo-traffic-control/logs/ablation/runs/run_0025_20260614_143342/populations/bologna_peak_low_seed2.yaml,ok,3249.101,/home/jakubhomoncik/sumo-traffic-control/logs/ablation/runs/run_0025_20260614_143342/runs/bologna__peak__low__seed2__mp_spillback_on90_off80/vehicle_metrics.csv,1500,822.958,2598.15,1211.95,3308.45,1005.274487,6.752383,-3544711.520716,-3546695.271632,1500,1500,0,0.0,3377.0,928.0,0.0,31.0,31.0,2615.0,0.0,0.0,0.0,0.0,0.0,0.0,0.0,0.0,0.0,0.0,0.0,0.0,0.0,0.0,0.0,0.0,0.0,0.0,0.0
bologna__peak__low__seed2__fixed_program0,bologna,bologna,low,1500,0.0,3600.0,peak,2,fixed_program0,fixed,--fixed-program-id 0,human_light,/home/jakubhomoncik/sumo-traffic-control/logs/ablation/runs/run_0025_20260614_143342/populations/bologna_peak_low_seed2.yaml,ok,365.929,/home/jakubhomoncik/sumo-traffic-control/logs/ablation/runs/run_0025_20260614_143342/runs/bologna__peak__low__seed2__fixed_program0/vehicle_metrics.csv,1500,566.124667,2455.1,982.644,3225.0,778.50442,6.773269,-509860.477479,-511669.034555,1500,1500,0,0.0,0.0,0.0,0.0,0.0,0.0,0.0,0.0,0.0,0.0,0.0,0.0,0.0,0.0,0.0,0.0,0.0,0.0,0.0,0.0,0.0,0.0,0.0,0.0,0.0,0.0
bologna__peak__low__seed2__fixed_tuned,bologna,bologna,low,1500,0.0,3600.0,peak,2,fixed_tuned,fixed,--fixed-program-id 0 --fixed-main-green-seconds 30,human_light,/home/jakubhomoncik/sumo-traffic-control/logs/ablation/runs/run_0025_20260614_143342/populations/bologna_peak_low_seed2.yaml,ok,407.604,/home/jakubhomoncik/sumo-traffic-control/logs/ablation/runs/run_0025_20260614_143342/runs/bologna__peak__low__seed2__fixed_tuned/vehicle_metrics.csv,1500,684.052667,2477.65,1112.342,3306.2,908.558773,5.575366,-110934.039531,-112884.867323,1500,1500,0,0.0,0.0,0.0,0.0,0.0,0.0,0.0,0.0,0.0,0.0,0.0,0.0,0.0,0.0,0.0,0.0,0.0,0.0,0.0,0.0,0.0,0.0,0.0,0.0,0.0,0.0
bologna__peak__low__seed2__mp_platoon_x2,bologna,bologna,low,1500,0.0,3600.0,peak,2,mp_platoon_x2,mp,--platoon-extension --platoon-headway-threshold 2.1 --platoon-gap-out-seconds 2.1 --platoon-max-extra-green 2.0 --platoon-guard-occ 0.90,human_light,/home/jakubhomoncik/sumo-traffic-control/logs/ablation/runs/run_0025_20260614_143342/populations/bologna_peak_low_seed2.yaml,ok,3317.805,/home/jakubhomoncik/sumo-traffic-control/logs/ablation/runs/run_0025_20260614_143342/runs/bologna__peak__low__seed2__mp_platoon_x2/vehicle_metrics.csv,1500,754.574,2246.35,1142.188,2954.05,936.111907,6.910202,-2849027.338694,-2850943.137268,1500,1500,0,0.0,3362.0,925.0,0.0,0.0,0.0,0.0,277.0,0.0,0.0,0.0,0.0,0.0,0.0,0.0,0.0,0.0,0.0,0.0,0.0,0.0,0.0,0.0,0.0,0.0,0.0
bologna__peak__low__seed2__mp_super_no_safe,bologna,bologna,low,1500,0.0,3600.0,peak,2,mp_super_no_safe,mp,--super-router --super-load-ref 3.5 --super-low-load 0.38 --super-program0-exit-load 0.28 --super-high-load 0.62 --super-imbalance-threshold 0.50 --super-wait-imbalance-threshold 0.50 --super-burstiness-threshold 0.10 --super-platoon-threshold 0.50 --super-downstream-threshold 0.97 --super-mode-streak 4 --super-nmin-load 0.72 --super-lta-gain 0.60 --super-lta-sat-flow 0.50 --super-nmin-alpha 1.20 --super-nmin-floor 4 --super-nmin-min-green 4.0 --super-nmin-demand-gain 0.40 --super-nmin-empty-release-seconds 1.5 --fairness-mu 5.0 --fairness-w-half 20.0 --platoon-headway-threshold 2.1 --platoon-gap-out-seconds 2.1 --platoon-max-extra-green 2.0 --platoon-guard-occ 0.90 --spillback-on 0.90 --spillback-off 0.80 --spillback-min-halts 3 --spillback-alpha 0.30 --downstream-beta 0.4 --downstream-alpha 0.30 --super-disable-safe,human_light,/home/jakubhomoncik/sumo-traffic-control/logs/ablation/runs/run_0025_20260614_143342/populations/bologna_peak_low_seed2.yaml,ok,3727.369,/home/jakubhomoncik/sumo-traffic-control/logs/ablation/runs/run_0025_20260614_143342/runs/bologna__peak__low__seed2__mp_super_no_safe/vehicle_metrics.csv,1500,361.058,993.05,763.598,1727.15,559.902033,7.068176,-12691.379468,-14275.802047,1500,1500,0,0.0,284.0,0.0,0.0,0.0,0.0,0.0,0.0,8.0,16.225011,774.0,322.0,322.0,879455.0,1451.0,2938.0,332.0,56.0,4.0,0.0,12825.475923,79787.937014,69763.75012,8266.489832,4255.0,11633.980425
bologna__balanced__low__seed3__mp_program0,bologna,bologna,low,1500,0.0,3600.0,balanced,3,mp_program0,mp,--program0-hybrid --program0-load-ref 3.5 --program0-enter-mp-load 0.60 --program0-exit-fixed-load 0.40 --program0-mode-streak 4,human_light,/home/jakubhomoncik/sumo-traffic-control/logs/ablation/runs/run_0025_20260614_143342/populations/bologna_balanced_low_seed3.yaml,ok,965.103,/home/jakubhomoncik/sumo-traffic-control/logs/ablation/runs/run_0025_20260614_143342/runs/bologna__balanced__low__seed3__mp_program0/vehicle_metrics.csv,1500,189.058667,436.0,466.722667,904.2,292.448647,8.687622,-4151.630742,-5217.493732,1500,1500,0,0.0,30.0,0.0,0.0,0.0,0.0,0.0,0.0,0.0,0.0,0.0,0.0,0.0,0.0,0.0,0.0,0.0,0.0,0.0,0.0,0.0,0.0,0.0,0.0,0.0,0.0
bologna__balanced__low__seed3__mp_base,bologna,bologna,low,1500,0.0,3600.0,balanced,3,mp_base,mp,,human_light,/home/jakubhomoncik/sumo-traffic-control/logs/ablation/runs/run_0025_20260614_143342/populations/bologna_balanced_low_seed3.yaml,ok,1661.742,/home/jakubhomoncik/sumo-traffic-control/logs/ablation/runs/run_0025_20260614_143342/runs/bologna__balanced__low__seed3__mp_base/vehicle_metrics.csv,1500,400.688667,1675.45,673.492667,2082.2,498.149413,8.792884,-1296712.537357,-1297929.987034,1500,1500,0,0.0,3606.0,1139.0,0.0,0.0,0.0,0.0,0.0,0.0,0.0,0.0,0.0,0.0,0.0,0.0,0.0,0.0,0.0,0.0,0.0,0.0,0.0,0.0,0.0,0.0,0.0
bologna__balanced__low__seed3__mp_lta_g060_sf050,bologna,bologna,low,1500,0.0,3600.0,balanced,3,mp_lta_g060_sf050,mp,--lost-time-aware --lost-time-sat-flow 0.50 --lost-time-gain 0.60,human_light,/home/jakubhomoncik/sumo-traffic-control/logs/ablation/runs/run_0025_20260614_143342/populations/bologna_balanced_low_seed3.yaml,ok,1500.03,/home/jakubhomoncik/sumo-traffic-control/logs/ablation/runs/run_0025_20260614_143342/runs/bologna__balanced__low__seed3__mp_lta_g060_sf050/vehicle_metrics.csv,1500,367.541333,1267.95,637.91,1690.0,461.900213,8.326676,-2043385.440413,-2044559.322692,1500,1500,0,0.0,1790.0,1975.0,0.0,0.0,0.0,0.0,0.0,0.0,0.0,0.0,0.0,0.0,0.0,0.0,0.0,0.0,0.0,0.0,0.0,0.0,0.0,0.0,0.0,0.0,0.0
bologna__balanced__low__seed3__mp_nmin_a120_f4,bologna,bologna,low,1500,0.0,3600.0,balanced,3,mp_nmin_a120_f4,mp,--nmin-dynamic --lost-time-sat-flow 0.50 --nmin-alpha 1.20 --nmin-floor 4 --nmin-min-green 4.0 --nmin-demand-gain 0.40 --nmin-empty-release-seconds 1.5,human_light,/home/jakubhomoncik/sumo-traffic-control/logs/ablation/runs/run_0025_20260614_143342/populations/bologna_balanced_low_seed3.yaml,ok,1440.82,/home/jakubhomoncik/sumo-traffic-control/logs/ablation/runs/run_0025_20260614_143342/runs/bologna__balanced__low__seed3__mp_nmin_a120_f4/vehicle_metrics.csv,1500,378.598667,1474.0,646.823333,1900.15,470.606607,8.961257,-2288922.705506,-2290090.910096,1500,1500,0,0.0,3811.0,1115.0,5753.0,0.0,0.0,0.0,0.0,0.0,0.0,0.0,0.0,0.0,0.0,0.0,0.0,0.0,0.0,0.0,0.0,0.0,0.0,0.0,0.0,0.0,0.0
bologna__balanced__low__seed3__mp_super,bologna,bologna,low,1500,0.0,3600.0,balanced,3,mp_super,mp,--super-router --super-load-ref 3.5 --super-low-load 0.38 --super-program0-exit-load 0.28 --super-high-load 0.62 --super-imbalance-threshold 0.50 --super-wait-imbalance-threshold 0.50 --super-burstiness-threshold 0.10 --super-platoon-threshold 0.50 --super-downstream-threshold 0.97 --super-mode-streak 4 --super-nmin-load 0.72 --super-lta-gain 0.60 --super-lta-sat-flow 0.50 --super-nmin-alpha 1.20 --super-nmin-floor 4 --super-nmin-min-green 4.0 --super-nmin-demand-gain 0.40 --super-nmin-empty-release-seconds 1.5 --fairness-mu 5.0 --fairness-w-half 20.0 --platoon-headway-threshold 2.1 --platoon-gap-out-seconds 2.1 --platoon-max-extra-green 2.0 --platoon-guard-occ 0.90 --spillback-on 0.90 --spillback-off 0.80 --spillback-min-halts 3 --spillback-alpha 0.30 --downstream-beta 0.4 --downstream-alpha 0.30,human_light,/home/jakubhomoncik/sumo-traffic-control/logs/ablation/runs/run_0025_20260614_143342/populations/bologna_balanced_low_seed3.yaml,ok,3620.2,/home/jakubhomoncik/sumo-traffic-control/logs/ablation/runs/run_0025_20260614_143342/runs/bologna__balanced__low__seed3__mp_super/vehicle_metrics.csv,1500,218.688667,445.0,499.599333,946.15,325.129987,8.625176,-240311.422454,-241420.201404,1500,1500,0,0.0,172.0,0.0,0.0,0.0,0.0,0.0,0.0,209.0,421.273946,148.0,68.0,68.0,983830.0,85.0,806.0,0.0,1365.0,0.0,0.0,10341.999975,77856.711263,72935.73899,8114.958036,2956.0,10885.085308
bologna__balanced__low__seed3__mp_fair_mu5_w20,bologna,bologna,low,1500,0.0,3600.0,balanced,3,mp_fair_mu5_w20,mp,--fairness --fairness-mu 5.0 --fairness-w-half 20.0,human_light,/home/jakubhomoncik/sumo-traffic-control/logs/ablation/runs/run_0025_20260614_143342/populations/bologna_balanced_low_seed3.yaml,ok,1564.082,/home/jakubhomoncik/sumo-traffic-control/logs/ablation/runs/run_0025_20260614_143342/runs/bologna__balanced__low__seed3__mp_fair_mu5_w20/vehicle_metrics.csv,1500,375.796667,1552.05,644.804,1941.2,469.449453,8.948954,-1308934.31177,-1310116.092145,1500,1500,0,0.0,3756.0,1096.0,0.0,0.0,0.0,0.0,0.0,8161.0,15967.567263,0.0,0.0,0.0,0.0,0.0,0.0,0.0,0.0,0.0,0.0,0.0,0.0,0.0,0.0,0.0,0.0
bologna__balanced__low__seed3__mp_spillback_on90_off80,bologna,bologna,low,1500,0.0,3600.0,balanced,3,mp_spillback_on90_off80,mp,--spillback --spillback-on 0.90 --spillback-off 0.80 --spillback-min-halts 3 --spillback-alpha 0.30,human_light,/home/jakubhomoncik/sumo-traffic-control/logs/ablation/runs/run_0025_20260614_143342/populations/bologna_balanced_low_seed3.yaml,ok,2960.761,/home/jakubhomoncik/sumo-traffic-control/logs/ablation/runs/run_0025_20260614_143342/runs/bologna__balanced__low__seed3__mp_spillback_on90_off80/vehicle_metrics.csv,1500,397.410667,1640.15,670.122667,2057.1,494.499613,8.815731,-1614545.659397,-1615759.366534,1500,1500,0,0.0,3574.0,1105.0,0.0,9.0,9.0,559.0,0.0,0.0,0.0,0.0,0.0,0.0,0.0,0.0,0.0,0.0,0.0,0.0,0.0,0.0,0.0,0.0,0.0,0.0,0.0
bologna__balanced__low__seed3__fixed_program0,bologna,bologna,low,1500,0.0,3600.0,balanced,3,fixed_program0,fixed,--fixed-program-id 0,human_light,/home/jakubhomoncik/sumo-traffic-control/logs/ablation/runs/run_0025_20260614_143342/populations/bologna_balanced_low_seed3.yaml,ok,188.694,/home/jakubhomoncik/sumo-traffic-control/logs/ablation/runs/run_0025_20260614_143342/runs/bologna__balanced__low__seed3__fixed_program0/vehicle_metrics.csv,1500,199.229333,469.05,475.436,941.35,301.1509,8.61395,-7723.345655,-8794.22772,1500,1500,0,0.0,0.0,0.0,0.0,0.0,0.0,0.0,0.0,0.0,0.0,0.0,0.0,0.0,0.0,0.0,0.0,0.0,0.0,0.0,0.0,0.0,0.0,0.0,0.0,0.0,0.0
bologna__balanced__low__seed3__fixed_tuned,bologna,bologna,low,1500,0.0,3600.0,balanced,3,fixed_tuned,fixed,--fixed-program-id 0 --fixed-main-green-seconds 30,human_light,/home/jakubhomoncik/sumo-traffic-control/logs/ablation/runs/run_0025_20260614_143342/populations/bologna_balanced_low_seed3.yaml,ok,219.306,/home/jakubhomoncik/sumo-traffic-control/logs/ablation/runs/run_0025_20260614_143342/runs/bologna__balanced__low__seed3__fixed_tuned/vehicle_metrics.csv,1500,280.314667,628.05,561.986667,1086.05,387.703313,7.345312,-9732.248289,-10896.884703,1500,1500,0,0.0,0.0,0.0,0.0,0.0,0.0,0.0,0.0,0.0,0.0,0.0,0.0,0.0,0.0,0.0,0.0,0.0,0.0,0.0,0.0,0.0,0.0,0.0,0.0,0.0,0.0
bologna__balanced__low__seed3__mp_platoon_x2,bologna,bologna,low,1500,0.0,3600.0,balanced,3,mp_platoon_x2,mp,--platoon-extension --platoon-headway-threshold 2.1 --platoon-gap-out-seconds 2.1 --platoon-max-extra-green 2.0 --platoon-guard-occ 0.90,human_light,/home/jakubhomoncik/sumo-traffic-control/logs/ablation/runs/run_0025_20260614_143342/populations/bologna_balanced_low_seed3.yaml,ok,2873.396,/home/jakubhomoncik/sumo-traffic-control/logs/ablation/runs/run_0025_20260614_143342/runs/bologna__balanced__low__seed3__mp_platoon_x2/vehicle_metrics.csv,1500,458.636,1860.8,735.75,2427.25,558.7202,8.682292,-3188561.118948,-3189835.759874,1500,1500,0,0.0,3525.0,1127.0,0.0,0.0,0.0,0.0,195.0,0.0,0.0,0.0,0.0,0.0,0.0,0.0,0.0,0.0,0.0,0.0,0.0,0.0,0.0,0.0,0.0,0.0,0.0
bologna__skewed__low__seed3__mp_program0,bologna,bologna,low,1500,0.0,3600.0,skewed,3,mp_program0,mp,--program0-hybrid --program0-load-ref 3.5 --program0-enter-mp-load 0.60 --program0-exit-fixed-load 0.40 --program0-mode-streak 4,human_light,/home/jakubhomoncik/sumo-traffic-control/logs/ablation/runs/run_0025_20260614_143342/populations/bologna_skewed_low_seed3.yaml,ok,1076.232,/home/jakubhomoncik/sumo-traffic-control/logs/ablation/runs/run_0025_20260614_143342/runs/bologna__skewed__low__seed3__mp_program0/vehicle_metrics.csv,1500,281.917333,624.05,643.275333,1226.1,435.59538,7.845949,-7190.20112,-8622.0244,1500,1500,0,0.0,83.0,0.0,0.0,0.0,0.0,0.0,0.0,0.0,0.0,0.0,0.0,0.0,0.0,0.0,0.0,0.0,0.0,0.0,0.0,0.0,0.0,0.0,0.0,0.0,0.0
bologna__skewed__low__seed3__mp_base,bologna,bologna,low,1500,0.0,3600.0,skewed,3,mp_base,mp,,human_light,/home/jakubhomoncik/sumo-traffic-control/logs/ablation/runs/run_0025_20260614_143342/populations/bologna_skewed_low_seed3.yaml,ok,2059.774,/home/jakubhomoncik/sumo-traffic-control/logs/ablation/runs/run_0025_20260614_143342/runs/bologna__skewed__low__seed3__mp_base/vehicle_metrics.csv,1500,802.968,2675.4,1175.991333,3267.25,964.754293,7.221258,-4176935.174536,-4178818.918273,1500,1500,0,0.0,3571.0,1199.0,0.0,0.0,0.0,0.0,0.0,0.0,0.0,0.0,0.0,0.0,0.0,0.0,0.0,0.0,0.0,0.0,0.0,0.0,0.0,0.0,0.0,0.0,0.0
bologna__balanced__low__seed3__mp_super_no_safe,bologna,bologna,low,1500,0.0,3600.0,balanced,3,mp_super_no_safe,mp,--super-router --super-load-ref 3.5 --super-low-load 0.38 --super-program0-exit-load 0.28 --super-high-load 0.62 --super-imbalance-threshold 0.50 --super-wait-imbalance-threshold 0.50 --super-burstiness-threshold 0.10 --super-platoon-threshold 0.50 --super-downstream-threshold 0.97 --super-mode-streak 4 --super-nmin-load 0.72 --super-lta-gain 0.60 --super-lta-sat-flow 0.50 --super-nmin-alpha 1.20 --super-nmin-floor 4 --super-nmin-min-green 4.0 --super-nmin-demand-gain 0.40 --super-nmin-empty-release-seconds 1.5 --fairness-mu 5.0 --fairness-w-half 20.0 --platoon-headway-threshold 2.1 --platoon-gap-out-seconds 2.1 --platoon-max-extra-green 2.0 --platoon-guard-occ 0.90 --spillback-on 0.90 --spillback-off 0.80 --spillback-min-halts 3 --spillback-alpha 0.30 --downstream-beta 0.4 --downstream-alpha 0.30 --super-disable-safe,human_light,/home/jakubhomoncik/sumo-traffic-control/logs/ablation/runs/run_0025_20260614_143342/populations/bologna_balanced_low_seed3.yaml,ok,3580.446,/home/jakubhomoncik/sumo-traffic-control/logs/ablation/runs/run_0025_20260614_143342/runs/bologna__balanced__low__seed3__mp_super_no_safe/vehicle_metrics.csv,1500,218.688667,445.0,499.599333,946.15,325.129987,8.625176,-240311.422454,-241420.201404,1500,1500,0,0.0,172.0,0.0,0.0,0.0,0.0,0.0,0.0,209.0,421.273946,148.0,68.0,68.0,983830.0,85.0,806.0,0.0,1365.0,0.0,0.0,10341.999975,77856.711263,72935.73899,8114.958036,2956.0,10885.085308
bologna__skewed__low__seed3__mp_lta_g060_sf050,bologna,bologna,low,1500,0.0,3600.0,skewed,3,mp_lta_g060_sf050,mp,--lost-time-aware --lost-time-sat-flow 0.50 --lost-time-gain 0.60,human_light,/home/jakubhomoncik/sumo-traffic-control/logs/ablation/runs/run_0025_20260614_143342/populations/bologna_skewed_low_seed3.yaml,ok,2000.171,/home/jakubhomoncik/sumo-traffic-control/logs/ablation/runs/run_0025_20260614_143342/runs/bologna__skewed__low__seed3__mp_lta_g060_sf050/vehicle_metrics.csv,1500,706.674,2479.05,1078.832,3025.2,868.978487,6.943135,-2580755.444476,-2582560.47028,1500,1500,0,0.0,1854.0,2135.0,0.0,0.0,0.0,0.0,0.0,0.0,0.0,0.0,0.0,0.0,0.0,0.0,0.0,0.0,0.0,0.0,0.0,0.0,0.0,0.0,0.0,0.0,0.0
bologna__skewed__low__seed3__mp_nmin_a120_f4,bologna,bologna,low,1500,0.0,3600.0,skewed,3,mp_nmin_a120_f4,mp,--nmin-dynamic --lost-time-sat-flow 0.50 --nmin-alpha 1.20 --nmin-floor 4 --nmin-min-green 4.0 --nmin-demand-gain 0.40 --nmin-empty-release-seconds 1.5,human_light,/home/jakubhomoncik/sumo-traffic-control/logs/ablation/runs/run_0025_20260614_143342/populations/bologna_skewed_low_seed3.yaml,ok,2211.538,/home/jakubhomoncik/sumo-traffic-control/logs/ablation/runs/run_0025_20260614_143342/runs/bologna__skewed__low__seed3__mp_nmin_a120_f4/vehicle_metrics.csv,1500,784.970667,2505.15,1158.302667,3099.1,947.520473,7.123225,-3709503.31765,-3711384.596771,1500,1500,0,0.0,3852.0,1196.0,6638.0,0.0,0.0,0.0,0.0,0.0,0.0,0.0,0.0,0.0,0.0,0.0,0.0,0.0,0.0,0.0,0.0,0.0,0.0,0.0,0.0,0.0,0.0
bologna__skewed__low__seed3__mp_super,bologna,bologna,low,1500,0.0,3600.0,skewed,3,mp_super,mp,--super-router --super-load-ref 3.5 --super-low-load 0.38 --super-program0-exit-load 0.28 --super-high-load 0.62 --super-imbalance-threshold 0.50 --super-wait-imbalance-threshold 0.50 --super-burstiness-threshold 0.10 --super-platoon-threshold 0.50 --super-downstream-threshold 0.97 --super-mode-streak 4 --super-nmin-load 0.72 --super-lta-gain 0.60 --super-lta-sat-flow 0.50 --super-nmin-alpha 1.20 --super-nmin-floor 4 --super-nmin-min-green 4.0 --super-nmin-demand-gain 0.40 --super-nmin-empty-release-seconds 1.5 --fairness-mu 5.0 --fairness-w-half 20.0 --platoon-headway-threshold 2.1 --platoon-gap-out-seconds 2.1 --platoon-max-extra-green 2.0 --platoon-guard-occ 0.90 --spillback-on 0.90 --spillback-off 0.80 --spillback-min-halts 3 --spillback-alpha 0.30 --downstream-beta 0.4 --downstream-alpha 0.30,human_light,/home/jakubhomoncik/sumo-traffic-control/logs/ablation/runs/run_0025_20260614_143342/populations/bologna_skewed_low_seed3.yaml,ok,3344.676,/home/jakubhomoncik/sumo-traffic-control/logs/ablation/runs/run_0025_20260614_143342/runs/bologna__skewed__low__seed3__mp_super/vehicle_metrics.csv,1500,261.948667,569.15,627.653333,1198.1,419.968687,7.996213,672.664368,-751.56439,1500,1500,0,0.0,220.0,0.0,0.0,0.0,0.0,0.0,0.0,42.0,86.813492,479.0,219.0,219.0,897773.0,430.0,2519.0,35.0,275.0,4.0,20.0,12053.964981,85049.286952,77078.442342,9341.484924,4461.0,10801.868551
bologna__skewed__low__seed3__mp_fair_mu5_w20,bologna,bologna,low,1500,0.0,3600.0,skewed,3,mp_fair_mu5_w20,mp,--fairness --fairness-mu 5.0 --fairness-w-half 20.0,human_light,/home/jakubhomoncik/sumo-traffic-control/logs/ablation/runs/run_0025_20260614_143342/populations/bologna_skewed_low_seed3.yaml,ok,2043.899,/home/jakubhomoncik/sumo-traffic-control/logs/ablation/runs/run_0025_20260614_143342/runs/bologna__skewed__low__seed3__mp_fair_mu5_w20/vehicle_metrics.csv,1500,753.724,2406.15,1127.487333,2963.15,917.526087,7.111027,-2763241.955235,-2765080.483248,1500,1500,0,0.0,4034.0,1128.0,0.0,0.0,0.0,0.0,0.0,15122.0,42124.970224,0.0,0.0,0.0,0.0,0.0,0.0,0.0,0.0,0.0,0.0,0.0,0.0,0.0,0.0,0.0,0.0
bologna__skewed__low__seed3__mp_spillback_on90_off80,bologna,bologna,low,1500,0.0,3600.0,skewed,3,mp_spillback_on90_off80,mp,--spillback --spillback-on 0.90 --spillback-off 0.80 --spillback-min-halts 3 --spillback-alpha 0.30,human_light,/home/jakubhomoncik/sumo-traffic-control/logs/ablation/runs/run_0025_20260614_143342/populations/bologna_skewed_low_seed3.yaml,ok,4004.334,/home/jakubhomoncik/sumo-traffic-control/logs/ablation/runs/run_0025_20260614_143342/runs/bologna__skewed__low__seed3__mp_spillback_on90_off80/vehicle_metrics.csv,1500,737.526667,2486.25,1107.002667,3062.15,896.115307,7.339079,-3781206.845313,-3783006.326875,1500,1500,0,0.0,3608.0,1159.0,0.0,21.0,21.0,1933.0,0.0,0.0,0.0,0.0,0.0,0.0,0.0,0.0,0.0,0.0,0.0,0.0,0.0,0.0,0.0,0.0,0.0,0.0,0.0
bologna__skewed__low__seed3__fixed_program0,bologna,bologna,low,1500,0.0,3600.0,skewed,3,fixed_program0,fixed,--fixed-program-id 0,human_light,/home/jakubhomoncik/sumo-traffic-control/logs/ablation/runs/run_0025_20260614_143342/populations/bologna_skewed_low_seed3.yaml,ok,316.359,/home/jakubhomoncik/sumo-traffic-control/logs/ablation/runs/run_0025_20260614_143342/runs/bologna__skewed__low__seed3__fixed_program0/vehicle_metrics.csv,1500,447.778667,2068.3,826.913333,2860.2,619.184353,7.420701,-67770.336054,-69381.560469,1500,1500,0,0.0,0.0,0.0,0.0,0.0,0.0,0.0,0.0,0.0,0.0,0.0,0.0,0.0,0.0,0.0,0.0,0.0,0.0,0.0,0.0,0.0,0.0,0.0,0.0,0.0,0.0
bologna__skewed__low__seed3__mp_platoon_x2,bologna,bologna,low,1500,0.0,3600.0,skewed,3,mp_platoon_x2,mp,--platoon-extension --platoon-headway-threshold 2.1 --platoon-gap-out-seconds 2.1 --platoon-max-extra-green 2.0 --platoon-guard-occ 0.90,human_light,/home/jakubhomoncik/sumo-traffic-control/logs/ablation/runs/run_0025_20260614_143342/populations/bologna_skewed_low_seed3.yaml,ok,3539.199,/home/jakubhomoncik/sumo-traffic-control/logs/ablation/runs/run_0025_20260614_143342/runs/bologna__skewed__low__seed3__mp_platoon_x2/vehicle_metrics.csv,1500,815.111333,2629.05,1186.130667,3236.05,974.920693,7.052941,-4132522.732259,-4134427.547317,1500,1500,0,0.0,3563.0,1185.0,0.0,0.0,0.0,0.0,270.0,0.0,0.0,0.0,0.0,0.0,0.0,0.0,0.0,0.0,0.0,0.0,0.0,0.0,0.0,0.0,0.0,0.0,0.0
bologna__skewed__low__seed3__fixed_tuned,bologna,bologna,low,1500,0.0,3600.0,skewed,3,fixed_tuned,fixed,--fixed-program-id 0 --fixed-main-green-seconds 30,human_light,/home/jakubhomoncik/sumo-traffic-control/logs/ablation/runs/run_0025_20260614_143342/populations/bologna_skewed_low_seed3.yaml,ok,344.922,/home/jakubhomoncik/sumo-traffic-control/logs/ablation/runs/run_0025_20260614_143342/runs/bologna__skewed__low__seed3__fixed_tuned/vehicle_metrics.csv,1500,519.372667,1819.2,916.53,2644.75,708.869927,6.39433,-1762.224264,-3476.290106,1500,1500,0,0.0,0.0,0.0,0.0,0.0,0.0,0.0,0.0,0.0,0.0,0.0,0.0,0.0,0.0,0.0,0.0,0.0,0.0,0.0,0.0,0.0,0.0,0.0,0.0,0.0,0.0
bologna__peak__low__seed3__mp_program0,bologna,bologna,low,1500,0.0,3600.0,peak,3,mp_program0,mp,--program0-hybrid --program0-load-ref 3.5 --program0-enter-mp-load 0.60 --program0-exit-fixed-load 0.40 --program0-mode-streak 4,human_light,/home/jakubhomoncik/sumo-traffic-control/logs/ablation/runs/run_0025_20260614_143342/populations/bologna_peak_low_seed3.yaml,ok,1150.864,/home/jakubhomoncik/sumo-traffic-control/logs/ablation/runs/run_0025_20260614_143342/runs/bologna__peak__low__seed3__mp_program0/vehicle_metrics.csv,1500,412.417333,1033.15,828.815333,1744.25,619.9637,6.831863,-2021922.368753,-2023573.061136,1500,1500,0,0.0,178.0,0.0,0.0,0.0,0.0,0.0,0.0,0.0,0.0,0.0,0.0,0.0,0.0,0.0,0.0,0.0,0.0,0.0,0.0,0.0,0.0,0.0,0.0,0.0,0.0
bologna__skewed__low__seed3__mp_super_no_safe,bologna,bologna,low,1500,0.0,3600.0,skewed,3,mp_super_no_safe,mp,--super-router --super-load-ref 3.5 --super-low-load 0.38 --super-program0-exit-load 0.28 --super-high-load 0.62 --super-imbalance-threshold 0.50 --super-wait-imbalance-threshold 0.50 --super-burstiness-threshold 0.10 --super-platoon-threshold 0.50 --super-downstream-threshold 0.97 --super-mode-streak 4 --super-nmin-load 0.72 --super-lta-gain 0.60 --super-lta-sat-flow 0.50 --super-nmin-alpha 1.20 --super-nmin-floor 4 --super-nmin-min-green 4.0 --super-nmin-demand-gain 0.40 --super-nmin-empty-release-seconds 1.5 --fairness-mu 5.0 --fairness-w-half 20.0 --platoon-headway-threshold 2.1 --platoon-gap-out-seconds 2.1 --platoon-max-extra-green 2.0 --platoon-guard-occ 0.90 --spillback-on 0.90 --spillback-off 0.80 --spillback-min-halts 3 --spillback-alpha 0.30 --downstream-beta 0.4 --downstream-alpha 0.30 --super-disable-safe,human_light,/home/jakubhomoncik/sumo-traffic-control/logs/ablation/runs/run_0025_20260614_143342/populations/bologna_skewed_low_seed3.yaml,ok,3328.915,/home/jakubhomoncik/sumo-traffic-control/logs/ablation/runs/run_0025_20260614_143342/runs/bologna__skewed__low__seed3__mp_super_no_safe/vehicle_metrics.csv,1500,261.948667,569.15,627.653333,1198.1,419.968687,7.996213,672.664368,-751.56439,1500,1500,0,0.0,220.0,0.0,0.0,0.0,0.0,0.0,0.0,42.0,86.813492,477.0,219.0,219.0,897773.0,430.0,2539.0,35.0,275.0,4.0,0.0,12053.964981,85049.286952,77078.442342,9341.484924,4461.0,10801.871317
bologna__peak__low__seed3__mp_base,bologna,bologna,low,1500,0.0,3600.0,peak,3,mp_base,mp,,human_light,/home/jakubhomoncik/sumo-traffic-control/logs/ablation/runs/run_0025_20260614_143342/populations/bologna_peak_low_seed3.yaml,ok,1987.647,/home/jakubhomoncik/sumo-traffic-control/logs/ablation/runs/run_0025_20260614_143342/runs/bologna__peak__low__seed3__mp_base/vehicle_metrics.csv,1500,831.958,2523.3,1224.892667,3123.5,1013.731053,6.647564,-4785233.579197,-4787222.577204,1500,1500,0,0.0,3301.0,889.0,0.0,0.0,0.0,0.0,0.0,0.0,0.0,0.0,0.0,0.0,0.0,0.0,0.0,0.0,0.0,0.0,0.0,0.0,0.0,0.0,0.0,0.0,0.0
bologna__peak__low__seed3__mp_lta_g060_sf050,bologna,bologna,low,1500,0.0,3600.0,peak,3,mp_lta_g060_sf050,mp,--lost-time-aware --lost-time-sat-flow 0.50 --lost-time-gain 0.60,human_light,/home/jakubhomoncik/sumo-traffic-control/logs/ablation/runs/run_0025_20260614_143342/populations/bologna_peak_low_seed3.yaml,ok,1780.962,/home/jakubhomoncik/sumo-traffic-control/logs/ablation/runs/run_0025_20260614_143342/runs/bologna__peak__low__seed3__mp_lta_g060_sf050/vehicle_metrics.csv,1500,740.544,2174.05,1129.591333,2733.6,918.74122,6.609139,-4394546.354439,-4396430.595419,1500,1500,0,0.0,1768.0,1660.0,0.0,0.0,0.0,0.0,0.0,0.0,0.0,0.0,0.0,0.0,0.0,0.0,0.0,0.0,0.0,0.0,0.0,0.0,0.0,0.0,0.0,0.0,0.0
bologna__peak__low__seed3__mp_nmin_a120_f4,bologna,bologna,low,1500,0.0,3600.0,peak,3,mp_nmin_a120_f4,mp,--nmin-dynamic --lost-time-sat-flow 0.50 --nmin-alpha 1.20 --nmin-floor 4 --nmin-min-green 4.0 --nmin-demand-gain 0.40 --nmin-empty-release-seconds 1.5,human_light,/home/jakubhomoncik/sumo-traffic-control/logs/ablation/runs/run_0025_20260614_143342/populations/bologna_peak_low_seed3.yaml,ok,1946.718,/home/jakubhomoncik/sumo-traffic-control/logs/ablation/runs/run_0025_20260614_143342/runs/bologna__peak__low__seed3__mp_nmin_a120_f4/vehicle_metrics.csv,1500,883.304,2498.4,1291.024,3125.8,1079.06338,6.394407,-5733588.835959,-5735656.807784,1500,1500,0,0.0,3648.0,893.0,6200.0,0.0,0.0,0.0,0.0,0.0,0.0,0.0,0.0,0.0,0.0,0.0,0.0,0.0,0.0,0.0,0.0,0.0,0.0,0.0,0.0,0.0,0.0
bologna__peak__low__seed3__mp_super,bologna,bologna,low,1500,0.0,3600.0,peak,3,mp_super,mp,--super-router --super-load-ref 3.5 --super-low-load 0.38 --super-program0-exit-load 0.28 --super-high-load 0.62 --super-imbalance-threshold 0.50 --super-wait-imbalance-threshold 0.50 --super-burstiness-threshold 0.10 --super-platoon-threshold 0.50 --super-downstream-threshold 0.97 --super-mode-streak 4 --super-nmin-load 0.72 --super-lta-gain 0.60 --super-lta-sat-flow 0.50 --super-nmin-alpha 1.20 --super-nmin-floor 4 --super-nmin-min-green 4.0 --super-nmin-demand-gain 0.40 --super-nmin-empty-release-seconds 1.5 --fairness-mu 5.0 --fairness-w-half 20.0 --platoon-headway-threshold 2.1 --platoon-gap-out-seconds 2.1 --platoon-max-extra-green 2.0 --platoon-guard-occ 0.90 --spillback-on 0.90 --spillback-off 0.80 --spillback-min-halts 3 --spillback-alpha 0.30 --downstream-beta 0.4 --downstream-alpha 0.30,human_light,/home/jakubhomoncik/sumo-traffic-control/logs/ablation/runs/run_0025_20260614_143342/populations/bologna_peak_low_seed3.yaml,ok,3315.944,/home/jakubhomoncik/sumo-traffic-control/logs/ablation/runs/run_0025_20260614_143342/runs/bologna__peak__low__seed3__mp_super/vehicle_metrics.csv,1500,402.284667,1102.1,814.621333,1840.05,606.51206,6.932017,-1175103.297796,-1176750.403994,1500,1500,0,0.0,341.0,0.0,0.0,0.0,0.0,0.0,0.0,123.0,339.354795,755.0,314.0,314.0,871436.0,1345.0,4525.0,349.0,403.0,0.0,6.0,14576.370568,80484.422336,71076.128196,8427.212755,4390.0,14820.73489
bologna__peak__low__seed3__mp_fair_mu5_w20,bologna,bologna,low,1500,0.0,3600.0,peak,3,mp_fair_mu5_w20,mp,--fairness --fairness-mu 5.0 --fairness-w-half 20.0,human_light,/home/jakubhomoncik/sumo-traffic-control/logs/ablation/runs/run_0025_20260614_143342/populations/bologna_peak_low_seed3.yaml,ok,1914.377,/home/jakubhomoncik/sumo-traffic-control/logs/ablation/runs/run_0025_20260614_143342/runs/bologna__peak__low__seed3__mp_fair_mu5_w20/vehicle_metrics.csv,1500,744.542667,2492.05,1139.826667,3118.55,928.958967,6.9133,-4407415.267901,-4409310.322976,1500,1500,0,0.0,3644.0,872.0,0.0,0.0,0.0,0.0,0.0,10938.0,27669.579561,0.0,0.0,0.0,0.0,0.0,0.0,0.0,0.0,0.0,0.0,0.0,0.0,0.0,0.0,0.0,0.0
bologna__peak__low__seed3__mp_spillback_on90_off80,bologna,bologna,low,1500,0.0,3600.0,peak,3,mp_spillback_on90_off80,mp,--spillback --spillback-on 0.90 --spillback-off 0.80 --spillback-min-halts 3 --spillback-alpha 0.30,human_light,/home/jakubhomoncik/sumo-traffic-control/logs/ablation/runs/run_0025_20260614_143342/populations/bologna_peak_low_seed3.yaml,ok,3649.347,/home/jakubhomoncik/sumo-traffic-control/logs/ablation/runs/run_0025_20260614_143342/runs/bologna__peak__low__seed3__mp_spillback_on90_off80/vehicle_metrics.csv,1500,841.518667,2453.0,1239.23,3049.25,1027.1378,6.5153,-5850358.909524,-5852365.88449,1500,1500,0,0.0,3260.0,874.0,0.0,37.0,37.0,4275.0,0.0,0.0,0.0,0.0,0.0,0.0,0.0,0.0,0.0,0.0,0.0,0.0,0.0,0.0,0.0,0.0,0.0,0.0,0.0
bologna__peak__low__seed3__fixed_program0,bologna,bologna,low,1500,0.0,3600.0,peak,3,fixed_program0,fixed,--fixed-program-id 0,human_light,/home/jakubhomoncik/sumo-traffic-control/logs/ablation/runs/run_0025_20260614_143342/populations/bologna_peak_low_seed3.yaml,ok,367.336,/home/jakubhomoncik/sumo-traffic-control/logs/ablation/runs/run_0025_20260614_143342/runs/bologna__peak__low__seed3__fixed_program0/vehicle_metrics.csv,1500,554.977333,2090.15,988.613333,3047.3,780.006907,6.645012,-1750401.924883,-1752202.54775,1500,1500,0,0.0,0.0,0.0,0.0,0.0,0.0,0.0,0.0,0.0,0.0,0.0,0.0,0.0,0.0,0.0,0.0,0.0,0.0,0.0,0.0,0.0,0.0,0.0,0.0,0.0,0.0
bologna__peak__low__seed3__fixed_tuned,bologna,bologna,low,1500,0.0,3600.0,peak,3,fixed_tuned,fixed,--fixed-program-id 0 --fixed-main-green-seconds 30,human_light,/home/jakubhomoncik/sumo-traffic-control/logs/ablation/runs/run_0025_20260614_143342/populations/bologna_peak_low_seed3.yaml,ok,403.3,/home/jakubhomoncik/sumo-traffic-control/logs/ablation/runs/run_0025_20260614_143342/runs/bologna__peak__low__seed3__fixed_tuned/vehicle_metrics.csv,1500,676.535333,2212.15,1117.691333,3187.15,909.4459,5.696862,-1322827.227459,-1324780.418886,1500,1500,0,0.0,0.0,0.0,0.0,0.0,0.0,0.0,0.0,0.0,0.0,0.0,0.0,0.0,0.0,0.0,0.0,0.0,0.0,0.0,0.0,0.0,0.0,0.0,0.0,0.0,0.0
bologna__peak__low__seed3__mp_platoon_x2,bologna,bologna,low,1500,0.0,3600.0,peak,3,mp_platoon_x2,mp,--platoon-extension --platoon-headway-threshold 2.1 --platoon-gap-out-seconds 2.1 --platoon-max-extra-green 2.0 --platoon-guard-occ 0.90,human_light,/home/jakubhomoncik/sumo-traffic-control/logs/ablation/runs/run_0025_20260614_143342/populations/bologna_peak_low_seed3.yaml,ok,3246.806,/home/jakubhomoncik/sumo-traffic-control/logs/ablation/runs/run_0025_20260614_143342/runs/bologna__peak__low__seed3__mp_platoon_x2/vehicle_metrics.csv,1500,836.238667,2567.45,1230.359333,3292.15,1018.467347,6.732526,-5612001.356055,-5613999.444386,1500,1500,0,0.0,3207.0,879.0,0.0,0.0,0.0,0.0,314.0,0.0,0.0,0.0,0.0,0.0,0.0,0.0,0.0,0.0,0.0,0.0,0.0,0.0,0.0,0.0,0.0,0.0,0.0
bologna__peak__low__seed3__mp_super_no_safe,bologna,bologna,low,1500,0.0,3600.0,peak,3,mp_super_no_safe,mp,--super-router --super-load-ref 3.5 --super-low-load 0.38 --super-program0-exit-load 0.28 --super-high-load 0.62 --super-imbalance-threshold 0.50 --super-wait-imbalance-threshold 0.50 --super-burstiness-threshold 0.10 --super-platoon-threshold 0.50 --super-downstream-threshold 0.97 --super-mode-streak 4 --super-nmin-load 0.72 --super-lta-gain 0.60 --super-lta-sat-flow 0.50 --super-nmin-alpha 1.20 --super-nmin-floor 4 --super-nmin-min-green 4.0 --super-nmin-demand-gain 0.40 --super-nmin-empty-release-seconds 1.5 --fairness-mu 5.0 --fairness-w-half 20.0 --platoon-headway-threshold 2.1 --platoon-gap-out-seconds 2.1 --platoon-max-extra-green 2.0 --platoon-guard-occ 0.90 --spillback-on 0.90 --spillback-off 0.80 --spillback-min-halts 3 --spillback-alpha 0.30 --downstream-beta 0.4 --downstream-alpha 0.30 --super-disable-safe,human_light,/home/jakubhomoncik/sumo-traffic-control/logs/ablation/runs/run_0025_20260614_143342/populations/bologna_peak_low_seed3.yaml,ok,3826.4,/home/jakubhomoncik/sumo-traffic-control/logs/ablation/runs/run_0025_20260614_143342/runs/bologna__peak__low__seed3__mp_super_no_safe/vehicle_metrics.csv,1500,402.284667,1102.1,814.621333,1840.05,606.51206,6.932017,-1175103.297796,-1176750.403994,1500,1500,0,0.0,341.0,0.0,0.0,0.0,0.0,0.0,0.0,123.0,339.354795,754.0,314.0,314.0,871435.0,1345.0,4532.0,349.0,403.0,0.0,0.0,14576.370568,80484.422336,71076.128196,8427.212755,4390.0,14820.73489
bologna__balanced__medium__seed1__mp_program0,bologna,bologna,medium,3000,0.0,3600.0,balanced,1,mp_program0,mp,--program0-hybrid --program0-load-ref 3.5 --program0-enter-mp-load 0.60 --program0-exit-fixed-load 0.40 --program0-mode-streak 4,human_light,/home/jakubhomoncik/sumo-traffic-control/logs/ablation/runs/run_0025_20260614_143342/populations/bologna_balanced_medium_seed1.yaml,ok,1706.0,/home/jakubhomoncik/sumo-traffic-control/logs/ablation/runs/run_0025_20260614_143342/runs/bologna__balanced__medium__seed1__mp_program0/vehicle_metrics.csv,3000,447.762333,2251.4,763.110333,2742.55,586.331763,6.995168,-6525531.615409,-6526954.83308,3000,3000,0,0.0,212.0,0.0,0.0,0.0,0.0,0.0,0.0,0.0,0.0,0.0,0.0,0.0,0.0,0.0,0.0,0.0,0.0,0.0,0.0,0.0,0.0,0.0,0.0,0.0,0.0
bologna__balanced__medium__seed1__mp_base,bologna,bologna,medium,3000,0.0,3600.0,balanced,1,mp_base,mp,,human_light,/home/jakubhomoncik/sumo-traffic-control/logs/ablation/runs/run_0025_20260614_143342/populations/bologna_balanced_medium_seed1.yaml,ok,2949.059,/home/jakubhomoncik/sumo-traffic-control/logs/ablation/runs/run_0025_20260614_143342/runs/bologna__balanced__medium__seed1__mp_base/vehicle_metrics.csv,3000,815.911333,3026.1,1138.029667,3694.15,956.85937,7.024758,-11600620.590354,-11602374.269537,3000,3000,0,0.0,5892.0,1257.0,0.0,0.0,0.0,0.0,0.0,0.0,0.0,0.0,0.0,0.0,0.0,0.0,0.0,0.0,0.0,0.0,0.0,0.0,0.0,0.0,0.0,0.0,0.0
bologna__balanced__medium__seed1__mp_lta_g060_sf050,bologna,bologna,medium,3000,0.0,3600.0,balanced,1,mp_lta_g060_sf050,mp,--lost-time-aware --lost-time-sat-flow 0.50 --lost-time-gain 0.60,human_light,/home/jakubhomoncik/sumo-traffic-control/logs/ablation/runs/run_0025_20260614_143342/populations/bologna_balanced_medium_seed1.yaml,ok,2813.359,/home/jakubhomoncik/sumo-traffic-control/logs/ablation/runs/run_0025_20260614_143342/runs/bologna__balanced__medium__seed1__mp_lta_g060_sf050/vehicle_metrics.csv,3000,838.505667,3241.15,1173.152667,3861.1,992.942857,6.416093,-10492450.704381,-10494250.677838,3000,3000,0,0.0,3290.0,2447.0,0.0,0.0,0.0,0.0,0.0,0.0,0.0,0.0,0.0,0.0,0.0,0.0,0.0,0.0,0.0,0.0,0.0,0.0,0.0,0.0,0.0,0.0,0.0
bologna__balanced__medium__seed1__mp_super,bologna,bologna,medium,3000,0.0,3600.0,balanced,1,mp_super,mp,--super-router --super-load-ref 3.5 --super-low-load 0.38 --super-program0-exit-load 0.28 --super-high-load 0.62 --super-imbalance-threshold 0.50 --super-wait-imbalance-threshold 0.50 --super-burstiness-threshold 0.10 --super-platoon-threshold 0.50 --super-downstream-threshold 0.97 --super-mode-streak 4 --super-nmin-load 0.72 --super-lta-gain 0.60 --super-lta-sat-flow 0.50 --super-nmin-alpha 1.20 --super-nmin-floor 4 --super-nmin-min-green 4.0 --super-nmin-demand-gain 0.40 --super-nmin-empty-release-seconds 1.5 --fairness-mu 5.0 --fairness-w-half 20.0 --platoon-headway-threshold 2.1 --platoon-gap-out-seconds 2.1 --platoon-max-extra-green 2.0 --platoon-guard-occ 0.90 --spillback-on 0.90 --spillback-off 0.80 --spillback-min-halts 3 --spillback-alpha 0.30 --downstream-beta 0.4 --downstream-alpha 0.30,human_light,/home/jakubhomoncik/sumo-traffic-control/logs/ablation/runs/run_0025_20260614_143342/populations/bologna_balanced_medium_seed1.yaml,ok,4830.067,/home/jakubhomoncik/sumo-traffic-control/logs/ablation/runs/run_0025_20260614_143342/runs/bologna__balanced__medium__seed1__mp_super/vehicle_metrics.csv,3000,408.062667,1831.25,722.992333,2241.1,547.120087,7.110596,-5488344.709622,-5489735.686886,3000,3000,0,0.0,587.0,0.0,0.0,0.0,0.0,0.0,0.0,410.0,859.819348,918.0,397.0,397.0,1226547.0,1368.0,5208.0,65.0,2518.0,0.0,122.0,22592.10977,131641.700586,121303.416784,12893.001979,6532.0,23174.473265
bologna__balanced__medium__seed1__mp_nmin_a120_f4,bologna,bologna,medium,3000,0.0,3600.0,balanced,1,mp_nmin_a120_f4,mp,--nmin-dynamic --lost-time-sat-flow 0.50 --nmin-alpha 1.20 --nmin-floor 4 --nmin-min-green 4.0 --nmin-demand-gain 0.40 --nmin-empty-release-seconds 1.5,human_light,/home/jakubhomoncik/sumo-traffic-control/logs/ablation/runs/run_0025_20260614_143342/populations/bologna_balanced_medium_seed1.yaml,ok,2972.339,/home/jakubhomoncik/sumo-traffic-control/logs/ablation/runs/run_0025_20260614_143342/runs/bologna__balanced__medium__seed1__mp_nmin_a120_f4/vehicle_metrics.csv,3000,814.666,3391.85,1134.128,3923.05,953.573223,7.292776,-10895521.02334,-10897280.877085,3000,3000,0,0.0,6541.0,1271.0,11525.0,0.0,0.0,0.0,0.0,0.0,0.0,0.0,0.0,0.0,0.0,0.0,0.0,0.0,0.0,0.0,0.0,0.0,0.0,0.0,0.0,0.0,0.0
bologna__balanced__medium__seed1__mp_fair_mu5_w20,bologna,bologna,medium,3000,0.0,3600.0,balanced,1,mp_fair_mu5_w20,mp,--fairness --fairness-mu 5.0 --fairness-w-half 20.0,human_light,/home/jakubhomoncik/sumo-traffic-control/logs/ablation/runs/run_0025_20260614_143342/populations/bologna_balanced_medium_seed1.yaml,ok,2500.546,/home/jakubhomoncik/sumo-traffic-control/logs/ablation/runs/run_0025_20260614_143342/runs/bologna__balanced__medium__seed1__mp_fair_mu5_w20/vehicle_metrics.csv,3000,723.526,2898.25,1046.882333,3464.35,867.179373,7.128155,-9928914.114123,-9930593.804065,3000,3000,0,0.0,6423.0,1207.0,0.0,0.0,0.0,0.0,0.0,28255.0,84275.394067,0.0,0.0,0.0,0.0,0.0,0.0,0.0,0.0,0.0,0.0,0.0,0.0,0.0,0.0,0.0,0.0
bologna__balanced__medium__seed1__mp_spillback_on90_off80,bologna,bologna,medium,3000,0.0,3600.0,balanced,1,mp_spillback_on90_off80,mp,--spillback --spillback-on 0.90 --spillback-off 0.80 --spillback-min-halts 3 --spillback-alpha 0.30,human_light,/home/jakubhomoncik/sumo-traffic-control/logs/ablation/runs/run_0025_20260614_143342/populations/bologna_balanced_medium_seed1.yaml,ok,5276.513,/home/jakubhomoncik/sumo-traffic-control/logs/ablation/runs/run_0025_20260614_143342/runs/bologna__balanced__medium__seed1__mp_spillback_on90_off80/vehicle_metrics.csv,3000,815.437667,3113.4,1134.171667,3650.5,953.727967,7.057887,-10752724.377182,-10754476.783356,3000,3000,0,0.0,5773.0,1269.0,0.0,64.0,64.0,8301.0,0.0,0.0,0.0,0.0,0.0,0.0,0.0,0.0,0.0,0.0,0.0,0.0,0.0,0.0,0.0,0.0,0.0,0.0,0.0
bologna__balanced__medium__seed1__fixed_program0,bologna,bologna,medium,3000,0.0,3600.0,balanced,1,fixed_program0,fixed,--fixed-program-id 0,human_light,/home/jakubhomoncik/sumo-traffic-control/logs/ablation/runs/run_0025_20260614_143342/populations/bologna_balanced_medium_seed1.yaml,ok,644.246,/home/jakubhomoncik/sumo-traffic-control/logs/ablation/runs/run_0025_20260614_143342/runs/bologna__balanced__medium__seed1__fixed_program0/vehicle_metrics.csv,3000,571.067333,2569.2,911.073333,3218.2,733.3181,6.594638,-7638041.569227,-7639630.228219,3000,3000,0,0.0,0.0,0.0,0.0,0.0,0.0,0.0,0.0,0.0,0.0,0.0,0.0,0.0,0.0,0.0,0.0,0.0,0.0,0.0,0.0,0.0,0.0,0.0,0.0,0.0,0.0
bologna__balanced__medium__seed1__mp_platoon_x2,bologna,bologna,medium,3000,0.0,3600.0,balanced,1,mp_platoon_x2,mp,--platoon-extension --platoon-headway-threshold 2.1 --platoon-gap-out-seconds 2.1 --platoon-max-extra-green 2.0 --platoon-guard-occ 0.90,human_light,/home/jakubhomoncik/sumo-traffic-control/logs/ablation/runs/run_0025_20260614_143342/populations/bologna_balanced_medium_seed1.yaml,ok,4706.79,/home/jakubhomoncik/sumo-traffic-control/logs/ablation/runs/run_0025_20260614_143342/runs/bologna__balanced__medium__seed1__mp_platoon_x2/vehicle_metrics.csv,3000,792.290333,3114.05,1113.888333,3756.3,933.141217,7.146868,-11092054.705845,-11093788.227173,3000,3000,0,0.0,6001.0,1258.0,0.0,0.0,0.0,0.0,390.0,0.0,0.0,0.0,0.0,0.0,0.0,0.0,0.0,0.0,0.0,0.0,0.0,0.0,0.0,0.0,0.0,0.0,0.0
bologna__balanced__medium__seed1__fixed_tuned,bologna,bologna,medium,3000,0.0,3600.0,balanced,1,fixed_tuned,fixed,--fixed-program-id 0 --fixed-main-green-seconds 30,human_light,/home/jakubhomoncik/sumo-traffic-control/logs/ablation/runs/run_0025_20260614_143342/populations/bologna_balanced_medium_seed1.yaml,ok,624.067,/home/jakubhomoncik/sumo-traffic-control/logs/ablation/runs/run_0025_20260614_143342/runs/bologna__balanced__medium__seed1__fixed_tuned/vehicle_metrics.csv,3000,541.842667,1643.15,881.002333,2361.05,707.64582,5.91843,-2658396.565611,-2659977.438937,3000,3000,0,0.0,0.0,0.0,0.0,0.0,0.0,0.0,0.0,0.0,0.0,0.0,0.0,0.0,0.0,0.0,0.0,0.0,0.0,0.0,0.0,0.0,0.0,0.0,0.0,0.0,0.0
bologna__balanced__medium__seed1__mp_super_no_safe,bologna,bologna,medium,3000,0.0,3600.0,balanced,1,mp_super_no_safe,mp,--super-router --super-load-ref 3.5 --super-low-load 0.38 --super-program0-exit-load 0.28 --super-high-load 0.62 --super-imbalance-threshold 0.50 --super-wait-imbalance-threshold 0.50 --super-burstiness-threshold 0.10 --super-platoon-threshold 0.50 --super-downstream-threshold 0.97 --super-mode-streak 4 --super-nmin-load 0.72 --super-lta-gain 0.60 --super-lta-sat-flow 0.50 --super-nmin-alpha 1.20 --super-nmin-floor 4 --super-nmin-min-green 4.0 --super-nmin-demand-gain 0.40 --super-nmin-empty-release-seconds 1.5 --fairness-mu 5.0 --fairness-w-half 20.0 --platoon-headway-threshold 2.1 --platoon-gap-out-seconds 2.1 --platoon-max-extra-green 2.0 --platoon-guard-occ 0.90 --spillback-on 0.90 --spillback-off 0.80 --spillback-min-halts 3 --spillback-alpha 0.30 --downstream-beta 0.4 --downstream-alpha 0.30 --super-disable-safe,human_light,/home/jakubhomoncik/sumo-traffic-control/logs/ablation/runs/run_0025_20260614_143342/populations/bologna_balanced_medium_seed1.yaml,ok,4728.87,/home/jakubhomoncik/sumo-traffic-control/logs/ablation/runs/run_0025_20260614_143342/runs/bologna__balanced__medium__seed1__mp_super_no_safe/vehicle_metrics.csv,3000,401.090333,1669.25,717.543333,2113.25,541.999187,7.067663,-5134365.566393,-5135758.092148,3000,3000,0,0.0,549.0,0.0,0.0,0.0,0.0,0.0,0.0,328.0,688.133663,990.0,428.0,428.0,1211050.0,1413.0,5124.0,229.0,2055.0,5.0,0.0,22433.563904,132848.969079,121824.209419,12969.92485,6639.0,23211.603294
bologna__skewed__medium__seed1__mp_program0,bologna,bologna,medium,3000,0.0,3600.0,skewed,1,mp_program0,mp,--program0-hybrid --program0-load-ref 3.5 --program0-enter-mp-load 0.60 --program0-exit-fixed-load 0.40 --program0-mode-streak 4,human_light,/home/jakubhomoncik/sumo-traffic-control/logs/ablation/runs/run_0025_20260614_143342/populations/bologna_skewed_medium_seed1.yaml,ok,2212.409,/home/jakubhomoncik/sumo-traffic-control/logs/ablation/runs/run_0025_20260614_143342/runs/bologna__skewed__medium__seed1__mp_program0/vehicle_metrics.csv,3000,766.816667,3181.15,1255.355667,4094.6,1044.887207,5.626471,-6127279.717314,-6129357.560262,3000,3000,0,0.0,559.0,0.0,0.0,0.0,0.0,0.0,0.0,0.0,0.0,0.0,0.0,0.0,0.0,0.0,0.0,0.0,0.0,0.0,0.0,0.0,0.0,0.0,0.0,0.0,0.0
bologna__skewed__medium__seed1__mp_base,bologna,bologna,medium,3000,0.0,3600.0,skewed,1,mp_base,mp,,human_light,/home/jakubhomoncik/sumo-traffic-control/logs/ablation/runs/run_0025_20260614_143342/populations/bologna_skewed_medium_seed1.yaml,ok,3508.859,/home/jakubhomoncik/sumo-traffic-control/logs/ablation/runs/run_0025_20260614_143342/runs/bologna__skewed__medium__seed1__mp_base/vehicle_metrics.csv,3000,1785.107,5260.05,2273.042667,6033.05,2055.301597,5.232283,-14637738.544867,-14640797.558248,3000,3000,0,0.0,6303.0,1550.0,0.0,0.0,0.0,0.0,0.0,0.0,0.0,0.0,0.0,0.0,0.0,0.0,0.0,0.0,0.0,0.0,0.0,0.0,0.0,0.0,0.0,0.0,0.0
bologna__skewed__medium__seed1__mp_lta_g060_sf050,bologna,bologna,medium,3000,0.0,3600.0,skewed,1,mp_lta_g060_sf050,mp,--lost-time-aware --lost-time-sat-flow 0.50 --lost-time-gain 0.60,human_light,/home/jakubhomoncik/sumo-traffic-control/logs/ablation/runs/run_0025_20260614_143342/populations/bologna_skewed_medium_seed1.yaml,ok,3588.056,/home/jakubhomoncik/sumo-traffic-control/logs/ablation/runs/run_0025_20260614_143342/runs/bologna__skewed__medium__seed1__mp_lta_g060_sf050/vehicle_metrics.csv,3000,1732.344,5453.25,2211.044,6284.75,1996.538633,5.282523,-10981754.112105,-10984741.070065,3000,3000,0,0.0,3577.0,2961.0,0.0,0.0,0.0,0.0,0.0,0.0,0.0,0.0,0.0,0.0,0.0,0.0,0.0,0.0,0.0,0.0,0.0,0.0,0.0,0.0,0.0,0.0,0.0
bologna__skewed__medium__seed1__mp_super,bologna,bologna,medium,3000,0.0,3600.0,skewed,1,mp_super,mp,--super-router --super-load-ref 3.5 --super-low-load 0.38 --super-program0-exit-load 0.28 --super-high-load 0.62 --super-imbalance-threshold 0.50 --super-wait-imbalance-threshold 0.50 --super-burstiness-threshold 0.10 --super-platoon-threshold 0.50 --super-downstream-threshold 0.97 --super-mode-streak 4 --super-nmin-load 0.72 --super-lta-gain 0.60 --super-lta-sat-flow 0.50 --super-nmin-alpha 1.20 --super-nmin-floor 4 --super-nmin-min-green 4.0 --super-nmin-demand-gain 0.40 --super-nmin-empty-release-seconds 1.5 --fairness-mu 5.0 --fairness-w-half 20.0 --platoon-headway-threshold 2.1 --platoon-gap-out-seconds 2.1 --platoon-max-extra-green 2.0 --platoon-guard-occ 0.90 --spillback-on 0.90 --spillback-off 0.80 --spillback-min-halts 3 --spillback-alpha 0.30 --downstream-beta 0.4 --downstream-alpha 0.30,human_light,/home/jakubhomoncik/sumo-traffic-control/logs/ablation/runs/run_0025_20260614_143342/populations/bologna_skewed_medium_seed1.yaml,ok,5524.287,/home/jakubhomoncik/sumo-traffic-control/logs/ablation/runs/run_0025_20260614_143342/runs/bologna__skewed__medium__seed1__mp_super/vehicle_metrics.csv,3000,701.988333,2754.25,1191.084333,3641.1,981.6082,5.69285,-5014631.571419,-5016637.493522,3000,3000,0,0.0,946.0,0.0,0.0,11.0,9.0,2035.0,0.0,345.0,771.738383,2206.0,792.0,792.0,1308746.0,5188.0,10433.0,3931.0,1852.0,6.0,2175.0,37200.37817,155357.987981,133859.998188,15187.614379,8247.0,34268.966806
bologna__skewed__medium__seed1__mp_nmin_a120_f4,bologna,bologna,medium,3000,0.0,3600.0,skewed,1,mp_nmin_a120_f4,mp,--nmin-dynamic --lost-time-sat-flow 0.50 --nmin-alpha 1.20 --nmin-floor 4 --nmin-min-green 4.0 --nmin-demand-gain 0.40 --nmin-empty-release-seconds 1.5,human_light,/home/jakubhomoncik/sumo-traffic-control/logs/ablation/runs/run_0025_20260614_143342/populations/bologna_skewed_medium_seed1.yaml,ok,3674.545,/home/jakubhomoncik/sumo-traffic-control/logs/ablation/runs/run_0025_20260614_143342/runs/bologna__skewed__medium__seed1__mp_nmin_a120_f4/vehicle_metrics.csv,3000,1926.964333,5449.1,2438.891667,6276.55,2220.3363,5.086007,-15673326.602216,-15676530.901879,3000,3000,0,0.0,6931.0,1574.0,13651.0,0.0,0.0,0.0,0.0,0.0,0.0,0.0,0.0,0.0,0.0,0.0,0.0,0.0,0.0,0.0,0.0,0.0,0.0,0.0,0.0,0.0,0.0
bologna__skewed__medium__seed1__mp_fair_mu5_w20,bologna,bologna,medium,3000,0.0,3600.0,skewed,1,mp_fair_mu5_w20,mp,--fairness --fairness-mu 5.0 --fairness-w-half 20.0,human_light,/home/jakubhomoncik/sumo-traffic-control/logs/ablation/runs/run_0025_20260614_143342/populations/bologna_skewed_medium_seed1.yaml,ok,4328.249,/home/jakubhomoncik/sumo-traffic-control/logs/ablation/runs/run_0025_20260614_143342/runs/bologna__skewed__medium__seed1__mp_fair_mu5_w20/vehicle_metrics.csv,3000,1709.540333,5027.1,2202.065333,5918.4,1987.467393,5.194413,-11078027.097314,-11081018.064624,3000,3000,0,0.0,7127.0,1571.0,0.0,0.0,0.0,0.0,0.0,50926.0,182843.078611,0.0,0.0,0.0,0.0,0.0,0.0,0.0,0.0,0.0,0.0,0.0,0.0,0.0,0.0,0.0,0.0
bologna__skewed__medium__seed1__mp_spillback_on90_off80,bologna,bologna,medium,3000,0.0,3600.0,skewed,1,mp_spillback_on90_off80,mp,--spillback --spillback-on 0.90 --spillback-off 0.80 --spillback-min-halts 3 --spillback-alpha 0.30,human_light,/home/jakubhomoncik/sumo-traffic-control/logs/ablation/runs/run_0025_20260614_143342/populations/bologna_skewed_medium_seed1.yaml,ok,6787.25,/home/jakubhomoncik/sumo-traffic-control/logs/ablation/runs/run_0025_20260614_143342/runs/bologna__skewed__medium__seed1__mp_spillback_on90_off80/vehicle_metrics.csv,3000,2254.682667,6135.2,2781.018333,7090.3,2559.78197,5.040884,-18708936.949258,-18712529.40909,3000,3000,0,0.0,6147.0,1542.0,0.0,330.0,330.0,37001.0,0.0,0.0,0.0,0.0,0.0,0.0,0.0,0.0,0.0,0.0,0.0,0.0,0.0,0.0,0.0,0.0,0.0,0.0,0.0
bologna__skewed__medium__seed1__mp_platoon_x2,bologna,bologna,medium,3000,0.0,3600.0,skewed,1,mp_platoon_x2,mp,--platoon-extension --platoon-headway-threshold 2.1 --platoon-gap-out-seconds 2.1 --platoon-max-extra-green 2.0 --platoon-guard-occ 0.90,human_light,/home/jakubhomoncik/sumo-traffic-control/logs/ablation/runs/run_0025_20260614_143342/populations/bologna_skewed_medium_seed1.yaml,ok,6080.05,/home/jakubhomoncik/sumo-traffic-control/logs/ablation/runs/run_0025_20260614_143342/runs/bologna__skewed__medium__seed1__mp_platoon_x2/vehicle_metrics.csv,3000,2130.901,6004.25,2641.776667,6879.05,2421.65552,5.126108,-17486909.394515,-17490333.637925,3000,3000,0,0.0,6367.0,1571.0,0.0,0.0,0.0,0.0,576.0,0.0,0.0,0.0,0.0,0.0,0.0,0.0,0.0,0.0,0.0,0.0,0.0,0.0,0.0,0.0,0.0,0.0,0.0
bologna__skewed__medium__seed1__fixed_program0,bologna,bologna,medium,3000,0.0,3600.0,skewed,1,fixed_program0,fixed,--fixed-program-id 0,human_light,/home/jakubhomoncik/sumo-traffic-control/logs/ablation/runs/run_0025_20260614_143342/populations/bologna_skewed_medium_seed1.yaml,ok,1174.77,/home/jakubhomoncik/sumo-traffic-control/logs/ablation/runs/run_0025_20260614_143342/runs/bologna__skewed__medium__seed1__fixed_program0/vehicle_metrics.csv,3000,1189.500333,5415.2,1690.326333,6500.5,1479.560147,5.289085,-6557214.214184,-6559722.21508,3000,3000,0,0.0,0.0,0.0,0.0,0.0,0.0,0.0,0.0,0.0,0.0,0.0,0.0,0.0,0.0,0.0,0.0,0.0,0.0,0.0,0.0,0.0,0.0,0.0,0.0,0.0,0.0
bologna__skewed__medium__seed1__fixed_tuned,bologna,bologna,medium,3000,0.0,3600.0,skewed,1,fixed_tuned,fixed,--fixed-program-id 0 --fixed-main-green-seconds 30,human_light,/home/jakubhomoncik/sumo-traffic-control/logs/ablation/runs/run_0025_20260614_143342/populations/bologna_skewed_medium_seed1.yaml,ok,1278.274,/home/jakubhomoncik/sumo-traffic-control/logs/ablation/runs/run_0025_20260614_143342/runs/bologna__skewed__medium__seed1__fixed_tuned/vehicle_metrics.csv,3000,1336.429,5269.25,1863.857,6374.0,1654.868007,4.326019,-4514998.439866,-4517720.860562,3000,3000,0,0.0,0.0,0.0,0.0,0.0,0.0,0.0,0.0,0.0,0.0,0.0,0.0,0.0,0.0,0.0,0.0,0.0,0.0,0.0,0.0,0.0,0.0,0.0,0.0,0.0,0.0
bologna__skewed__medium__seed1__mp_super_no_safe,bologna,bologna,medium,3000,0.0,3600.0,skewed,1,mp_super_no_safe,mp,--super-router --super-load-ref 3.5 --super-low-load 0.38 --super-program0-exit-load 0.28 --super-high-load 0.62 --super-imbalance-threshold 0.50 --super-wait-imbalance-threshold 0.50 --super-burstiness-threshold 0.10 --super-platoon-threshold 0.50 --super-downstream-threshold 0.97 --super-mode-streak 4 --super-nmin-load 0.72 --super-lta-gain 0.60 --super-lta-sat-flow 0.50 --super-nmin-alpha 1.20 --super-nmin-floor 4 --super-nmin-min-green 4.0 --super-nmin-demand-gain 0.40 --super-nmin-empty-release-seconds 1.5 --fairness-mu 5.0 --fairness-w-half 20.0 --platoon-headway-threshold 2.1 --platoon-gap-out-seconds 2.1 --platoon-max-extra-green 2.0 --platoon-guard-occ 0.90 --spillback-on 0.90 --spillback-off 0.80 --spillback-min-halts 3 --spillback-alpha 0.30 --downstream-beta 0.4 --downstream-alpha 0.30 --super-disable-safe,human_light,/home/jakubhomoncik/sumo-traffic-control/logs/ablation/runs/run_0025_20260614_143342/populations/bologna_skewed_medium_seed1.yaml,ok,5526.799,/home/jakubhomoncik/sumo-traffic-control/logs/ablation/runs/run_0025_20260614_143342/runs/bologna__skewed__medium__seed1__mp_super_no_safe/vehicle_metrics.csv,3000,665.447333,2358.65,1157.676667,3374.15,948.83169,5.769743,-4296353.779543,-4298322.163229,3000,3000,0,0.0,1070.0,0.0,0.0,0.0,0.0,0.0,0.0,402.0,920.576375,2273.0,796.0,796.0,1299757.0,5575.0,13277.0,4938.0,2142.0,8.0,0.0,39306.013732,155874.031335,133686.274038,15433.852186,8156.0,35582.012471
bologna__peak__medium__seed1__mp_program0,bologna,bologna,medium,3000,0.0,3600.0,peak,1,mp_program0,mp,--program0-hybrid --program0-load-ref 3.5 --program0-enter-mp-load 0.60 --program0-exit-fixed-load 0.40 --program0-mode-streak 4,human_light,/home/jakubhomoncik/sumo-traffic-control/logs/ablation/runs/run_0025_20260614_143342/populations/bologna_peak_medium_seed1.yaml,ok,2496.731,/home/jakubhomoncik/sumo-traffic-control/logs/ablation/runs/run_0025_20260614_143342/runs/bologna__peak__medium__seed1__mp_program0/vehicle_metrics.csv,3000,1030.359667,3793.95,1593.239333,4733.3,1384.769447,4.7537,-4584640.689857,-4586980.613408,3000,3000,0,0.0,883.0,0.0,0.0,0.0,0.0,0.0,0.0,0.0,0.0,0.0,0.0,0.0,0.0,0.0,0.0,0.0,0.0,0.0,0.0,0.0,0.0,0.0,0.0,0.0,0.0
bologna__peak__medium__seed1__mp_base,bologna,bologna,medium,3000,0.0,3600.0,peak,1,mp_base,mp,,human_light,/home/jakubhomoncik/sumo-traffic-control/logs/ablation/runs/run_0025_20260614_143342/populations/bologna_peak_medium_seed1.yaml,ok,3855.078,/home/jakubhomoncik/sumo-traffic-control/logs/ablation/runs/run_0025_20260614_143342/runs/bologna__peak__medium__seed1__mp_base/vehicle_metrics.csv,3000,1933.782333,5602.05,2459.956667,6624.05,2240.33434,4.683319,-17457261.277917,-17460403.197175,3000,3000,0,0.0,5817.0,1500.0,0.0,0.0,0.0,0.0,0.0,0.0,0.0,0.0,0.0,0.0,0.0,0.0,0.0,0.0,0.0,0.0,0.0,0.0,0.0,0.0,0.0,0.0,0.0
bologna__peak__medium__seed1__mp_lta_g060_sf050,bologna,bologna,medium,3000,0.0,3600.0,peak,1,mp_lta_g060_sf050,mp,--lost-time-aware --lost-time-sat-flow 0.50 --lost-time-gain 0.60,human_light,/home/jakubhomoncik/sumo-traffic-control/logs/ablation/runs/run_0025_20260614_143342/populations/bologna_peak_medium_seed1.yaml,ok,4240.577,/home/jakubhomoncik/sumo-traffic-control/logs/ablation/runs/run_0025_20260614_143342/runs/bologna__peak__medium__seed1__mp_lta_g060_sf050/vehicle_metrics.csv,3000,2257.678,6008.1,2799.468333,6943.1,2575.901123,4.47356,-21975418.588237,-21978902.922449,3000,3000,0,0.0,3231.0,2737.0,0.0,0.0,0.0,0.0,0.0,0.0,0.0,0.0,0.0,0.0,0.0,0.0,0.0,0.0,0.0,0.0,0.0,0.0,0.0,0.0,0.0,0.0,0.0
bologna__peak__medium__seed1__mp_nmin_a120_f4,bologna,bologna,medium,3000,0.0,3600.0,peak,1,mp_nmin_a120_f4,mp,--nmin-dynamic --lost-time-sat-flow 0.50 --nmin-alpha 1.20 --nmin-floor 4 --nmin-min-green 4.0 --nmin-demand-gain 0.40 --nmin-empty-release-seconds 1.5,human_light,/home/jakubhomoncik/sumo-traffic-control/logs/ablation/runs/run_0025_20260614_143342/populations/bologna_peak_medium_seed1.yaml,ok,4208.937,/home/jakubhomoncik/sumo-traffic-control/logs/ablation/runs/run_0025_20260614_143342/runs/bologna__peak__medium__seed1__mp_nmin_a120_f4/vehicle_metrics.csv,3000,2244.694,5742.15,2802.418667,6731.5,2580.148973,4.436212,-20443892.118881,-20447385.051824,3000,3000,0,0.0,6820.0,1471.0,14484.0,0.0,0.0,0.0,0.0,0.0,0.0,0.0,0.0,0.0,0.0,0.0,0.0,0.0,0.0,0.0,0.0,0.0,0.0,0.0,0.0,0.0,0.0
bologna__peak__medium__seed1__mp_super,bologna,bologna,medium,3000,0.0,3600.0,peak,1,mp_super,mp,--super-router --super-load-ref 3.5 --super-low-load 0.38 --super-program0-exit-load 0.28 --super-high-load 0.62 --super-imbalance-threshold 0.50 --super-wait-imbalance-threshold 0.50 --super-burstiness-threshold 0.10 --super-platoon-threshold 0.50 --super-downstream-threshold 0.97 --super-mode-streak 4 --super-nmin-load 0.72 --super-lta-gain 0.60 --super-lta-sat-flow 0.50 --super-nmin-alpha 1.20 --super-nmin-floor 4 --super-nmin-min-green 4.0 --super-nmin-demand-gain 0.40 --super-nmin-empty-release-seconds 1.5 --fairness-mu 5.0 --fairness-w-half 20.0 --platoon-headway-threshold 2.1 --platoon-gap-out-seconds 2.1 --platoon-max-extra-green 2.0 --platoon-guard-occ 0.90 --spillback-on 0.90 --spillback-off 0.80 --spillback-min-halts 3 --spillback-alpha 0.30 --downstream-beta 0.4 --downstream-alpha 0.30,human_light,/home/jakubhomoncik/sumo-traffic-control/logs/ablation/runs/run_0025_20260614_143342/populations/bologna_peak_medium_seed1.yaml,ok,6676.268,/home/jakubhomoncik/sumo-traffic-control/logs/ablation/runs/run_0025_20260614_143342/runs/bologna__peak__medium__seed1__mp_super/vehicle_metrics.csv,3000,1155.638667,3678.1,1757.431,4986.2,1548.803937,4.564735,-4734744.479985,-4737233.213796,3000,3000,0,0.0,1412.0,0.0,0.0,56.0,47.0,3328.0,9.0,108.0,252.101828,3218.0,888.0,888.0,1506724.0,8430.0,20771.0,10363.0,581.0,77.0,5888.0,54450.886698,159214.297321,132017.54073,14653.282775,7796.0,51738.211696
bologna__peak__medium__seed1__mp_fair_mu5_w20,bologna,bologna,medium,3000,0.0,3600.0,peak,1,mp_fair_mu5_w20,mp,--fairness --fairness-mu 5.0 --fairness-w-half 20.0,human_light,/home/jakubhomoncik/sumo-traffic-control/logs/ablation/runs/run_0025_20260614_143342/populations/bologna_peak_medium_seed1.yaml,ok,3970.831,/home/jakubhomoncik/sumo-traffic-control/logs/ablation/runs/run_0025_20260614_143342/runs/bologna__peak__medium__seed1__mp_fair_mu5_w20/vehicle_metrics.csv,3000,1730.709,4701.8,2278.817333,5714.15,2063.74896,4.610038,-12218023.711881,-12220986.689127,3000,3000,0,0.0,6430.0,1322.0,0.0,0.0,0.0,0.0,0.0,45290.0,156594.73872,0.0,0.0,0.0,0.0,0.0,0.0,0.0,0.0,0.0,0.0,0.0,0.0,0.0,0.0,0.0,0.0
bologna__peak__medium__seed1__mp_spillback_on90_off80,bologna,bologna,medium,3000,0.0,3600.0,peak,1,mp_spillback_on90_off80,mp,--spillback --spillback-on 0.90 --spillback-off 0.80 --spillback-min-halts 3 --spillback-alpha 0.30,human_light,/home/jakubhomoncik/sumo-traffic-control/logs/ablation/runs/run_0025_20260614_143342/populations/bologna_peak_medium_seed1.yaml,ok,7074.239,/home/jakubhomoncik/sumo-traffic-control/logs/ablation/runs/run_0025_20260614_143342/runs/bologna__peak__medium__seed1__mp_spillback_on90_off80/vehicle_metrics.csv,3000,2222.984,6018.05,2771.313667,7027.0,2552.583837,4.525784,-16519776.862164,-16523233.792306,3000,3000,0,0.0,5853.0,1426.0,0.0,395.0,395.0,34169.0,0.0,0.0,0.0,0.0,0.0,0.0,0.0,0.0,0.0,0.0,0.0,0.0,0.0,0.0,0.0,0.0,0.0,0.0,0.0
bologna__peak__medium__seed1__fixed_program0,bologna,bologna,medium,3000,0.0,3600.0,peak,1,fixed_program0,fixed,--fixed-program-id 0,human_light,/home/jakubhomoncik/sumo-traffic-control/logs/ablation/runs/run_0025_20260614_143342/populations/bologna_peak_medium_seed1.yaml,ok,1518.149,/home/jakubhomoncik/sumo-traffic-control/logs/ablation/runs/run_0025_20260614_143342/runs/bologna__peak__medium__seed1__fixed_program0/vehicle_metrics.csv,3000,1659.254,7155.35,2232.406667,8231.55,2015.320607,4.523571,-14428453.817904,-14431448.310952,3000,3000,0,0.0,0.0,0.0,0.0,0.0,0.0,0.0,0.0,0.0,0.0,0.0,0.0,0.0,0.0,0.0,0.0,0.0,0.0,0.0,0.0,0.0,0.0,0.0,0.0,0.0,0.0
bologna__peak__medium__seed1__mp_platoon_x2,bologna,bologna,medium,3000,0.0,3600.0,peak,1,mp_platoon_x2,mp,--platoon-extension --platoon-headway-threshold 2.1 --platoon-gap-out-seconds 2.1 --platoon-max-extra-green 2.0 --platoon-guard-occ 0.90,human_light,/home/jakubhomoncik/sumo-traffic-control/logs/ablation/runs/run_0025_20260614_143342/populations/bologna_peak_medium_seed1.yaml,ok,6519.697,/home/jakubhomoncik/sumo-traffic-control/logs/ablation/runs/run_0025_20260614_143342/runs/bologna__peak__medium__seed1__mp_platoon_x2/vehicle_metrics.csv,3000,2205.219,5710.35,2759.881333,6735.3,2539.720967,4.512924,-18094264.04996,-18097704.895641,3000,3000,0,0.0,5751.0,1474.0,0.0,0.0,0.0,0.0,660.0,0.0,0.0,0.0,0.0,0.0,0.0,0.0,0.0,0.0,0.0,0.0,0.0,0.0,0.0,0.0,0.0,0.0,0.0
bologna__peak__medium__seed1__fixed_tuned,bologna,bologna,medium,3000,0.0,3600.0,peak,1,fixed_tuned,fixed,--fixed-program-id 0 --fixed-main-green-seconds 30,human_light,/home/jakubhomoncik/sumo-traffic-control/logs/ablation/runs/run_0025_20260614_143342/populations/bologna_peak_medium_seed1.yaml,ok,1935.054,/home/jakubhomoncik/sumo-traffic-control/logs/ablation/runs/run_0025_20260614_143342/runs/bologna__peak__medium__seed1__fixed_tuned/vehicle_metrics.csv,3000,1824.435,6906.45,2413.922667,8027.4,2196.235517,3.683374,-15083539.343581,-15086706.270941,3000,3000,0,0.0,0.0,0.0,0.0,0.0,0.0,0.0,0.0,0.0,0.0,0.0,0.0,0.0,0.0,0.0,0.0,0.0,0.0,0.0,0.0,0.0,0.0,0.0,0.0,0.0,0.0
bologna__peak__medium__seed1__mp_super_no_safe,bologna,bologna,medium,3000,0.0,3600.0,peak,1,mp_super_no_safe,mp,--super-router --super-load-ref 3.5 --super-low-load 0.38 --super-program0-exit-load 0.28 --super-high-load 0.62 --super-imbalance-threshold 0.50 --super-wait-imbalance-threshold 0.50 --super-burstiness-threshold 0.10 --super-platoon-threshold 0.50 --super-downstream-threshold 0.97 --super-mode-streak 4 --super-nmin-load 0.72 --super-lta-gain 0.60 --super-lta-sat-flow 0.50 --super-nmin-alpha 1.20 --super-nmin-floor 4 --super-nmin-min-green 4.0 --super-nmin-demand-gain 0.40 --super-nmin-empty-release-seconds 1.5 --fairness-mu 5.0 --fairness-w-half 20.0 --platoon-headway-threshold 2.1 --platoon-gap-out-seconds 2.1 --platoon-max-extra-green 2.0 --platoon-guard-occ 0.90 --spillback-on 0.90 --spillback-off 0.80 --spillback-min-halts 3 --spillback-alpha 0.30 --downstream-beta 0.4 --downstream-alpha 0.30 --super-disable-safe,human_light,/home/jakubhomoncik/sumo-traffic-control/logs/ablation/runs/run_0025_20260614_143342/populations/bologna_peak_medium_seed1.yaml,ok,7384.661,/home/jakubhomoncik/sumo-traffic-control/logs/ablation/runs/run_0025_20260614_143342/runs/bologna__peak__medium__seed1__mp_super_no_safe/vehicle_metrics.csv,3000,1163.807333,3769.15,1770.454667,5042.55,1562.298413,4.492041,-4208215.680061,-4210729.721822,3000,3000,0,0.0,1453.0,0.0,0.0,0.0,0.0,0.0,7.0,106.0,253.020686,3076.0,919.0,919.0,1493315.0,9100.0,24694.0,11871.0,580.0,51.0,0.0,54786.694432,160749.22455,132128.546001,15013.500577,7985.0,51044.111538
bologna__balanced__medium__seed2__mp_program0,bologna,bologna,medium,3000,0.0,3600.0,balanced,2,mp_program0,mp,--program0-hybrid --program0-load-ref 3.5 --program0-enter-mp-load 0.60 --program0-exit-fixed-load 0.40 --program0-mode-streak 4,human_light,/home/jakubhomoncik/sumo-traffic-control/logs/ablation/runs/run_0025_20260614_143342/populations/bologna_balanced_medium_seed2.yaml,ok,1415.027,/home/jakubhomoncik/sumo-traffic-control/logs/ablation/runs/run_0025_20260614_143342/runs/bologna__balanced__medium__seed2__mp_program0/vehicle_metrics.csv,3000,361.918667,1457.2,682.988667,1942.45,506.874407,7.144371,-2027407.783797,-2028737.227999,3000,3000,0,0.0,174.0,0.0,0.0,0.0,0.0,0.0,0.0,0.0,0.0,0.0,0.0,0.0,0.0,0.0,0.0,0.0,0.0,0.0,0.0,0.0,0.0,0.0,0.0,0.0,0.0
bologna__balanced__medium__seed2__mp_base,bologna,bologna,medium,3000,0.0,3600.0,balanced,2,mp_base,mp,,human_light,/home/jakubhomoncik/sumo-traffic-control/logs/ablation/runs/run_0025_20260614_143342/populations/bologna_balanced_medium_seed2.yaml,ok,2704.353,/home/jakubhomoncik/sumo-traffic-control/logs/ablation/runs/run_0025_20260614_143342/runs/bologna__balanced__medium__seed2__mp_base/vehicle_metrics.csv,3000,786.475667,2861.1,1116.522333,3510.05,934.74455,6.916128,-8532638.898178,-8534354.264306,3000,3000,0,0.0,5744.0,1209.0,0.0,0.0,0.0,0.0,0.0,0.0,0.0,0.0,0.0,0.0,0.0,0.0,0.0,0.0,0.0,0.0,0.0,0.0,0.0,0.0,0.0,0.0,0.0
bologna__balanced__medium__seed2__mp_super,bologna,bologna,medium,3000,0.0,3600.0,balanced,2,mp_super,mp,--super-router --super-load-ref 3.5 --super-low-load 0.38 --super-program0-exit-load 0.28 --super-high-load 0.62 --super-imbalance-threshold 0.50 --super-wait-imbalance-threshold 0.50 --super-burstiness-threshold 0.10 --super-platoon-threshold 0.50 --super-downstream-threshold 0.97 --super-mode-streak 4 --super-nmin-load 0.72 --super-lta-gain 0.60 --super-lta-sat-flow 0.50 --super-nmin-alpha 1.20 --super-nmin-floor 4 --super-nmin-min-green 4.0 --super-nmin-demand-gain 0.40 --super-nmin-empty-release-seconds 1.5 --fairness-mu 5.0 --fairness-w-half 20.0 --platoon-headway-threshold 2.1 --platoon-gap-out-seconds 2.1 --platoon-max-extra-green 2.0 --platoon-guard-occ 0.90 --spillback-on 0.90 --spillback-off 0.80 --spillback-min-halts 3 --spillback-alpha 0.30 --downstream-beta 0.4 --downstream-alpha 0.30,human_light,/home/jakubhomoncik/sumo-traffic-control/logs/ablation/runs/run_0025_20260614_143342/populations/bologna_balanced_medium_seed2.yaml,ok,4079.282,/home/jakubhomoncik/sumo-traffic-control/logs/ablation/runs/run_0025_20260614_143342/runs/bologna__balanced__medium__seed2__mp_super/vehicle_metrics.csv,3000,321.894667,855.05,650.993333,1494.05,474.490197,7.310875,-2444803.53249,-2446086.867957,3000,3000,0,0.0,621.0,0.0,0.0,1.0,1.0,1.0,0.0,359.0,731.94789,1144.0,461.0,461.0,1025604.0,2376.0,5958.0,812.0,2246.0,0.0,214.0,24123.562107,127993.378531,115053.479722,13140.59178,6618.0,22566.158644
bologna__balanced__medium__seed2__mp_lta_g060_sf050,bologna,bologna,medium,3000,0.0,3600.0,balanced,2,mp_lta_g060_sf050,mp,--lost-time-aware --lost-time-sat-flow 0.50 --lost-time-gain 0.60,human_light,/home/jakubhomoncik/sumo-traffic-control/logs/ablation/runs/run_0025_20260614_143342/populations/bologna_balanced_medium_seed2.yaml,ok,2692.895,/home/jakubhomoncik/sumo-traffic-control/logs/ablation/runs/run_0025_20260614_143342/runs/bologna__balanced__medium__seed2__mp_lta_g060_sf050/vehicle_metrics.csv,3000,723.570667,2927.15,1044.84,3541.4,863.58447,7.008377,-7908212.743094,-7909837.634356,3000,3000,0,0.0,3134.0,2404.0,0.0,0.0,0.0,0.0,0.0,0.0,0.0,0.0,0.0,0.0,0.0,0.0,0.0,0.0,0.0,0.0,0.0,0.0,0.0,0.0,0.0,0.0,0.0
bologna__balanced__medium__seed2__mp_nmin_a120_f4,bologna,bologna,medium,3000,0.0,3600.0,balanced,2,mp_nmin_a120_f4,mp,--nmin-dynamic --lost-time-sat-flow 0.50 --nmin-alpha 1.20 --nmin-floor 4 --nmin-min-green 4.0 --nmin-demand-gain 0.40 --nmin-empty-release-seconds 1.5,human_light,/home/jakubhomoncik/sumo-traffic-control/logs/ablation/runs/run_0025_20260614_143342/populations/bologna_balanced_medium_seed2.yaml,ok,2650.091,/home/jakubhomoncik/sumo-traffic-control/logs/ablation/runs/run_0025_20260614_143342/runs/bologna__balanced__medium__seed2__mp_nmin_a120_f4/vehicle_metrics.csv,3000,780.359333,2878.0,1113.055,3516.15,930.922867,6.954875,-8894151.729608,-8895853.712439,3000,3000,0,0.0,6164.0,1203.0,10910.0,0.0,0.0,0.0,0.0,0.0,0.0,0.0,0.0,0.0,0.0,0.0,0.0,0.0,0.0,0.0,0.0,0.0,0.0,0.0,0.0,0.0,0.0
bologna__balanced__medium__seed2__mp_fair_mu5_w20,bologna,bologna,medium,3000,0.0,3600.0,balanced,2,mp_fair_mu5_w20,mp,--fairness --fairness-mu 5.0 --fairness-w-half 20.0,human_light,/home/jakubhomoncik/sumo-traffic-control/logs/ablation/runs/run_0025_20260614_143342/populations/bologna_balanced_medium_seed2.yaml,ok,2150.542,/home/jakubhomoncik/sumo-traffic-control/logs/ablation/runs/run_0025_20260614_143342/runs/bologna__balanced__medium__seed2__mp_fair_mu5_w20/vehicle_metrics.csv,3000,699.303667,2431.2,1024.282333,3020.3,845.081753,6.944199,-5590728.23539,-5592347.574484,3000,3000,0,0.0,6432.0,1182.0,0.0,0.0,0.0,0.0,0.0,25072.0,73192.973909,0.0,0.0,0.0,0.0,0.0,0.0,0.0,0.0,0.0,0.0,0.0,0.0,0.0,0.0,0.0,0.0
bologna__balanced__medium__seed2__mp_spillback_on90_off80,bologna,bologna,medium,3000,0.0,3600.0,balanced,2,mp_spillback_on90_off80,mp,--spillback --spillback-on 0.90 --spillback-off 0.80 --spillback-min-halts 3 --spillback-alpha 0.30,human_light,/home/jakubhomoncik/sumo-traffic-control/logs/ablation/runs/run_0025_20260614_143342/populations/bologna_balanced_medium_seed2.yaml,ok,4493.848,/home/jakubhomoncik/sumo-traffic-control/logs/ablation/runs/run_0025_20260614_143342/runs/bologna__balanced__medium__seed2__mp_spillback_on90_off80/vehicle_metrics.csv,3000,855.009,3234.3,1187.810667,3830.65,1005.364507,6.748716,-9297765.80111,-9299544.119953,3000,3000,0,0.0,5568.0,1228.0,0.0,76.0,76.0,9394.0,0.0,0.0,0.0,0.0,0.0,0.0,0.0,0.0,0.0,0.0,0.0,0.0,0.0,0.0,0.0,0.0,0.0,0.0,0.0
bologna__balanced__medium__seed2__fixed_program0,bologna,bologna,medium,3000,0.0,3600.0,balanced,2,fixed_program0,fixed,--fixed-program-id 0,human_light,/home/jakubhomoncik/sumo-traffic-control/logs/ablation/runs/run_0025_20260614_143342/populations/bologna_balanced_medium_seed2.yaml,ok,645.45,/home/jakubhomoncik/sumo-traffic-control/logs/ablation/runs/run_0025_20260614_143342/runs/bologna__balanced__medium__seed2__fixed_program0/vehicle_metrics.csv,3000,565.463333,2273.25,921.804333,2984.7,743.778773,6.544385,-4201371.218318,-4202946.784761,3000,3000,0,0.0,0.0,0.0,0.0,0.0,0.0,0.0,0.0,0.0,0.0,0.0,0.0,0.0,0.0,0.0,0.0,0.0,0.0,0.0,0.0,0.0,0.0,0.0,0.0,0.0,0.0
bologna__balanced__medium__seed2__mp_platoon_x2,bologna,bologna,medium,3000,0.0,3600.0,balanced,2,mp_platoon_x2,mp,--platoon-extension --platoon-headway-threshold 2.1 --platoon-gap-out-seconds 2.1 --platoon-max-extra-green 2.0 --platoon-guard-occ 0.90,human_light,/home/jakubhomoncik/sumo-traffic-control/logs/ablation/runs/run_0025_20260614_143342/populations/bologna_balanced_medium_seed2.yaml,ok,4145.127,/home/jakubhomoncik/sumo-traffic-control/logs/ablation/runs/run_0025_20260614_143342/runs/bologna__balanced__medium__seed2__mp_platoon_x2/vehicle_metrics.csv,3000,853.049333,3201.35,1183.953,3771.05,1001.664433,6.767681,-9122386.779386,-9124165.894043,3000,3000,0,0.0,5883.0,1277.0,0.0,0.0,0.0,0.0,444.0,0.0,0.0,0.0,0.0,0.0,0.0,0.0,0.0,0.0,0.0,0.0,0.0,0.0,0.0,0.0,0.0,0.0,0.0
bologna__balanced__medium__seed2__fixed_tuned,bologna,bologna,medium,3000,0.0,3600.0,balanced,2,fixed_tuned,fixed,--fixed-program-id 0 --fixed-main-green-seconds 30,human_light,/home/jakubhomoncik/sumo-traffic-control/logs/ablation/runs/run_0025_20260614_143342/populations/bologna_balanced_medium_seed2.yaml,ok,709.401,/home/jakubhomoncik/sumo-traffic-control/logs/ablation/runs/run_0025_20260614_143342/runs/bologna__balanced__medium__seed2__fixed_tuned/vehicle_metrics.csv,3000,657.811667,2332.4,1018.911333,3176.25,843.119593,5.765752,-1633902.73402,-1635580.944873,3000,3000,0,0.0,0.0,0.0,0.0,0.0,0.0,0.0,0.0,0.0,0.0,0.0,0.0,0.0,0.0,0.0,0.0,0.0,0.0,0.0,0.0,0.0,0.0,0.0,0.0,0.0,0.0
bologna__balanced__medium__seed2__mp_super_no_safe,bologna,bologna,medium,3000,0.0,3600.0,balanced,2,mp_super_no_safe,mp,--super-router --super-load-ref 3.5 --super-low-load 0.38 --super-program0-exit-load 0.28 --super-high-load 0.62 --super-imbalance-threshold 0.50 --super-wait-imbalance-threshold 0.50 --super-burstiness-threshold 0.10 --super-platoon-threshold 0.50 --super-downstream-threshold 0.97 --super-mode-streak 4 --super-nmin-load 0.72 --super-lta-gain 0.60 --super-lta-sat-flow 0.50 --super-nmin-alpha 1.20 --super-nmin-floor 4 --super-nmin-min-green 4.0 --super-nmin-demand-gain 0.40 --super-nmin-empty-release-seconds 1.5 --fairness-mu 5.0 --fairness-w-half 20.0 --platoon-headway-threshold 2.1 --platoon-gap-out-seconds 2.1 --platoon-max-extra-green 2.0 --platoon-guard-occ 0.90 --spillback-on 0.90 --spillback-off 0.80 --spillback-min-halts 3 --spillback-alpha 0.30 --downstream-beta 0.4 --downstream-alpha 0.30 --super-disable-safe,human_light,/home/jakubhomoncik/sumo-traffic-control/logs/ablation/runs/run_0025_20260614_143342/populations/bologna_balanced_medium_seed2.yaml,ok,5028.854,/home/jakubhomoncik/sumo-traffic-control/logs/ablation/runs/run_0025_20260614_143342/runs/bologna__balanced__medium__seed2__mp_super_no_safe/vehicle_metrics.csv,3000,413.761333,1772.1,744.069333,2292.2,565.926867,7.057983,-4316176.334397,-4317567.406136,3000,3000,0,0.0,595.0,0.0,0.0,0.0,0.0,0.0,0.0,427.0,947.253071,1024.0,424.0,424.0,1286522.0,1697.0,5752.0,655.0,2208.0,5.0,0.0,23563.818846,131685.411504,119991.741078,13136.348365,6619.0,22752.563253
bologna__skewed__medium__seed2__mp_program0,bologna,bologna,medium,3000,0.0,3600.0,skewed,2,mp_program0,mp,--program0-hybrid --program0-load-ref 3.5 --program0-enter-mp-load 0.60 --program0-exit-fixed-load 0.40 --program0-mode-streak 4,human_light,/home/jakubhomoncik/sumo-traffic-control/logs/ablation/runs/run_0025_20260614_143342/populations/bologna_skewed_medium_seed2.yaml,ok,2106.158,/home/jakubhomoncik/sumo-traffic-control/logs/ablation/runs/run_0025_20260614_143342/runs/bologna__skewed__medium__seed2__mp_program0/vehicle_metrics.csv,3000,715.356,2886.15,1186.942667,3782.0,978.31127,5.603518,-3947695.100291,-3949697.677384,3000,3000,0,0.0,515.0,0.0,0.0,0.0,0.0,0.0,0.0,0.0,0.0,0.0,0.0,0.0,0.0,0.0,0.0,0.0,0.0,0.0,0.0,0.0,0.0,0.0,0.0,0.0,0.0
bologna__skewed__medium__seed2__mp_base,bologna,bologna,medium,3000,0.0,3600.0,skewed,2,mp_base,mp,,human_light,/home/jakubhomoncik/sumo-traffic-control/logs/ablation/runs/run_0025_20260614_143342/populations/bologna_skewed_medium_seed2.yaml,ok,3704.925,/home/jakubhomoncik/sumo-traffic-control/logs/ablation/runs/run_0025_20260614_143342/runs/bologna__skewed__medium__seed2__mp_base/vehicle_metrics.csv,3000,1820.531,5165.65,2325.576667,6040.15,2108.69787,5.034728,-13534912.408595,-13538034.55497,3000,3000,0,0.0,6158.0,1503.0,0.0,0.0,0.0,0.0,0.0,0.0,0.0,0.0,0.0,0.0,0.0,0.0,0.0,0.0,0.0,0.0,0.0,0.0,0.0,0.0,0.0,0.0,0.0
bologna__skewed__medium__seed2__mp_lta_g060_sf050,bologna,bologna,medium,3000,0.0,3600.0,skewed,2,mp_lta_g060_sf050,mp,--lost-time-aware --lost-time-sat-flow 0.50 --lost-time-gain 0.60,human_light,/home/jakubhomoncik/sumo-traffic-control/logs/ablation/runs/run_0025_20260614_143342/populations/bologna_skewed_medium_seed2.yaml,ok,3983.658,/home/jakubhomoncik/sumo-traffic-control/logs/ablation/runs/run_0025_20260614_143342/runs/bologna__skewed__medium__seed2__mp_lta_g060_sf050/vehicle_metrics.csv,3000,2026.775,5475.2,2535.429,6352.0,2315.96121,4.955258,-16474150.859998,-16477481.879923,3000,3000,0,0.0,3374.0,2949.0,0.0,0.0,0.0,0.0,0.0,0.0,0.0,0.0,0.0,0.0,0.0,0.0,0.0,0.0,0.0,0.0,0.0,0.0,0.0,0.0,0.0,0.0,0.0
bologna__skewed__medium__seed2__mp_super,bologna,bologna,medium,3000,0.0,3600.0,skewed,2,mp_super,mp,--super-router --super-load-ref 3.5 --super-low-load 0.38 --super-program0-exit-load 0.28 --super-high-load 0.62 --super-imbalance-threshold 0.50 --super-wait-imbalance-threshold 0.50 --super-burstiness-threshold 0.10 --super-platoon-threshold 0.50 --super-downstream-threshold 0.97 --super-mode-streak 4 --super-nmin-load 0.72 --super-lta-gain 0.60 --super-lta-sat-flow 0.50 --super-nmin-alpha 1.20 --super-nmin-floor 4 --super-nmin-min-green 4.0 --super-nmin-demand-gain 0.40 --super-nmin-empty-release-seconds 1.5 --fairness-mu 5.0 --fairness-w-half 20.0 --platoon-headway-threshold 2.1 --platoon-gap-out-seconds 2.1 --platoon-max-extra-green 2.0 --platoon-guard-occ 0.90 --spillback-on 0.90 --spillback-off 0.80 --spillback-min-halts 3 --spillback-alpha 0.30 --downstream-beta 0.4 --downstream-alpha 0.30,human_light,/home/jakubhomoncik/sumo-traffic-control/logs/ablation/runs/run_0025_20260614_143342/populations/bologna_skewed_medium_seed2.yaml,ok,5994.886,/home/jakubhomoncik/sumo-traffic-control/logs/ablation/runs/run_0025_20260614_143342/runs/bologna__skewed__medium__seed2__mp_super/vehicle_metrics.csv,3000,719.872667,2998.3,1191.359667,4036.25,980.275,5.682148,-6724743.042791,-6726749.900144,3000,3000,0,0.0,867.0,0.0,0.0,12.0,9.0,1188.0,3.0,144.0,292.145332,2115.0,783.0,783.0,1404531.0,4677.0,10232.0,2999.0,986.0,48.0,1318.0,34421.381385,155572.839502,135146.570542,15379.748191,8285.0,32106.827832
bologna__skewed__medium__seed2__mp_nmin_a120_f4,bologna,bologna,medium,3000,0.0,3600.0,skewed,2,mp_nmin_a120_f4,mp,--nmin-dynamic --lost-time-sat-flow 0.50 --nmin-alpha 1.20 --nmin-floor 4 --nmin-min-green 4.0 --nmin-demand-gain 0.40 --nmin-empty-release-seconds 1.5,human_light,/home/jakubhomoncik/sumo-traffic-control/logs/ablation/runs/run_0025_20260614_143342/populations/bologna_skewed_medium_seed2.yaml,ok,4129.355,/home/jakubhomoncik/sumo-traffic-control/logs/ablation/runs/run_0025_20260614_143342/runs/bologna__skewed__medium__seed2__mp_nmin_a120_f4/vehicle_metrics.csv,3000,1939.769667,5025.5,2454.54,5895.25,2234.34445,5.03231,-17309981.374175,-17313243.840104,3000,3000,0,0.0,6701.0,1524.0,13347.0,0.0,0.0,0.0,0.0,0.0,0.0,0.0,0.0,0.0,0.0,0.0,0.0,0.0,0.0,0.0,0.0,0.0,0.0,0.0,0.0,0.0,0.0
bologna__skewed__medium__seed2__mp_fair_mu5_w20,bologna,bologna,medium,3000,0.0,3600.0,skewed,2,mp_fair_mu5_w20,mp,--fairness --fairness-mu 5.0 --fairness-w-half 20.0,human_light,/home/jakubhomoncik/sumo-traffic-control/logs/ablation/runs/run_0025_20260614_143342/populations/bologna_skewed_medium_seed2.yaml,ok,3376.663,/home/jakubhomoncik/sumo-traffic-control/logs/ablation/runs/run_0025_20260614_143342/runs/bologna__skewed__medium__seed2__mp_fair_mu5_w20/vehicle_metrics.csv,3000,1564.440667,4405.25,2058.341333,5404.25,1841.68971,5.215339,-13220693.105467,-13223553.502989,3000,3000,0,0.0,6867.0,1394.0,0.0,0.0,0.0,0.0,0.0,45561.0,155834.080879,0.0,0.0,0.0,0.0,0.0,0.0,0.0,0.0,0.0,0.0,0.0,0.0,0.0,0.0,0.0,0.0
bologna__skewed__medium__seed2__mp_spillback_on90_off80,bologna,bologna,medium,3000,0.0,3600.0,skewed,2,mp_spillback_on90_off80,mp,--spillback --spillback-on 0.90 --spillback-off 0.80 --spillback-min-halts 3 --spillback-alpha 0.30,human_light,/home/jakubhomoncik/sumo-traffic-control/logs/ablation/runs/run_0025_20260614_143342/populations/bologna_skewed_medium_seed2.yaml,ok,6361.311,/home/jakubhomoncik/sumo-traffic-control/logs/ablation/runs/run_0025_20260614_143342/runs/bologna__skewed__medium__seed2__mp_spillback_on90_off80/vehicle_metrics.csv,3000,1855.391667,5360.95,2355.714667,6228.25,2135.553973,5.012882,-17244297.845087,-17247443.389385,3000,3000,0,0.0,6189.0,1582.0,0.0,286.0,286.0,24068.0,0.0,0.0,0.0,0.0,0.0,0.0,0.0,0.0,0.0,0.0,0.0,0.0,0.0,0.0,0.0,0.0,0.0,0.0,0.0
bologna__skewed__medium__seed2__mp_platoon_x2,bologna,bologna,medium,3000,0.0,3600.0,skewed,2,mp_platoon_x2,mp,--platoon-extension --platoon-headway-threshold 2.1 --platoon-gap-out-seconds 2.1 --platoon-max-extra-green 2.0 --platoon-guard-occ 0.90,human_light,/home/jakubhomoncik/sumo-traffic-control/logs/ablation/runs/run_0025_20260614_143342/populations/bologna_skewed_medium_seed2.yaml,ok,5817.535,/home/jakubhomoncik/sumo-traffic-control/logs/ablation/runs/run_0025_20260614_143342/runs/bologna__skewed__medium__seed2__mp_platoon_x2/vehicle_metrics.csv,3000,1751.869333,5039.25,2284.010333,5936.0,2065.146777,5.060403,-15736866.07085,-15739942.832247,3000,3000,0,0.0,6401.0,1454.0,0.0,0.0,0.0,0.0,510.0,0.0,0.0,0.0,0.0,0.0,0.0,0.0,0.0,0.0,0.0,0.0,0.0,0.0,0.0,0.0,0.0,0.0,0.0
bologna__skewed__medium__seed2__fixed_program0,bologna,bologna,medium,3000,0.0,3600.0,skewed,2,fixed_program0,fixed,--fixed-program-id 0,human_light,/home/jakubhomoncik/sumo-traffic-control/logs/ablation/runs/run_0025_20260614_143342/populations/bologna_skewed_medium_seed2.yaml,ok,1154.369,/home/jakubhomoncik/sumo-traffic-control/logs/ablation/runs/run_0025_20260614_143342/runs/bologna__skewed__medium__seed2__fixed_program0/vehicle_metrics.csv,3000,1185.541667,5368.05,1680.191667,6376.95,1468.000383,5.369247,-8018565.601998,-8021081.274047,3000,3000,0,0.0,0.0,0.0,0.0,0.0,0.0,0.0,0.0,0.0,0.0,0.0,0.0,0.0,0.0,0.0,0.0,0.0,0.0,0.0,0.0,0.0,0.0,0.0,0.0,0.0,0.0
bologna__skewed__medium__seed2__fixed_tuned,bologna,bologna,medium,3000,0.0,3600.0,skewed,2,fixed_tuned,fixed,--fixed-program-id 0 --fixed-main-green-seconds 30,human_light,/home/jakubhomoncik/sumo-traffic-control/logs/ablation/runs/run_0025_20260614_143342/populations/bologna_skewed_medium_seed2.yaml,ok,1262.118,/home/jakubhomoncik/sumo-traffic-control/logs/ablation/runs/run_0025_20260614_143342/runs/bologna__skewed__medium__seed2__fixed_tuned/vehicle_metrics.csv,3000,1323.288667,5280.5,1844.868333,6318.3,1634.665903,4.342836,-5753767.450925,-5756470.357917,3000,3000,0,0.0,0.0,0.0,0.0,0.0,0.0,0.0,0.0,0.0,0.0,0.0,0.0,0.0,0.0,0.0,0.0,0.0,0.0,0.0,0.0,0.0,0.0,0.0,0.0,0.0,0.0
bologna__skewed__medium__seed2__mp_super_no_safe,bologna,bologna,medium,3000,0.0,3600.0,skewed,2,mp_super_no_safe,mp,--super-router --super-load-ref 3.5 --super-low-load 0.38 --super-program0-exit-load 0.28 --super-high-load 0.62 --super-imbalance-threshold 0.50 --super-wait-imbalance-threshold 0.50 --super-burstiness-threshold 0.10 --super-platoon-threshold 0.50 --super-downstream-threshold 0.97 --super-mode-streak 4 --super-nmin-load 0.72 --super-lta-gain 0.60 --super-lta-sat-flow 0.50 --super-nmin-alpha 1.20 --super-nmin-floor 4 --super-nmin-min-green 4.0 --super-nmin-demand-gain 0.40 --super-nmin-empty-release-seconds 1.5 --fairness-mu 5.0 --fairness-w-half 20.0 --platoon-headway-threshold 2.1 --platoon-gap-out-seconds 2.1 --platoon-max-extra-green 2.0 --platoon-guard-occ 0.90 --spillback-on 0.90 --spillback-off 0.80 --spillback-min-halts 3 --spillback-alpha 0.30 --downstream-beta 0.4 --downstream-alpha 0.30 --super-disable-safe,human_light,/home/jakubhomoncik/sumo-traffic-control/logs/ablation/runs/run_0025_20260614_143342/populations/bologna_skewed_medium_seed2.yaml,ok,6055.342,/home/jakubhomoncik/sumo-traffic-control/logs/ablation/runs/run_0025_20260614_143342/runs/bologna__skewed__medium__seed2__mp_super_no_safe/vehicle_metrics.csv,3000,778.723667,3123.2,1272.434333,4154.1,1063.653637,5.485554,-4127946.22226,-4130041.822159,3000,3000,0,0.0,954.0,0.0,0.0,0.0,0.0,0.0,1.0,230.0,542.807071,2151.0,772.0,772.0,1449225.0,4937.0,13193.0,3493.0,1161.0,28.0,0.0,36605.428507,159870.571807,137627.640147,15467.273102,8158.0,36864.198375
bologna__peak__medium__seed2__mp_program0,bologna,bologna,medium,3000,0.0,3600.0,peak,2,mp_program0,mp,--program0-hybrid --program0-load-ref 3.5 --program0-enter-mp-load 0.60 --program0-exit-fixed-load 0.40 --program0-mode-streak 4,human_light,/home/jakubhomoncik/sumo-traffic-control/logs/ablation/runs/run_0025_20260614_143342/populations/bologna_peak_medium_seed2.yaml,ok,2550.337,/home/jakubhomoncik/sumo-traffic-control/logs/ablation/runs/run_0025_20260614_143342/runs/bologna__peak__medium__seed2__mp_program0/vehicle_metrics.csv,3000,1002.104,3475.55,1601.877667,4784.2,1394.201563,4.743211,-3983864.525271,-3986337.953288,3000,3000,0,0.0,977.0,0.0,0.0,0.0,0.0,0.0,0.0,0.0,0.0,0.0,0.0,0.0,0.0,0.0,0.0,0.0,0.0,0.0,0.0,0.0,0.0,0.0,0.0,0.0,0.0
bologna__peak__medium__seed2__mp_base,bologna,bologna,medium,3000,0.0,3600.0,peak,2,mp_base,mp,,human_light,/home/jakubhomoncik/sumo-traffic-control/logs/ablation/runs/run_0025_20260614_143342/populations/bologna_peak_medium_seed2.yaml,ok,4103.55,/home/jakubhomoncik/sumo-traffic-control/logs/ablation/runs/run_0025_20260614_143342/runs/bologna__peak__medium__seed2__mp_base/vehicle_metrics.csv,3000,2115.733,5494.25,2667.736,6513.35,2450.18327,4.688968,-15564772.423546,-15568290.963054,3000,3000,0,0.0,5765.0,1416.0,0.0,0.0,0.0,0.0,0.0,0.0,0.0,0.0,0.0,0.0,0.0,0.0,0.0,0.0,0.0,0.0,0.0,0.0,0.0,0.0,0.0,0.0,0.0
bologna__peak__medium__seed2__mp_lta_g060_sf050,bologna,bologna,medium,3000,0.0,3600.0,peak,2,mp_lta_g060_sf050,mp,--lost-time-aware --lost-time-sat-flow 0.50 --lost-time-gain 0.60,human_light,/home/jakubhomoncik/sumo-traffic-control/logs/ablation/runs/run_0025_20260614_143342/populations/bologna_peak_medium_seed2.yaml,ok,4387.502,/home/jakubhomoncik/sumo-traffic-control/logs/ablation/runs/run_0025_20260614_143342/runs/bologna__peak__medium__seed2__mp_lta_g060_sf050/vehicle_metrics.csv,3000,2460.029667,6306.0,3041.370333,7435.0,2817.75976,4.465808,-22387468.961661,-22391376.387038,3000,3000,0,0.0,3331.0,2620.0,0.0,0.0,0.0,0.0,0.0,0.0,0.0,0.0,0.0,0.0,0.0,0.0,0.0,0.0,0.0,0.0,0.0,0.0,0.0,0.0,0.0,0.0,0.0
bologna__peak__medium__seed2__mp_nmin_a120_f4,bologna,bologna,medium,3000,0.0,3600.0,peak,2,mp_nmin_a120_f4,mp,--nmin-dynamic --lost-time-sat-flow 0.50 --nmin-alpha 1.20 --nmin-floor 4 --nmin-min-green 4.0 --nmin-demand-gain 0.40 --nmin-empty-release-seconds 1.5,human_light,/home/jakubhomoncik/sumo-traffic-control/logs/ablation/runs/run_0025_20260614_143342/populations/bologna_peak_medium_seed2.yaml,ok,4087.496,/home/jakubhomoncik/sumo-traffic-control/logs/ablation/runs/run_0025_20260614_143342/runs/bologna__peak__medium__seed2__mp_nmin_a120_f4/vehicle_metrics.csv,3000,2194.612,5860.0,2754.168,6841.1,2534.0186,4.666026,-18463006.796666,-18466628.696601,3000,3000,0,0.0,6661.0,1400.0,14908.0,0.0,0.0,0.0,0.0,0.0,0.0,0.0,0.0,0.0,0.0,0.0,0.0,0.0,0.0,0.0,0.0,0.0,0.0,0.0,0.0,0.0,0.0
bologna__peak__medium__seed2__mp_super,bologna,bologna,medium,3000,0.0,3600.0,peak,2,mp_super,mp,--super-router --super-load-ref 3.5 --super-low-load 0.38 --super-program0-exit-load 0.28 --super-high-load 0.62 --super-imbalance-threshold 0.50 --super-wait-imbalance-threshold 0.50 --super-burstiness-threshold 0.10 --super-platoon-threshold 0.50 --super-downstream-threshold 0.97 --super-mode-streak 4 --super-nmin-load 0.72 --super-lta-gain 0.60 --super-lta-sat-flow 0.50 --super-nmin-alpha 1.20 --super-nmin-floor 4 --super-nmin-min-green 4.0 --super-nmin-demand-gain 0.40 --super-nmin-empty-release-seconds 1.5 --fairness-mu 5.0 --fairness-w-half 20.0 --platoon-headway-threshold 2.1 --platoon-gap-out-seconds 2.1 --platoon-max-extra-green 2.0 --platoon-guard-occ 0.90 --spillback-on 0.90 --spillback-off 0.80 --spillback-min-halts 3 --spillback-alpha 0.30 --downstream-beta 0.4 --downstream-alpha 0.30,human_light,/home/jakubhomoncik/sumo-traffic-control/logs/ablation/runs/run_0025_20260614_143342/populations/bologna_peak_medium_seed2.yaml,ok,6477.182,/home/jakubhomoncik/sumo-traffic-control/logs/ablation/runs/run_0025_20260614_143342/runs/bologna__peak__medium__seed2__mp_super/vehicle_metrics.csv,3000,1071.692333,3523.3,1677.230333,4838.75,1468.319073,4.648778,-5410746.486465,-5413301.722647,3000,3000,0,0.0,1537.0,0.0,0.0,36.0,32.0,2580.0,10.0,277.0,609.380569,3138.0,909.0,909.0,1449461.0,8942.0,20532.0,10711.0,1469.0,69.0,3576.0,53304.759026,158518.733405,129935.745777,14341.261602,8066.0,47525.718423
bologna__peak__medium__seed2__mp_fair_mu5_w20,bologna,bologna,medium,3000,0.0,3600.0,peak,2,mp_fair_mu5_w20,mp,--fairness --fairness-mu 5.0 --fairness-w-half 20.0,human_light,/home/jakubhomoncik/sumo-traffic-control/logs/ablation/runs/run_0025_20260614_143342/populations/bologna_peak_medium_seed2.yaml,ok,4196.898,/home/jakubhomoncik/sumo-traffic-control/logs/ablation/runs/run_0025_20260614_143342/runs/bologna__peak__medium__seed2__mp_fair_mu5_w20/vehicle_metrics.csv,3000,2095.057333,5409.0,2657.643333,6415.15,2439.347273,4.522677,-16320328.547957,-16323847.259422,3000,3000,0,0.0,6799.0,1282.0,0.0,0.0,0.0,0.0,0.0,61675.0,226165.444919,0.0,0.0,0.0,0.0,0.0,0.0,0.0,0.0,0.0,0.0,0.0,0.0,0.0,0.0,0.0,0.0
bologna__peak__medium__seed2__mp_spillback_on90_off80,bologna,bologna,medium,3000,0.0,3600.0,peak,2,mp_spillback_on90_off80,mp,--spillback --spillback-on 0.90 --spillback-off 0.80 --spillback-min-halts 3 --spillback-alpha 0.30,human_light,/home/jakubhomoncik/sumo-traffic-control/logs/ablation/runs/run_0025_20260614_143342/populations/bologna_peak_medium_seed2.yaml,ok,7093.789,/home/jakubhomoncik/sumo-traffic-control/logs/ablation/runs/run_0025_20260614_143342/runs/bologna__peak__medium__seed2__mp_spillback_on90_off80/vehicle_metrics.csv,3000,2203.862,6125.3,2760.149333,7231.45,2541.656813,4.753205,-16592212.051517,-16595819.388329,3000,3000,0,0.0,5956.0,1459.0,0.0,353.0,353.0,33783.0,0.0,0.0,0.0,0.0,0.0,0.0,0.0,0.0,0.0,0.0,0.0,0.0,0.0,0.0,0.0,0.0,0.0,0.0,0.0
bologna__peak__medium__seed2__mp_platoon_x2,bologna,bologna,medium,3000,0.0,3600.0,peak,2,mp_platoon_x2,mp,--platoon-extension --platoon-headway-threshold 2.1 --platoon-gap-out-seconds 2.1 --platoon-max-extra-green 2.0 --platoon-guard-occ 0.90,human_light,/home/jakubhomoncik/sumo-traffic-control/logs/ablation/runs/run_0025_20260614_143342/populations/bologna_peak_medium_seed2.yaml,ok,5965.028,/home/jakubhomoncik/sumo-traffic-control/logs/ablation/runs/run_0025_20260614_143342/runs/bologna__peak__medium__seed2__mp_platoon_x2/vehicle_metrics.csv,3000,1983.130333,5103.05,2520.820667,6074.15,2306.20407,4.74384,-12169471.812359,-12172835.441228,3000,3000,0,0.0,5768.0,1362.0,0.0,0.0,0.0,0.0,590.0,0.0,0.0,0.0,0.0,0.0,0.0,0.0,0.0,0.0,0.0,0.0,0.0,0.0,0.0,0.0,0.0,0.0,0.0
bologna__peak__medium__seed2__fixed_program0,bologna,bologna,medium,3000,0.0,3600.0,peak,2,fixed_program0,fixed,--fixed-program-id 0,human_light,/home/jakubhomoncik/sumo-traffic-control/logs/ablation/runs/run_0025_20260614_143342/populations/bologna_peak_medium_seed2.yaml,ok,1447.906,/home/jakubhomoncik/sumo-traffic-control/logs/ablation/runs/run_0025_20260614_143342/runs/bologna__peak__medium__seed2__fixed_program0/vehicle_metrics.csv,3000,1531.211333,6312.9,2120.325667,7529.35,1907.901817,4.444375,-9451969.331194,-9454997.584561,3000,3000,0,0.0,0.0,0.0,0.0,0.0,0.0,0.0,0.0,0.0,0.0,0.0,0.0,0.0,0.0,0.0,0.0,0.0,0.0,0.0,0.0,0.0,0.0,0.0,0.0,0.0,0.0
bologna__peak__medium__seed2__fixed_tuned,bologna,bologna,medium,3000,0.0,3600.0,peak,2,fixed_tuned,fixed,--fixed-program-id 0 --fixed-main-green-seconds 30,human_light,/home/jakubhomoncik/sumo-traffic-control/logs/ablation/runs/run_0025_20260614_143342/populations/bologna_peak_medium_seed2.yaml,ok,1752.857,/home/jakubhomoncik/sumo-traffic-control/logs/ablation/runs/run_0025_20260614_143342/runs/bologna__peak__medium__seed2__fixed_tuned/vehicle_metrics.csv,3000,1766.823,6496.2,2360.827667,7670.05,2147.728113,3.68375,-10237511.032788,-10240835.346658,3000,3000,0,0.0,0.0,0.0,0.0,0.0,0.0,0.0,0.0,0.0,0.0,0.0,0.0,0.0,0.0,0.0,0.0,0.0,0.0,0.0,0.0,0.0,0.0,0.0,0.0,0.0,0.0
bologna__peak__medium__seed2__mp_super_no_safe,bologna,bologna,medium,3000,0.0,3600.0,peak,2,mp_super_no_safe,mp,--super-router --super-load-ref 3.5 --super-low-load 0.38 --super-program0-exit-load 0.28 --super-high-load 0.62 --super-imbalance-threshold 0.50 --super-wait-imbalance-threshold 0.50 --super-burstiness-threshold 0.10 --super-platoon-threshold 0.50 --super-downstream-threshold 0.97 --super-mode-streak 4 --super-nmin-load 0.72 --super-lta-gain 0.60 --super-lta-sat-flow 0.50 --super-nmin-alpha 1.20 --super-nmin-floor 4 --super-nmin-min-green 4.0 --super-nmin-demand-gain 0.40 --super-nmin-empty-release-seconds 1.5 --fairness-mu 5.0 --fairness-w-half 20.0 --platoon-headway-threshold 2.1 --platoon-gap-out-seconds 2.1 --platoon-max-extra-green 2.0 --platoon-guard-occ 0.90 --spillback-on 0.90 --spillback-off 0.80 --spillback-min-halts 3 --spillback-alpha 0.30 --downstream-beta 0.4 --downstream-alpha 0.30 --super-disable-safe,human_light,/home/jakubhomoncik/sumo-traffic-control/logs/ablation/runs/run_0025_20260614_143342/populations/bologna_peak_medium_seed2.yaml,ok,7181.352,/home/jakubhomoncik/sumo-traffic-control/logs/ablation/runs/run_0025_20260614_143342/runs/bologna__peak__medium__seed2__mp_super_no_safe/vehicle_metrics.csv,3000,1109.008333,3526.5,1728.452,4866.5,1520.442107,4.629119,-4374151.850294,-4376758.417129,3000,3000,0,0.0,1594.0,0.0,0.0,0.0,0.0,0.0,4.0,257.0,555.295696,3135.0,935.0,935.0,1463883.0,8522.0,24236.0,11962.0,1403.0,42.0,0.0,54638.123237,161674.764992,132269.980984,14506.027285,7823.0,50445.241003
bologna__balanced__medium__seed3__mp_program0,bologna,bologna,medium,3000,0.0,3600.0,balanced,3,mp_program0,mp,--program0-hybrid --program0-load-ref 3.5 --program0-enter-mp-load 0.60 --program0-exit-fixed-load 0.40 --program0-mode-streak 4,human_light,/home/jakubhomoncik/sumo-traffic-control/logs/ablation/runs/run_0025_20260614_143342/populations/bologna_balanced_medium_seed3.yaml,ok,1697.95,/home/jakubhomoncik/sumo-traffic-control/logs/ablation/runs/run_0025_20260614_143342/runs/bologna__balanced__medium__seed3__mp_program0/vehicle_metrics.csv,3000,425.440667,2026.4,743.086667,2511.55,565.4834,7.137498,-5099004.195288,-5100347.626762,3000,3000,0,0.0,257.0,0.0,0.0,0.0,0.0,0.0,0.0,0.0,0.0,0.0,0.0,0.0,0.0,0.0,0.0,0.0,0.0,0.0,0.0,0.0,0.0,0.0,0.0,0.0,0.0
bologna__balanced__medium__seed3__mp_base,bologna,bologna,medium,3000,0.0,3600.0,balanced,3,mp_base,mp,,human_light,/home/jakubhomoncik/sumo-traffic-control/logs/ablation/runs/run_0025_20260614_143342/populations/bologna_balanced_medium_seed3.yaml,ok,2440.383,/home/jakubhomoncik/sumo-traffic-control/logs/ablation/runs/run_0025_20260614_143342/runs/bologna__balanced__medium__seed3__mp_base/vehicle_metrics.csv,3000,740.637333,2687.95,1063.251667,3335.0,881.400113,7.225496,-9961231.646417,-9962839.712546,3000,3000,0,0.0,5596.0,1208.0,0.0,0.0,0.0,0.0,0.0,0.0,0.0,0.0,0.0,0.0,0.0,0.0,0.0,0.0,0.0,0.0,0.0,0.0,0.0,0.0,0.0,0.0,0.0
bologna__balanced__medium__seed3__mp_super,bologna,bologna,medium,3000,0.0,3600.0,balanced,3,mp_super,mp,--super-router --super-load-ref 3.5 --super-low-load 0.38 --super-program0-exit-load 0.28 --super-high-load 0.62 --super-imbalance-threshold 0.50 --super-wait-imbalance-threshold 0.50 --super-burstiness-threshold 0.10 --super-platoon-threshold 0.50 --super-downstream-threshold 0.97 --super-mode-streak 4 --super-nmin-load 0.72 --super-lta-gain 0.60 --super-lta-sat-flow 0.50 --super-nmin-alpha 1.20 --super-nmin-floor 4 --super-nmin-min-green 4.0 --super-nmin-demand-gain 0.40 --super-nmin-empty-release-seconds 1.5 --fairness-mu 5.0 --fairness-w-half 20.0 --platoon-headway-threshold 2.1 --platoon-gap-out-seconds 2.1 --platoon-max-extra-green 2.0 --platoon-guard-occ 0.90 --spillback-on 0.90 --spillback-off 0.80 --spillback-min-halts 3 --spillback-alpha 0.30 --downstream-beta 0.4 --downstream-alpha 0.30,human_light,/home/jakubhomoncik/sumo-traffic-control/logs/ablation/runs/run_0025_20260614_143342/populations/bologna_balanced_medium_seed3.yaml,ok,3771.286,/home/jakubhomoncik/sumo-traffic-control/logs/ablation/runs/run_0025_20260614_143342/runs/bologna__balanced__medium__seed3__mp_super/vehicle_metrics.csv,3000,271.693,703.1,579.407667,1247.0,405.23248,7.733206,-1196549.335838,-1197731.296017,3000,3000,0,0.0,530.0,0.0,0.0,2.0,1.0,531.0,0.0,262.0,541.51577,968.0,419.0,419.0,943216.0,1205.0,5226.0,76.0,1638.0,8.0,761.0,22134.002139,127947.323774,115979.717954,12818.410125,6590.0,22270.991734
bologna__balanced__medium__seed3__mp_lta_g060_sf050,bologna,bologna,medium,3000,0.0,3600.0,balanced,3,mp_lta_g060_sf050,mp,--lost-time-aware --lost-time-sat-flow 0.50 --lost-time-gain 0.60,human_light,/home/jakubhomoncik/sumo-traffic-control/logs/ablation/runs/run_0025_20260614_143342/populations/bologna_balanced_medium_seed3.yaml,ok,2349.664,/home/jakubhomoncik/sumo-traffic-control/logs/ablation/runs/run_0025_20260614_143342/runs/bologna__balanced__medium__seed3__mp_lta_g060_sf050/vehicle_metrics.csv,3000,686.006,2844.6,1001.409667,3420.4,819.625803,7.01303,-9897621.369254,-9899162.875797,3000,3000,0,0.0,3043.0,2375.0,0.0,0.0,0.0,0.0,0.0,0.0,0.0,0.0,0.0,0.0,0.0,0.0,0.0,0.0,0.0,0.0,0.0,0.0,0.0,0.0,0.0,0.0,0.0
bologna__balanced__medium__seed3__mp_nmin_a120_f4,bologna,bologna,medium,3000,0.0,3600.0,balanced,3,mp_nmin_a120_f4,mp,--nmin-dynamic --lost-time-sat-flow 0.50 --nmin-alpha 1.20 --nmin-floor 4 --nmin-min-green 4.0 --nmin-demand-gain 0.40 --nmin-empty-release-seconds 1.5,human_light,/home/jakubhomoncik/sumo-traffic-control/logs/ablation/runs/run_0025_20260614_143342/populations/bologna_balanced_medium_seed3.yaml,ok,2513.95,/home/jakubhomoncik/sumo-traffic-control/logs/ablation/runs/run_0025_20260614_143342/runs/bologna__balanced__medium__seed3__mp_nmin_a120_f4/vehicle_metrics.csv,3000,839.885667,3140.3,1169.159,3699.5,986.18946,6.937222,-11302892.519256,-11304607.799931,3000,3000,0,0.0,6252.0,1282.0,11395.0,0.0,0.0,0.0,0.0,0.0,0.0,0.0,0.0,0.0,0.0,0.0,0.0,0.0,0.0,0.0,0.0,0.0,0.0,0.0,0.0,0.0,0.0
bologna__balanced__medium__seed3__mp_fair_mu5_w20,bologna,bologna,medium,3000,0.0,3600.0,balanced,3,mp_fair_mu5_w20,mp,--fairness --fairness-mu 5.0 --fairness-w-half 20.0,human_light,/home/jakubhomoncik/sumo-traffic-control/logs/ablation/runs/run_0025_20260614_143342/populations/bologna_balanced_medium_seed3.yaml,ok,2207.429,/home/jakubhomoncik/sumo-traffic-control/logs/ablation/runs/run_0025_20260614_143342/runs/bologna__balanced__medium__seed3__mp_fair_mu5_w20/vehicle_metrics.csv,3000,698.133667,2472.15,1023.205667,3066.15,843.876213,7.051554,-7127678.098757,-7129251.593436,3000,3000,0,0.0,6398.0,1180.0,0.0,0.0,0.0,0.0,0.0,28024.0,83691.783782,0.0,0.0,0.0,0.0,0.0,0.0,0.0,0.0,0.0,0.0,0.0,0.0,0.0,0.0,0.0,0.0
bologna__balanced__medium__seed3__mp_spillback_on90_off80,bologna,bologna,medium,3000,0.0,3600.0,balanced,3,mp_spillback_on90_off80,mp,--spillback --spillback-on 0.90 --spillback-off 0.80 --spillback-min-halts 3 --spillback-alpha 0.30,human_light,/home/jakubhomoncik/sumo-traffic-control/logs/ablation/runs/run_0025_20260614_143342/populations/bologna_balanced_medium_seed3.yaml,ok,4662.614,/home/jakubhomoncik/sumo-traffic-control/logs/ablation/runs/run_0025_20260614_143342/runs/bologna__balanced__medium__seed3__mp_spillback_on90_off80/vehicle_metrics.csv,3000,825.097667,3192.05,1153.401667,3825.4,971.539557,7.07704,-10044487.820532,-10046189.077697,3000,3000,0,0.0,5655.0,1274.0,0.0,70.0,70.0,7891.0,0.0,0.0,0.0,0.0,0.0,0.0,0.0,0.0,0.0,0.0,0.0,0.0,0.0,0.0,0.0,0.0,0.0,0.0,0.0
bologna__balanced__medium__seed3__mp_platoon_x2,bologna,bologna,medium,3000,0.0,3600.0,balanced,3,mp_platoon_x2,mp,--platoon-extension --platoon-headway-threshold 2.1 --platoon-gap-out-seconds 2.1 --platoon-max-extra-green 2.0 --platoon-guard-occ 0.90,human_light,/home/jakubhomoncik/sumo-traffic-control/logs/ablation/runs/run_0025_20260614_143342/populations/bologna_balanced_medium_seed3.yaml,ok,3777.359,/home/jakubhomoncik/sumo-traffic-control/logs/ablation/runs/run_0025_20260614_143342/runs/bologna__balanced__medium__seed3__mp_platoon_x2/vehicle_metrics.csv,3000,746.912,2735.7,1068.058,3363.05,886.92649,7.158086,-9193498.363407,-9195111.775969,3000,3000,0,0.0,5699.0,1238.0,0.0,0.0,0.0,0.0,446.0,0.0,0.0,0.0,0.0,0.0,0.0,0.0,0.0,0.0,0.0,0.0,0.0,0.0,0.0,0.0,0.0,0.0,0.0
bologna__balanced__medium__seed3__fixed_program0,bologna,bologna,medium,3000,0.0,3600.0,balanced,3,fixed_program0,fixed,--fixed-program-id 0,human_light,/home/jakubhomoncik/sumo-traffic-control/logs/ablation/runs/run_0025_20260614_143342/populations/bologna_balanced_medium_seed3.yaml,ok,619.642,/home/jakubhomoncik/sumo-traffic-control/logs/ablation/runs/run_0025_20260614_143342/runs/bologna__balanced__medium__seed3__fixed_program0/vehicle_metrics.csv,3000,551.478,2296.55,892.463,2788.05,713.842067,6.642288,-6289934.075517,-6291417.988443,3000,3000,0,0.0,0.0,0.0,0.0,0.0,0.0,0.0,0.0,0.0,0.0,0.0,0.0,0.0,0.0,0.0,0.0,0.0,0.0,0.0,0.0,0.0,0.0,0.0,0.0,0.0,0.0
bologna__balanced__medium__seed3__fixed_tuned,bologna,bologna,medium,3000,0.0,3600.0,balanced,3,fixed_tuned,fixed,--fixed-program-id 0 --fixed-main-green-seconds 30,human_light,/home/jakubhomoncik/sumo-traffic-control/logs/ablation/runs/run_0025_20260614_143342/populations/bologna_balanced_medium_seed3.yaml,ok,603.341,/home/jakubhomoncik/sumo-traffic-control/logs/ablation/runs/run_0025_20260614_143342/runs/bologna__balanced__medium__seed3__fixed_tuned/vehicle_metrics.csv,3000,540.214667,1754.15,883.542333,2453.25,709.504993,5.902421,-1055438.077538,-1056925.149196,3000,3000,0,0.0,0.0,0.0,0.0,0.0,0.0,0.0,0.0,0.0,0.0,0.0,0.0,0.0,0.0,0.0,0.0,0.0,0.0,0.0,0.0,0.0,0.0,0.0,0.0,0.0,0.0
bologna__balanced__medium__seed3__mp_super_no_safe,bologna,bologna,medium,3000,0.0,3600.0,balanced,3,mp_super_no_safe,mp,--super-router --super-load-ref 3.5 --super-low-load 0.38 --super-program0-exit-load 0.28 --super-high-load 0.62 --super-imbalance-threshold 0.50 --super-wait-imbalance-threshold 0.50 --super-burstiness-threshold 0.10 --super-platoon-threshold 0.50 --super-downstream-threshold 0.97 --super-mode-streak 4 --super-nmin-load 0.72 --super-lta-gain 0.60 --super-lta-sat-flow 0.50 --super-nmin-alpha 1.20 --super-nmin-floor 4 --super-nmin-min-green 4.0 --super-nmin-demand-gain 0.40 --super-nmin-empty-release-seconds 1.5 --fairness-mu 5.0 --fairness-w-half 20.0 --platoon-headway-threshold 2.1 --platoon-gap-out-seconds 2.1 --platoon-max-extra-green 2.0 --platoon-guard-occ 0.90 --spillback-on 0.90 --spillback-off 0.80 --spillback-min-halts 3 --spillback-alpha 0.30 --downstream-beta 0.4 --downstream-alpha 0.30 --super-disable-safe,human_light,/home/jakubhomoncik/sumo-traffic-control/logs/ablation/runs/run_0025_20260614_143342/populations/bologna_balanced_medium_seed3.yaml,ok,3979.751,/home/jakubhomoncik/sumo-traffic-control/logs/ablation/runs/run_0025_20260614_143342/runs/bologna__balanced__medium__seed3__mp_super_no_safe/vehicle_metrics.csv,3000,269.136667,672.05,578.125,1227.2,403.97809,7.737848,-1150736.025313,-1151918.205991,3000,3000,0,0.0,579.0,0.0,0.0,0.0,0.0,0.0,0.0,312.0,639.550149,967.0,426.0,426.0,1007659.0,1214.0,5856.0,51.0,1990.0,0.0,0.0,22168.969577,127320.038548,115366.96184,12806.359625,6523.0,21710.2317
bologna__skewed__medium__seed3__mp_program0,bologna,bologna,medium,3000,0.0,3600.0,skewed,3,mp_program0,mp,--program0-hybrid --program0-load-ref 3.5 --program0-enter-mp-load 0.60 --program0-exit-fixed-load 0.40 --program0-mode-streak 4,human_light,/home/jakubhomoncik/sumo-traffic-control/logs/ablation/runs/run_0025_20260614_143342/populations/bologna_skewed_medium_seed3.yaml,ok,2233.052,/home/jakubhomoncik/sumo-traffic-control/logs/ablation/runs/run_0025_20260614_143342/runs/bologna__skewed__medium__seed3__mp_program0/vehicle_metrics.csv,3000,662.212667,2517.1,1143.521667,3483.05,936.318603,5.782087,-3274560.024778,-3276494.126107,3000,3000,0,0.0,544.0,0.0,0.0,0.0,0.0,0.0,0.0,0.0,0.0,0.0,0.0,0.0,0.0,0.0,0.0,0.0,0.0,0.0,0.0,0.0,0.0,0.0,0.0,0.0,0.0
bologna__skewed__medium__seed3__mp_base,bologna,bologna,medium,3000,0.0,3600.0,skewed,3,mp_base,mp,,human_light,/home/jakubhomoncik/sumo-traffic-control/logs/ablation/runs/run_0025_20260614_143342/populations/bologna_skewed_medium_seed3.yaml,ok,3821.579,/home/jakubhomoncik/sumo-traffic-control/logs/ablation/runs/run_0025_20260614_143342/runs/bologna__skewed__medium__seed3__mp_base/vehicle_metrics.csv,3000,1940.041,5496.1,2441.066333,6327.2,2222.07345,5.405384,-16897736.943736,-16900950.167571,3000,3000,0,0.0,5926.0,1537.0,0.0,0.0,0.0,0.0,0.0,0.0,0.0,0.0,0.0,0.0,0.0,0.0,0.0,0.0,0.0,0.0,0.0,0.0,0.0,0.0,0.0,0.0,0.0
bologna__skewed__medium__seed3__mp_lta_g060_sf050,bologna,bologna,medium,3000,0.0,3600.0,skewed,3,mp_lta_g060_sf050,mp,--lost-time-aware --lost-time-sat-flow 0.50 --lost-time-gain 0.60,human_light,/home/jakubhomoncik/sumo-traffic-control/logs/ablation/runs/run_0025_20260614_143342/populations/bologna_skewed_medium_seed3.yaml,ok,4147.925,/home/jakubhomoncik/sumo-traffic-control/logs/ablation/runs/run_0025_20260614_143342/runs/bologna__skewed__medium__seed3__mp_lta_g060_sf050/vehicle_metrics.csv,3000,1847.037667,5528.55,2337.439333,6342.0,2119.132183,5.364833,-16115142.424348,-16118245.129162,3000,3000,0,0.0,3398.0,3013.0,0.0,0.0,0.0,0.0,0.0,0.0,0.0,0.0,0.0,0.0,0.0,0.0,0.0,0.0,0.0,0.0,0.0,0.0,0.0,0.0,0.0,0.0,0.0
bologna__skewed__medium__seed3__mp_super,bologna,bologna,medium,3000,0.0,3600.0,skewed,3,mp_super,mp,--super-router --super-load-ref 3.5 --super-low-load 0.38 --super-program0-exit-load 0.28 --super-high-load 0.62 --super-imbalance-threshold 0.50 --super-wait-imbalance-threshold 0.50 --super-burstiness-threshold 0.10 --super-platoon-threshold 0.50 --super-downstream-threshold 0.97 --super-mode-streak 4 --super-nmin-load 0.72 --super-lta-gain 0.60 --super-lta-sat-flow 0.50 --super-nmin-alpha 1.20 --super-nmin-floor 4 --super-nmin-min-green 4.0 --super-nmin-demand-gain 0.40 --super-nmin-empty-release-seconds 1.5 --fairness-mu 5.0 --fairness-w-half 20.0 --platoon-headway-threshold 2.1 --platoon-gap-out-seconds 2.1 --platoon-max-extra-green 2.0 --platoon-guard-occ 0.90 --spillback-on 0.90 --spillback-off 0.80 --spillback-min-halts 3 --spillback-alpha 0.30 --downstream-beta 0.4 --downstream-alpha 0.30,human_light,/home/jakubhomoncik/sumo-traffic-control/logs/ablation/runs/run_0025_20260614_143342/populations/bologna_skewed_medium_seed3.yaml,ok,5661.008,/home/jakubhomoncik/sumo-traffic-control/logs/ablation/runs/run_0025_20260614_143342/runs/bologna__skewed__medium__seed3__mp_super/vehicle_metrics.csv,3000,753.293333,2795.9,1237.619333,3718.85,1028.757717,5.637681,-5156321.423512,-5158357.08105,3000,3000,0,0.0,1018.0,0.0,0.0,15.0,11.0,1159.0,0.0,207.0,446.910355,2171.0,760.0,760.0,1319382.0,4980.0,13324.0,4718.0,1257.0,13.0,1551.0,38703.486144,157181.867843,136249.661591,15004.437405,8112.0,35702.495318
bologna__skewed__medium__seed3__mp_nmin_a120_f4,bologna,bologna,medium,3000,0.0,3600.0,skewed,3,mp_nmin_a120_f4,mp,--nmin-dynamic --lost-time-sat-flow 0.50 --nmin-alpha 1.20 --nmin-floor 4 --nmin-min-green 4.0 --nmin-demand-gain 0.40 --nmin-empty-release-seconds 1.5,human_light,/home/jakubhomoncik/sumo-traffic-control/logs/ablation/runs/run_0025_20260614_143342/populations/bologna_skewed_medium_seed3.yaml,ok,3851.105,/home/jakubhomoncik/sumo-traffic-control/logs/ablation/runs/run_0025_20260614_143342/runs/bologna__skewed__medium__seed3__mp_nmin_a120_f4/vehicle_metrics.csv,3000,1973.548667,5794.0,2468.590333,6623.05,2247.820193,5.371668,-18978649.305434,-18981861.942991,3000,3000,0,0.0,6715.0,1557.0,12970.0,0.0,0.0,0.0,0.0,0.0,0.0,0.0,0.0,0.0,0.0,0.0,0.0,0.0,0.0,0.0,0.0,0.0,0.0,0.0,0.0,0.0,0.0
bologna__skewed__medium__seed3__mp_fair_mu5_w20,bologna,bologna,medium,3000,0.0,3600.0,skewed,3,mp_fair_mu5_w20,mp,--fairness --fairness-mu 5.0 --fairness-w-half 20.0,human_light,/home/jakubhomoncik/sumo-traffic-control/logs/ablation/runs/run_0025_20260614_143342/populations/bologna_skewed_medium_seed3.yaml,ok,3747.25,/home/jakubhomoncik/sumo-traffic-control/logs/ablation/runs/run_0025_20260614_143342/runs/bologna__skewed__medium__seed3__mp_fair_mu5_w20/vehicle_metrics.csv,3000,1815.888333,5051.2,2319.487,5952.55,2102.276153,5.292259,-14858878.257098,-14861971.757179,3000,3000,0,0.0,6797.0,1458.0,0.0,0.0,0.0,0.0,0.0,48521.0,171784.568295,0.0,0.0,0.0,0.0,0.0,0.0,0.0,0.0,0.0,0.0,0.0,0.0,0.0,0.0,0.0,0.0
bologna__skewed__medium__seed3__mp_platoon_x2,bologna,bologna,medium,3000,0.0,3600.0,skewed,3,mp_platoon_x2,mp,--platoon-extension --platoon-headway-threshold 2.1 --platoon-gap-out-seconds 2.1 --platoon-max-extra-green 2.0 --platoon-guard-occ 0.90,human_light,/home/jakubhomoncik/sumo-traffic-control/logs/ablation/runs/run_0025_20260614_143342/populations/bologna_skewed_medium_seed3.yaml,ok,5232.4,/home/jakubhomoncik/sumo-traffic-control/logs/ablation/runs/run_0025_20260614_143342/runs/bologna__skewed__medium__seed3__mp_platoon_x2/vehicle_metrics.csv,3000,1742.418,4875.05,2224.149,5658.2,2006.41278,5.429503,-15475697.060084,-15478700.555153,3000,3000,0,0.0,5876.0,1547.0,0.0,0.0,0.0,0.0,553.0,0.0,0.0,0.0,0.0,0.0,0.0,0.0,0.0,0.0,0.0,0.0,0.0,0.0,0.0,0.0,0.0,0.0,0.0
bologna__skewed__medium__seed3__mp_spillback_on90_off80,bologna,bologna,medium,3000,0.0,3600.0,skewed,3,mp_spillback_on90_off80,mp,--spillback --spillback-on 0.90 --spillback-off 0.80 --spillback-min-halts 3 --spillback-alpha 0.30,human_light,/home/jakubhomoncik/sumo-traffic-control/logs/ablation/runs/run_0025_20260614_143342/populations/bologna_skewed_medium_seed3.yaml,ok,6857.692,/home/jakubhomoncik/sumo-traffic-control/logs/ablation/runs/run_0025_20260614_143342/runs/bologna__skewed__medium__seed3__mp_spillback_on90_off80/vehicle_metrics.csv,3000,2123.189667,5924.15,2619.446,6762.1,2400.315457,5.412097,-17048165.819406,-17051550.058605,3000,3000,0,0.0,6105.0,1580.0,0.0,329.0,329.0,30997.0,0.0,0.0,0.0,0.0,0.0,0.0,0.0,0.0,0.0,0.0,0.0,0.0,0.0,0.0,0.0,0.0,0.0,0.0,0.0
bologna__skewed__medium__seed3__fixed_program0,bologna,bologna,medium,3000,0.0,3600.0,skewed,3,fixed_program0,fixed,--fixed-program-id 0,human_light,/home/jakubhomoncik/sumo-traffic-control/logs/ablation/runs/run_0025_20260614_143342/populations/bologna_skewed_medium_seed3.yaml,ok,1114.426,/home/jakubhomoncik/sumo-traffic-control/logs/ablation/runs/run_0025_20260614_143342/runs/bologna__skewed__medium__seed3__fixed_program0/vehicle_metrics.csv,3000,1116.683667,5016.1,1615.588333,6159.8,1406.29991,5.570122,-5688699.179174,-5691110.96629,3000,3000,0,0.0,0.0,0.0,0.0,0.0,0.0,0.0,0.0,0.0,0.0,0.0,0.0,0.0,0.0,0.0,0.0,0.0,0.0,0.0,0.0,0.0,0.0,0.0,0.0,0.0,0.0
bologna__skewed__medium__seed3__fixed_tuned,bologna,bologna,medium,3000,0.0,3600.0,skewed,3,fixed_tuned,fixed,--fixed-program-id 0 --fixed-main-green-seconds 30,human_light,/home/jakubhomoncik/sumo-traffic-control/logs/ablation/runs/run_0025_20260614_143342/populations/bologna_skewed_medium_seed3.yaml,ok,1237.429,/home/jakubhomoncik/sumo-traffic-control/logs/ablation/runs/run_0025_20260614_143342/runs/bologna__skewed__medium__seed3__fixed_tuned/vehicle_metrics.csv,3000,1292.400333,4956.95,1808.788667,6109.15,1600.49476,4.462145,-4552674.367058,-4555332.527427,3000,3000,0,0.0,0.0,0.0,0.0,0.0,0.0,0.0,0.0,0.0,0.0,0.0,0.0,0.0,0.0,0.0,0.0,0.0,0.0,0.0,0.0,0.0,0.0,0.0,0.0,0.0,0.0
bologna__skewed__medium__seed3__mp_super_no_safe,bologna,bologna,medium,3000,0.0,3600.0,skewed,3,mp_super_no_safe,mp,--super-router --super-load-ref 3.5 --super-low-load 0.38 --super-program0-exit-load 0.28 --super-high-load 0.62 --super-imbalance-threshold 0.50 --super-wait-imbalance-threshold 0.50 --super-burstiness-threshold 0.10 --super-platoon-threshold 0.50 --super-downstream-threshold 0.97 --super-mode-streak 4 --super-nmin-load 0.72 --super-lta-gain 0.60 --super-lta-sat-flow 0.50 --super-nmin-alpha 1.20 --super-nmin-floor 4 --super-nmin-min-green 4.0 --super-nmin-demand-gain 0.40 --super-nmin-empty-release-seconds 1.5 --fairness-mu 5.0 --fairness-w-half 20.0 --platoon-headway-threshold 2.1 --platoon-gap-out-seconds 2.1 --platoon-max-extra-green 2.0 --platoon-guard-occ 0.90 --spillback-on 0.90 --spillback-off 0.80 --spillback-min-halts 3 --spillback-alpha 0.30 --downstream-beta 0.4 --downstream-alpha 0.30 --super-disable-safe,human_light,/home/jakubhomoncik/sumo-traffic-control/logs/ablation/runs/run_0025_20260614_143342/populations/bologna_skewed_medium_seed3.yaml,ok,5471.937,/home/jakubhomoncik/sumo-traffic-control/logs/ablation/runs/run_0025_20260614_143342/runs/bologna__skewed__medium__seed3__mp_super_no_safe/vehicle_metrics.csv,3000,644.947333,2287.1,1123.873,3284.25,916.1418,5.726098,-3873740.514905,-3875652.590408,3000,3000,0,0.0,1004.0,0.0,0.0,0.0,0.0,0.0,2.0,203.0,431.105934,2159.0,765.0,765.0,1291455.0,4992.0,13937.0,4101.0,1328.0,16.0,0.0,38463.678188,157411.428235,136233.370068,15405.414521,7968.0,33859.475329
bologna__peak__medium__seed3__mp_base,bologna,bologna,medium,3000,0.0,3600.0,peak,3,mp_base,mp,,human_light,/home/jakubhomoncik/sumo-traffic-control/logs/ablation/runs/run_0025_20260614_143342/populations/bologna_peak_medium_seed3.yaml,ok,3724.726,/home/jakubhomoncik/sumo-traffic-control/logs/ablation/runs/run_0025_20260614_143342/runs/bologna__peak__medium__seed3__mp_base/vehicle_metrics.csv,3000,2145.961,5487.05,2691.954667,6426.1,2468.487313,4.636102,-19620277.052558,-19623807.918671,3000,3000,0,0.0,5721.0,1377.0,0.0,0.0,0.0,0.0,0.0,0.0,0.0,0.0,0.0,0.0,0.0,0.0,0.0,0.0,0.0,0.0,0.0,0.0,0.0,0.0,0.0,0.0,0.0
bologna__peak__medium__seed3__mp_program0,bologna,bologna,medium,3000,0.0,3600.0,peak,3,mp_program0,mp,--program0-hybrid --program0-load-ref 3.5 --program0-enter-mp-load 0.60 --program0-exit-fixed-load 0.40 --program0-mode-streak 4,human_light,/home/jakubhomoncik/sumo-traffic-control/logs/ablation/runs/run_0025_20260614_143342/populations/bologna_peak_medium_seed3.yaml,ok,3942.718,/home/jakubhomoncik/sumo-traffic-control/logs/ablation/runs/run_0025_20260614_143342/runs/bologna__peak__medium__seed3__mp_program0/vehicle_metrics.csv,3000,1308.674667,4027.25,1920.595333,5167.55,1708.68993,4.273514,-6382518.953124,-6385291.757948,3000,3000,0,0.0,1214.0,0.0,0.0,0.0,0.0,0.0,0.0,0.0,0.0,0.0,0.0,0.0,0.0,0.0,0.0,0.0,0.0,0.0,0.0,0.0,0.0,0.0,0.0,0.0,0.0
bologna__peak__medium__seed3__mp_lta_g060_sf050,bologna,bologna,medium,3000,0.0,3600.0,peak,3,mp_lta_g060_sf050,mp,--lost-time-aware --lost-time-sat-flow 0.50 --lost-time-gain 0.60,human_light,/home/jakubhomoncik/sumo-traffic-control/logs/ablation/runs/run_0025_20260614_143342/populations/bologna_peak_medium_seed3.yaml,ok,4195.354,/home/jakubhomoncik/sumo-traffic-control/logs/ablation/runs/run_0025_20260614_143342/runs/bologna__peak__medium__seed3__mp_lta_g060_sf050/vehicle_metrics.csv,3000,2096.274667,5423.0,2648.733667,6370.3,2426.0256,4.578887,-18842604.814244,-18846085.105017,3000,3000,0,0.0,3325.0,2707.0,0.0,0.0,0.0,0.0,0.0,0.0,0.0,0.0,0.0,0.0,0.0,0.0,0.0,0.0,0.0,0.0,0.0,0.0,0.0,0.0,0.0,0.0,0.0
bologna__peak__medium__seed3__mp_super,bologna,bologna,medium,3000,0.0,3600.0,peak,3,mp_super,mp,--super-router --super-load-ref 3.5 --super-low-load 0.38 --super-program0-exit-load 0.28 --super-high-load 0.62 --super-imbalance-threshold 0.50 --super-wait-imbalance-threshold 0.50 --super-burstiness-threshold 0.10 --super-platoon-threshold 0.50 --super-downstream-threshold 0.97 --super-mode-streak 4 --super-nmin-load 0.72 --super-lta-gain 0.60 --super-lta-sat-flow 0.50 --super-nmin-alpha 1.20 --super-nmin-floor 4 --super-nmin-min-green 4.0 --super-nmin-demand-gain 0.40 --super-nmin-empty-release-seconds 1.5 --fairness-mu 5.0 --fairness-w-half 20.0 --platoon-headway-threshold 2.1 --platoon-gap-out-seconds 2.1 --platoon-max-extra-green 2.0 --platoon-guard-occ 0.90 --spillback-on 0.90 --spillback-off 0.80 --spillback-min-halts 3 --spillback-alpha 0.30 --downstream-beta 0.4 --downstream-alpha 0.30,human_light,/home/jakubhomoncik/sumo-traffic-control/logs/ablation/runs/run_0025_20260614_143342/populations/bologna_peak_medium_seed3.yaml,ok,6229.969,/home/jakubhomoncik/sumo-traffic-control/logs/ablation/runs/run_0025_20260614_143342/runs/bologna__peak__medium__seed3__mp_super/vehicle_metrics.csv,3000,1065.256333,3480.05,1657.548333,4731.1,1446.429247,4.617559,-5424767.74702,-5427280.539639,3000,3000,0,0.0,1519.0,0.0,0.0,37.0,28.0,2525.0,9.0,287.0,606.907242,3162.0,925.0,925.0,1395464.0,8332.0,20014.0,9105.0,1694.0,97.0,3437.0,50684.909609,156764.962859,130652.485396,14274.236372,7816.0,47153.646702
bologna__peak__medium__seed3__mp_nmin_a120_f4,bologna,bologna,medium,3000,0.0,3600.0,peak,3,mp_nmin_a120_f4,mp,--nmin-dynamic --lost-time-sat-flow 0.50 --nmin-alpha 1.20 --nmin-floor 4 --nmin-min-green 4.0 --nmin-demand-gain 0.40 --nmin-empty-release-seconds 1.5,human_light,/home/jakubhomoncik/sumo-traffic-control/logs/ablation/runs/run_0025_20260614_143342/populations/bologna_peak_medium_seed3.yaml,ok,4070.135,/home/jakubhomoncik/sumo-traffic-control/logs/ablation/runs/run_0025_20260614_143342/runs/bologna__peak__medium__seed3__mp_nmin_a120_f4/vehicle_metrics.csv,3000,2021.374,5174.25,2582.038333,6215.05,2358.149187,4.448446,-20311594.855567,-20314999.881595,3000,3000,0,0.0,6495.0,1464.0,14117.0,0.0,0.0,0.0,0.0,0.0,0.0,0.0,0.0,0.0,0.0,0.0,0.0,0.0,0.0,0.0,0.0,0.0,0.0,0.0,0.0,0.0,0.0
bologna__peak__medium__seed3__mp_fair_mu5_w20,bologna,bologna,medium,3000,0.0,3600.0,peak,3,mp_fair_mu5_w20,mp,--fairness --fairness-mu 5.0 --fairness-w-half 20.0,human_light,/home/jakubhomoncik/sumo-traffic-control/logs/ablation/runs/run_0025_20260614_143342/populations/bologna_peak_medium_seed3.yaml,ok,3988.883,/home/jakubhomoncik/sumo-traffic-control/logs/ablation/runs/run_0025_20260614_143342/runs/bologna__peak__medium__seed3__mp_fair_mu5_w20/vehicle_metrics.csv,3000,1833.75,5351.4,2392.707333,6427.9,2173.700277,4.472275,-14546557.161956,-14549799.90996,3000,3000,0,0.0,6730.0,1408.0,0.0,0.0,0.0,0.0,0.0,44529.0,157845.101054,0.0,0.0,0.0,0.0,0.0,0.0,0.0,0.0,0.0,0.0,0.0,0.0,0.0,0.0,0.0,0.0
bologna__peak__medium__seed3__mp_spillback_on90_off80,bologna,bologna,medium,3000,0.0,3600.0,peak,3,mp_spillback_on90_off80,mp,--spillback --spillback-on 0.90 --spillback-off 0.80 --spillback-min-halts 3 --spillback-alpha 0.30,human_light,/home/jakubhomoncik/sumo-traffic-control/logs/ablation/runs/run_0025_20260614_143342/populations/bologna_peak_medium_seed3.yaml,ok,6160.728,/home/jakubhomoncik/sumo-traffic-control/logs/ablation/runs/run_0025_20260614_143342/runs/bologna__peak__medium__seed3__mp_spillback_on90_off80/vehicle_metrics.csv,3000,2057.438333,5491.3,2596.698333,6541.0,2375.769757,4.611841,-16826526.424545,-16829972.356805,3000,3000,0,0.0,5730.0,1357.0,0.0,318.0,318.0,31549.0,0.0,0.0,0.0,0.0,0.0,0.0,0.0,0.0,0.0,0.0,0.0,0.0,0.0,0.0,0.0,0.0,0.0,0.0,0.0
bologna__peak__medium__seed3__mp_platoon_x2,bologna,bologna,medium,3000,0.0,3600.0,peak,3,mp_platoon_x2,mp,--platoon-extension --platoon-headway-threshold 2.1 --platoon-gap-out-seconds 2.1 --platoon-max-extra-green 2.0 --platoon-guard-occ 0.90,human_light,/home/jakubhomoncik/sumo-traffic-control/logs/ablation/runs/run_0025_20260614_143342/populations/bologna_peak_medium_seed3.yaml,ok,6773.06,/home/jakubhomoncik/sumo-traffic-control/logs/ablation/runs/run_0025_20260614_143342/runs/bologna__peak__medium__seed3__mp_platoon_x2/vehicle_metrics.csv,3000,1846.155333,5201.2,2376.263333,6147.65,2155.46211,4.645007,-16597819.503453,-16601023.205347,3000,3000,0,0.0,5762.0,1551.0,0.0,0.0,0.0,0.0,567.0,0.0,0.0,0.0,0.0,0.0,0.0,0.0,0.0,0.0,0.0,0.0,0.0,0.0,0.0,0.0,0.0,0.0,0.0
bologna__peak__medium__seed3__fixed_program0,bologna,bologna,medium,3000,0.0,3600.0,peak,3,fixed_program0,fixed,--fixed-program-id 0,human_light,/home/jakubhomoncik/sumo-traffic-control/logs/ablation/runs/run_0025_20260614_143342/populations/bologna_peak_medium_seed3.yaml,ok,1525.881,/home/jakubhomoncik/sumo-traffic-control/logs/ablation/runs/run_0025_20260614_143342/runs/bologna__peak__medium__seed3__fixed_program0/vehicle_metrics.csv,3000,1631.665667,6507.5,2226.297333,7712.0,2010.87295,4.314271,-10456918.812688,-10459996.183313,3000,3000,0,0.0,0.0,0.0,0.0,0.0,0.0,0.0,0.0,0.0,0.0,0.0,0.0,0.0,0.0,0.0,0.0,0.0,0.0,0.0,0.0,0.0,0.0,0.0,0.0,0.0,0.0
bologna__peak__medium__seed3__fixed_tuned,bologna,bologna,medium,3000,0.0,3600.0,peak,3,fixed_tuned,fixed,--fixed-program-id 0 --fixed-main-green-seconds 30,human_light,/home/jakubhomoncik/sumo-traffic-control/logs/ablation/runs/run_0025_20260614_143342/populations/bologna_peak_medium_seed3.yaml,ok,1969.753,/home/jakubhomoncik/sumo-traffic-control/logs/ablation/runs/run_0025_20260614_143342/runs/bologna__peak__medium__seed3__fixed_tuned/vehicle_metrics.csv,3000,1841.965333,6407.3,2444.608667,7664.25,2228.240697,3.677395,-11458617.191731,-11462006.545384,3000,3000,0,0.0,0.0,0.0,0.0,0.0,0.0,0.0,0.0,0.0,0.0,0.0,0.0,0.0,0.0,0.0,0.0,0.0,0.0,0.0,0.0,0.0,0.0,0.0,0.0,0.0,0.0
bologna__peak__medium__seed3__mp_super_no_safe,bologna,bologna,medium,3000,0.0,3600.0,peak,3,mp_super_no_safe,mp,--super-router --super-load-ref 3.5 --super-low-load 0.38 --super-program0-exit-load 0.28 --super-high-load 0.62 --super-imbalance-threshold 0.50 --super-wait-imbalance-threshold 0.50 --super-burstiness-threshold 0.10 --super-platoon-threshold 0.50 --super-downstream-threshold 0.97 --super-mode-streak 4 --super-nmin-load 0.72 --super-lta-gain 0.60 --super-lta-sat-flow 0.50 --super-nmin-alpha 1.20 --super-nmin-floor 4 --super-nmin-min-green 4.0 --super-nmin-demand-gain 0.40 --super-nmin-empty-release-seconds 1.5 --fairness-mu 5.0 --fairness-w-half 20.0 --platoon-headway-threshold 2.1 --platoon-gap-out-seconds 2.1 --platoon-max-extra-green 2.0 --platoon-guard-occ 0.90 --spillback-on 0.90 --spillback-off 0.80 --spillback-min-halts 3 --spillback-alpha 0.30 --downstream-beta 0.4 --downstream-alpha 0.30 --super-disable-safe,human_light,/home/jakubhomoncik/sumo-traffic-control/logs/ablation/runs/run_0025_20260614_143342/populations/bologna_peak_medium_seed3.yaml,ok,6880.308,/home/jakubhomoncik/sumo-traffic-control/logs/ablation/runs/run_0025_20260614_143342/runs/bologna__peak__medium__seed3__mp_super_no_safe/vehicle_metrics.csv,3000,1050.076,3450.3,1645.268667,4698.0,1434.725193,4.656145,-4762278.643396,-4764784.965054,3000,3000,0,0.0,1467.0,0.0,0.0,0.0,0.0,0.0,7.0,272.0,724.184031,2916.0,910.0,910.0,1386136.0,8035.0,23456.0,9086.0,1065.0,44.0,0.0,50641.290593,156403.081534,128914.507711,14540.270607,7953.0,46102.645595
bologna__balanced__high__seed1__mp_program0,bologna,bologna,high,5000,0.0,3600.0,balanced,1,mp_program0,mp,--program0-hybrid --program0-load-ref 3.5 --program0-enter-mp-load 0.60 --program0-exit-fixed-load 0.40 --program0-mode-streak 4,human_light,/home/jakubhomoncik/sumo-traffic-control/logs/ablation/runs/run_0025_20260614_143342/populations/bologna_balanced_high_seed1.yaml,ok,3077.699,/home/jakubhomoncik/sumo-traffic-control/logs/ablation/runs/run_0025_20260614_143342/runs/bologna__balanced__high__seed1__mp_program0/vehicle_metrics.csv,5000,1017.2998,3888.1,1457.5326,4784.05,1270.972826,5.234066,-16382994.491183,-16385136.118169,5000,5000,0,0.0,1364.0,0.0,0.0,0.0,0.0,0.0,0.0,0.0,0.0,0.0,0.0,0.0,0.0,0.0,0.0,0.0,0.0,0.0,0.0,0.0,0.0,0.0,0.0,0.0,0.0
bologna__balanced__high__seed1__mp_base,bologna,bologna,high,5000,0.0,3600.0,balanced,1,mp_base,mp,,human_light,/home/jakubhomoncik/sumo-traffic-control/logs/ablation/runs/run_0025_20260614_143342/populations/bologna_balanced_high_seed1.yaml,ok,5346.406,/home/jakubhomoncik/sumo-traffic-control/logs/ablation/runs/run_0025_20260614_143342/runs/bologna__balanced__high__seed1__mp_base/vehicle_metrics.csv,5000,1814.0014,6879.45,2265.3456,7989.45,2069.029704,5.152687,-27579867.693035,-27582807.694625,5000,5000,0,0.0,9415.0,1823.0,0.0,0.0,0.0,0.0,0.0,0.0,0.0,0.0,0.0,0.0,0.0,0.0,0.0,0.0,0.0,0.0,0.0,0.0,0.0,0.0,0.0,0.0,0.0
bologna__balanced__high__seed1__mp_super,bologna,bologna,high,5000,0.0,3600.0,balanced,1,mp_super,mp,--super-router --super-load-ref 3.5 --super-low-load 0.38 --super-program0-exit-load 0.28 --super-high-load 0.62 --super-imbalance-threshold 0.50 --super-wait-imbalance-threshold 0.50 --super-burstiness-threshold 0.10 --super-platoon-threshold 0.50 --super-downstream-threshold 0.97 --super-mode-streak 4 --super-nmin-load 0.72 --super-lta-gain 0.60 --super-lta-sat-flow 0.50 --super-nmin-alpha 1.20 --super-nmin-floor 4 --super-nmin-min-green 4.0 --super-nmin-demand-gain 0.40 --super-nmin-empty-release-seconds 1.5 --fairness-mu 5.0 --fairness-w-half 20.0 --platoon-headway-threshold 2.1 --platoon-gap-out-seconds 2.1 --platoon-max-extra-green 2.0 --platoon-guard-occ 0.90 --spillback-on 0.90 --spillback-off 0.80 --spillback-min-halts 3 --spillback-alpha 0.30 --downstream-beta 0.4 --downstream-alpha 0.30,human_light,/home/jakubhomoncik/sumo-traffic-control/logs/ablation/runs/run_0025_20260614_143342/populations/bologna_balanced_high_seed1.yaml,ok,8021.187,/home/jakubhomoncik/sumo-traffic-control/logs/ablation/runs/run_0025_20260614_143342/runs/bologna__balanced__high__seed1__mp_super/vehicle_metrics.csv,5000,949.9018,4030.0,1373.774,4815.1,1187.285236,5.335615,-16309670.817001,-16311731.0707,5000,5000,0,0.0,1859.0,0.0,0.0,41.0,35.0,3736.0,4.0,1152.0,2797.89301,3220.0,1023.0,1023.0,1765932.0,7753.0,21566.0,10726.0,5125.0,41.0,5502.0,66525.627368,221409.611667,198116.368857,19493.09015,10602.0,68895.401345
bologna__balanced__high__seed1__mp_lta_g060_sf050,bologna,bologna,high,5000,0.0,3600.0,balanced,1,mp_lta_g060_sf050,mp,--lost-time-aware --lost-time-sat-flow 0.50 --lost-time-gain 0.60,human_light,/home/jakubhomoncik/sumo-traffic-control/logs/ablation/runs/run_0025_20260614_143342/populations/bologna_balanced_high_seed1.yaml,ok,5865.049,/home/jakubhomoncik/sumo-traffic-control/logs/ablation/runs/run_0025_20260614_143342/runs/bologna__balanced__high__seed1__mp_lta_g060_sf050/vehicle_metrics.csv,5000,2162.943,7585.05,2630.5642,8701.0,2428.279136,4.762693,-34403834.967968,-34407127.352685,5000,5000,0,0.0,5114.0,3493.0,0.0,0.0,0.0,0.0,0.0,0.0,0.0,0.0,0.0,0.0,0.0,0.0,0.0,0.0,0.0,0.0,0.0,0.0,0.0,0.0,0.0,0.0,0.0
bologna__balanced__high__seed1__mp_nmin_a120_f4,bologna,bologna,high,5000,0.0,3600.0,balanced,1,mp_nmin_a120_f4,mp,--nmin-dynamic --lost-time-sat-flow 0.50 --nmin-alpha 1.20 --nmin-floor 4 --nmin-min-green 4.0 --nmin-demand-gain 0.40 --nmin-empty-release-seconds 1.5,human_light,/home/jakubhomoncik/sumo-traffic-control/logs/ablation/runs/run_0025_20260614_143342/populations/bologna_balanced_high_seed1.yaml,ok,5851.291,/home/jakubhomoncik/sumo-traffic-control/logs/ablation/runs/run_0025_20260614_143342/runs/bologna__balanced__high__seed1__mp_nmin_a120_f4/vehicle_metrics.csv,5000,2022.1078,6442.1,2493.3868,7492.55,2294.787646,4.932974,-30236837.255061,-30239998.193241,5000,5000,0,0.0,10272.0,1831.0,23487.0,0.0,0.0,0.0,0.0,0.0,0.0,0.0,0.0,0.0,0.0,0.0,0.0,0.0,0.0,0.0,0.0,0.0,0.0,0.0,0.0,0.0,0.0
bologna__balanced__high__seed1__mp_fair_mu5_w20,bologna,bologna,high,5000,0.0,3600.0,balanced,1,mp_fair_mu5_w20,mp,--fairness --fairness-mu 5.0 --fairness-w-half 20.0,human_light,/home/jakubhomoncik/sumo-traffic-control/logs/ablation/runs/run_0025_20260614_143342/populations/bologna_balanced_high_seed1.yaml,ok,4970.583,/home/jakubhomoncik/sumo-traffic-control/logs/ablation/runs/run_0025_20260614_143342/runs/bologna__balanced__high__seed1__mp_fair_mu5_w20/vehicle_metrics.csv,5000,1761.4814,5874.05,2226.6022,6867.2,2033.850152,4.898198,-23631362.744208,-23634253.209154,5000,5000,0,0.0,10434.0,1645.0,0.0,0.0,0.0,0.0,0.0,116591.0,429676.64797,0.0,0.0,0.0,0.0,0.0,0.0,0.0,0.0,0.0,0.0,0.0,0.0,0.0,0.0,0.0,0.0
bologna__balanced__high__seed1__mp_spillback_on90_off80,bologna,bologna,high,5000,0.0,3600.0,balanced,1,mp_spillback_on90_off80,mp,--spillback --spillback-on 0.90 --spillback-off 0.80 --spillback-min-halts 3 --spillback-alpha 0.30,human_light,/home/jakubhomoncik/sumo-traffic-control/logs/ablation/runs/run_0025_20260614_143342/populations/bologna_balanced_high_seed1.yaml,ok,9537.534,/home/jakubhomoncik/sumo-traffic-control/logs/ablation/runs/run_0025_20260614_143342/runs/bologna__balanced__high__seed1__mp_spillback_on90_off80/vehicle_metrics.csv,5000,2028.766,6753.05,2502.818,7787.05,2305.407494,4.650048,-28972391.687181,-28975557.509137,5000,5000,0,0.0,8732.0,1875.0,0.0,653.0,653.0,71593.0,0.0,0.0,0.0,0.0,0.0,0.0,0.0,0.0,0.0,0.0,0.0,0.0,0.0,0.0,0.0,0.0,0.0,0.0,0.0
bologna__balanced__high__seed1__fixed_program0,bologna,bologna,high,5000,0.0,3600.0,balanced,1,fixed_program0,fixed,--fixed-program-id 0,human_light,/home/jakubhomoncik/sumo-traffic-control/logs/ablation/runs/run_0025_20260614_143342/populations/bologna_balanced_high_seed1.yaml,ok,1868.245,/home/jakubhomoncik/sumo-traffic-control/logs/ablation/runs/run_0025_20260614_143342/runs/bologna__balanced__high__seed1__fixed_program0/vehicle_metrics.csv,5000,1245.8674,5044.0,1689.4374,5956.05,1504.371782,5.121255,-14722179.21021,-14724578.596821,5000,5000,0,0.0,0.0,0.0,0.0,0.0,0.0,0.0,0.0,0.0,0.0,0.0,0.0,0.0,0.0,0.0,0.0,0.0,0.0,0.0,0.0,0.0,0.0,0.0,0.0,0.0,0.0
bologna__balanced__high__seed1__mp_platoon_x2,bologna,bologna,high,5000,0.0,3600.0,balanced,1,mp_platoon_x2,mp,--platoon-extension --platoon-headway-threshold 2.1 --platoon-gap-out-seconds 2.1 --platoon-max-extra-green 2.0 --platoon-guard-occ 0.90,human_light,/home/jakubhomoncik/sumo-traffic-control/logs/ablation/runs/run_0025_20260614_143342/populations/bologna_balanced_high_seed1.yaml,ok,8514.841,/home/jakubhomoncik/sumo-traffic-control/logs/ablation/runs/run_0025_20260614_143342/runs/bologna__balanced__high__seed1__mp_platoon_x2/vehicle_metrics.csv,5000,1989.569,6835.8,2458.7216,8000.35,2263.034276,4.779511,-26968823.780281,-26971966.437852,5000,5000,0,0.0,9052.0,1845.0,0.0,0.0,0.0,0.0,644.0,0.0,0.0,0.0,0.0,0.0,0.0,0.0,0.0,0.0,0.0,0.0,0.0,0.0,0.0,0.0,0.0,0.0,0.0
bologna__balanced__high__seed1__fixed_tuned,bologna,bologna,high,5000,0.0,3600.0,balanced,1,fixed_tuned,fixed,--fixed-program-id 0 --fixed-main-green-seconds 30,human_light,/home/jakubhomoncik/sumo-traffic-control/logs/ablation/runs/run_0025_20260614_143342/populations/bologna_balanced_high_seed1.yaml,ok,1979.253,/home/jakubhomoncik/sumo-traffic-control/logs/ablation/runs/run_0025_20260614_143342/runs/bologna__balanced__high__seed1__fixed_tuned/vehicle_metrics.csv,5000,1356.0572,5241.1,1821.3772,6251.3,1640.693512,4.281508,-9735690.366273,-9738256.633776,5000,5000,0,0.0,0.0,0.0,0.0,0.0,0.0,0.0,0.0,0.0,0.0,0.0,0.0,0.0,0.0,0.0,0.0,0.0,0.0,0.0,0.0,0.0,0.0,0.0,0.0,0.0,0.0
bologna__balanced__high__seed1__mp_super_no_safe,bologna,bologna,high,5000,0.0,3600.0,balanced,1,mp_super_no_safe,mp,--super-router --super-load-ref 3.5 --super-low-load 0.38 --super-program0-exit-load 0.28 --super-high-load 0.62 --super-imbalance-threshold 0.50 --super-wait-imbalance-threshold 0.50 --super-burstiness-threshold 0.10 --super-platoon-threshold 0.50 --super-downstream-threshold 0.97 --super-mode-streak 4 --super-nmin-load 0.72 --super-lta-gain 0.60 --super-lta-sat-flow 0.50 --super-nmin-alpha 1.20 --super-nmin-floor 4 --super-nmin-min-green 4.0 --super-nmin-demand-gain 0.40 --super-nmin-empty-release-seconds 1.5 --fairness-mu 5.0 --fairness-w-half 20.0 --platoon-headway-threshold 2.1 --platoon-gap-out-seconds 2.1 --platoon-max-extra-green 2.0 --platoon-guard-occ 0.90 --spillback-on 0.90 --spillback-off 0.80 --spillback-min-halts 3 --spillback-alpha 0.30 --downstream-beta 0.4 --downstream-alpha 0.30 --super-disable-safe,human_light,/home/jakubhomoncik/sumo-traffic-control/logs/ablation/runs/run_0025_20260614_143342/populations/bologna_balanced_high_seed1.yaml,ok,7799.781,/home/jakubhomoncik/sumo-traffic-control/logs/ablation/runs/run_0025_20260614_143342/runs/bologna__balanced__high__seed1__mp_super_no_safe/vehicle_metrics.csv,5000,923.9012,3759.1,1344.807,4437.3,1159.465644,5.335631,-14986431.471415,-14988464.640887,5000,5000,0,0.0,1885.0,0.0,0.0,0.0,0.0,0.0,6.0,1394.0,3576.180461,3024.0,1022.0,1022.0,1705427.0,8146.0,27285.0,9139.0,5339.0,73.0,0.0,64883.175908,219328.66545,195841.863648,19348.615493,10627.0,66086.328537
bologna__skewed__high__seed1__mp_program0,bologna,bologna,high,5000,0.0,3600.0,skewed,1,mp_program0,mp,--program0-hybrid --program0-load-ref 3.5 --program0-enter-mp-load 0.60 --program0-exit-fixed-load 0.40 --program0-mode-streak 4,human_light,/home/jakubhomoncik/sumo-traffic-control/logs/ablation/runs/run_0025_20260614_143342/populations/bologna_skewed_high_seed1.yaml,ok,4821.386,/home/jakubhomoncik/sumo-traffic-control/logs/ablation/runs/run_0025_20260614_143342/runs/bologna__skewed__high__seed1__mp_program0/vehicle_metrics.csv,5000,1716.2916,5554.05,2465.7296,7147.2,2247.997876,3.638197,-15380842.686454,-15384093.264076,5000,5000,0,0.0,2579.0,0.0,0.0,0.0,0.0,0.0,0.0,0.0,0.0,0.0,0.0,0.0,0.0,0.0,0.0,0.0,0.0,0.0,0.0,0.0,0.0,0.0,0.0,0.0,0.0
bologna__skewed__high__seed1__mp_base,bologna,bologna,high,5000,0.0,3600.0,skewed,1,mp_base,mp,,human_light,/home/jakubhomoncik/sumo-traffic-control/logs/ablation/runs/run_0025_20260614_143342/populations/bologna_skewed_high_seed1.yaml,ok,12402.354,/home/jakubhomoncik/sumo-traffic-control/logs/ablation/runs/run_0025_20260614_143342/runs/bologna__skewed__high__seed1__mp_base/vehicle_metrics.csv,5000,5790.9672,16009.45,6641.314,18218.9,6373.959514,3.315173,-72177016.503032,-72184363.721283,5000,5000,0,0.0,10690.0,2550.0,0.0,0.0,0.0,0.0,0.0,0.0,0.0,0.0,0.0,0.0,0.0,0.0,0.0,0.0,0.0,0.0,0.0,0.0,0.0,0.0,0.0,0.0,0.0
bologna__skewed__high__seed1__mp_super,bologna,bologna,high,5000,0.0,3600.0,skewed,1,mp_super,mp,--super-router --super-load-ref 3.5 --super-low-load 0.38 --super-program0-exit-load 0.28 --super-high-load 0.62 --super-imbalance-threshold 0.50 --super-wait-imbalance-threshold 0.50 --super-burstiness-threshold 0.10 --super-platoon-threshold 0.50 --super-downstream-threshold 0.97 --super-mode-streak 4 --super-nmin-load 0.72 --super-lta-gain 0.60 --super-lta-sat-flow 0.50 --super-nmin-alpha 1.20 --super-nmin-floor 4 --super-nmin-min-green 4.0 --super-nmin-demand-gain 0.40 --super-nmin-empty-release-seconds 1.5 --fairness-mu 5.0 --fairness-w-half 20.0 --platoon-headway-threshold 2.1 --platoon-gap-out-seconds 2.1 --platoon-max-extra-green 2.0 --platoon-guard-occ 0.90 --spillback-on 0.90 --spillback-off 0.80 --spillback-min-halts 3 --spillback-alpha 0.30 --downstream-beta 0.4 --downstream-alpha 0.30,human_light,/home/jakubhomoncik/sumo-traffic-control/logs/ablation/runs/run_0025_20260614_143342/populations/bologna_skewed_high_seed1.yaml,ok,10451.828,/home/jakubhomoncik/sumo-traffic-control/logs/ablation/runs/run_0025_20260614_143342/runs/bologna__skewed__high__seed1__mp_super/vehicle_metrics.csv,5000,1794.6262,5597.05,2538.6822,7181.3,2319.615292,3.756277,-16931216.029894,-16934540.892565,5000,5000,0,0.0,3399.0,0.0,0.0,159.0,143.0,10270.0,19.0,852.0,2014.91211,6856.0,1618.0,1618.0,1989123.0,21612.0,49631.0,27423.0,2885.0,116.0,16734.0,124510.472478,291075.757246,233437.967037,22920.724444,12208.0,127655.271661
bologna__skewed__high__seed1__mp_lta_g060_sf050,bologna,bologna,high,5000,0.0,3600.0,skewed,1,mp_lta_g060_sf050,mp,--lost-time-aware --lost-time-sat-flow 0.50 --lost-time-gain 0.60,human_light,/home/jakubhomoncik/sumo-traffic-control/logs/ablation/runs/run_0025_20260614_143342/populations/bologna_skewed_high_seed1.yaml,ok,11895.417,/home/jakubhomoncik/sumo-traffic-control/logs/ablation/runs/run_0025_20260614_143342/runs/bologna__skewed__high__seed1__mp_lta_g060_sf050/vehicle_metrics.csv,5000,5774.103,14175.05,6610.5452,15942.4,6328.125692,3.292846,-89372848.205868,-89380147.345699,5000,5000,0,0.0,6217.0,4626.0,0.0,0.0,0.0,0.0,0.0,0.0,0.0,0.0,0.0,0.0,0.0,0.0,0.0,0.0,0.0,0.0,0.0,0.0,0.0,0.0,0.0,0.0,0.0
bologna__skewed__high__seed1__mp_nmin_a120_f4,bologna,bologna,high,5000,0.0,3600.0,skewed,1,mp_nmin_a120_f4,mp,--nmin-dynamic --lost-time-sat-flow 0.50 --nmin-alpha 1.20 --nmin-floor 4 --nmin-min-green 4.0 --nmin-demand-gain 0.40 --nmin-empty-release-seconds 1.5,human_light,/home/jakubhomoncik/sumo-traffic-control/logs/ablation/runs/run_0025_20260614_143342/populations/bologna_skewed_high_seed1.yaml,ok,12037.457,/home/jakubhomoncik/sumo-traffic-control/logs/ablation/runs/run_0025_20260614_143342/runs/bologna__skewed__high__seed1__mp_nmin_a120_f4/vehicle_metrics.csv,5000,5936.1518,14522.15,6783.722,16199.2,6509.020724,3.293774,-80567424.488537,-80574934.236536,5000,5000,0,0.0,12009.0,2432.0,30923.0,0.0,0.0,0.0,0.0,0.0,0.0,0.0,0.0,0.0,0.0,0.0,0.0,0.0,0.0,0.0,0.0,0.0,0.0,0.0,0.0,0.0,0.0
bologna__skewed__high__seed1__mp_spillback_on90_off80,bologna,bologna,high,5000,0.0,3600.0,skewed,1,mp_spillback_on90_off80,mp,--spillback --spillback-on 0.90 --spillback-off 0.80 --spillback-min-halts 3 --spillback-alpha 0.30,human_light,/home/jakubhomoncik/sumo-traffic-control/logs/ablation/runs/run_0025_20260614_143342/populations/bologna_skewed_high_seed1.yaml,ok,16349.906,/home/jakubhomoncik/sumo-traffic-control/logs/ablation/runs/run_0025_20260614_143342/runs/bologna__skewed__high__seed1__mp_spillback_on90_off80/vehicle_metrics.csv,5000,5360.84,13603.1,6170.2658,15360.65,5913.355732,3.452733,-60395835.474809,-60402805.328401,5000,5000,0,0.0,10820.0,2403.0,0.0,2058.0,2058.0,217053.0,0.0,0.0,0.0,0.0,0.0,0.0,0.0,0.0,0.0,0.0,0.0,0.0,0.0,0.0,0.0,0.0,0.0,0.0,0.0
bologna__skewed__high__seed1__mp_fair_mu5_w20,bologna,bologna,high,5000,0.0,3600.0,skewed,1,mp_fair_mu5_w20,mp,--fairness --fairness-mu 5.0 --fairness-w-half 20.0,human_light,/home/jakubhomoncik/sumo-traffic-control/logs/ablation/runs/run_0025_20260614_143342/populations/bologna_skewed_high_seed1.yaml,ok,11008.518,/home/jakubhomoncik/sumo-traffic-control/logs/ablation/runs/run_0025_20260614_143342/runs/bologna__skewed__high__seed1__mp_fair_mu5_w20/vehicle_metrics.csv,5000,4975.073,12648.0,5846.3082,14382.05,5585.235984,3.373359,-64986237.86396,-64992811.479715,5000,5000,0,0.0,14348.0,2200.0,0.0,0.0,0.0,0.0,0.0,216310.0,840600.798387,0.0,0.0,0.0,0.0,0.0,0.0,0.0,0.0,0.0,0.0,0.0,0.0,0.0,0.0,0.0,0.0
bologna__skewed__high__seed1__fixed_program0,bologna,bologna,high,5000,0.0,3600.0,skewed,1,fixed_program0,fixed,--fixed-program-id 0,human_light,/home/jakubhomoncik/sumo-traffic-control/logs/ablation/runs/run_0025_20260614_143342/populations/bologna_skewed_high_seed1.yaml,ok,3727.474,/home/jakubhomoncik/sumo-traffic-control/logs/ablation/runs/run_0025_20260614_143342/runs/bologna__skewed__high__seed1__fixed_program0/vehicle_metrics.csv,5000,2656.9846,10474.25,3366.6228,12063.05,3131.482646,3.453124,-35200363.849254,-35204509.460377,5000,5000,0,0.0,0.0,0.0,0.0,0.0,0.0,0.0,0.0,0.0,0.0,0.0,0.0,0.0,0.0,0.0,0.0,0.0,0.0,0.0,0.0,0.0,0.0,0.0,0.0,0.0,0.0
bologna__skewed__high__seed1__fixed_tuned,bologna,bologna,high,5000,0.0,3600.0,skewed,1,fixed_tuned,fixed,--fixed-program-id 0 --fixed-main-green-seconds 30,human_light,/home/jakubhomoncik/sumo-traffic-control/logs/ablation/runs/run_0025_20260614_143342/populations/bologna_skewed_high_seed1.yaml,ok,3956.312,/home/jakubhomoncik/sumo-traffic-control/logs/ablation/runs/run_0025_20260614_143342/runs/bologna__skewed__high__seed1__fixed_tuned/vehicle_metrics.csv,5000,2898.0286,9742.7,3627.2148,11227.5,3397.572972,2.79871,-28955642.369881,-28960115.160961,5000,5000,0,0.0,0.0,0.0,0.0,0.0,0.0,0.0,0.0,0.0,0.0,0.0,0.0,0.0,0.0,0.0,0.0,0.0,0.0,0.0,0.0,0.0,0.0,0.0,0.0,0.0,0.0
bologna__skewed__high__seed1__mp_super_no_safe,bologna,bologna,high,5000,0.0,3600.0,skewed,1,mp_super_no_safe,mp,--super-router --super-load-ref 3.5 --super-low-load 0.38 --super-program0-exit-load 0.28 --super-high-load 0.62 --super-imbalance-threshold 0.50 --super-wait-imbalance-threshold 0.50 --super-burstiness-threshold 0.10 --super-platoon-threshold 0.50 --super-downstream-threshold 0.97 --super-mode-streak 4 --super-nmin-load 0.72 --super-lta-gain 0.60 --super-lta-sat-flow 0.50 --super-nmin-alpha 1.20 --super-nmin-floor 4 --super-nmin-min-green 4.0 --super-nmin-demand-gain 0.40 --super-nmin-empty-release-seconds 1.5 --fairness-mu 5.0 --fairness-w-half 20.0 --platoon-headway-threshold 2.1 --platoon-gap-out-seconds 2.1 --platoon-max-extra-green 2.0 --platoon-guard-occ 0.90 --spillback-on 0.90 --spillback-off 0.80 --spillback-min-halts 3 --spillback-alpha 0.30 --downstream-beta 0.4 --downstream-alpha 0.30 --super-disable-safe,human_light,/home/jakubhomoncik/sumo-traffic-control/logs/ablation/runs/run_0025_20260614_143342/populations/bologna_skewed_high_seed1.yaml,ok,10720.059,/home/jakubhomoncik/sumo-traffic-control/logs/ablation/runs/run_0025_20260614_143342/runs/bologna__skewed__high__seed1__mp_super_no_safe/vehicle_metrics.csv,5000,1865.404,5493.2,2624.6576,7272.05,2405.202298,3.67068,-17385071.386292,-17388479.241259,5000,5000,0,0.0,3611.0,0.0,0.0,0.0,0.0,0.0,12.0,990.0,2344.525569,6197.0,1644.0,1644.0,2008310.0,20771.0,63108.0,29497.0,3962.0,106.0,0.0,125083.694049,295026.070484,237077.874488,23448.721971,12658.0,133601.085839
bologna__skewed__high__seed1__mp_platoon_x2,bologna,bologna,high,5000,0.0,3600.0,skewed,1,mp_platoon_x2,mp,--platoon-extension --platoon-headway-threshold 2.1 --platoon-gap-out-seconds 2.1 --platoon-max-extra-green 2.0 --platoon-guard-occ 0.90,human_light,/home/jakubhomoncik/sumo-traffic-control/logs/ablation/runs/run_0025_20260614_143342/populations/bologna_skewed_high_seed1.yaml,ok,16871.36,/home/jakubhomoncik/sumo-traffic-control/logs/ablation/runs/run_0025_20260614_143342/runs/bologna__skewed__high__seed1__mp_platoon_x2/vehicle_metrics.csv,5000,5924.2562,14154.15,6780.8314,15896.0,6495.046842,3.277361,-92981060.232699,-92988497.682112,5000,5000,0,0.0,10598.0,2458.0,0.0,0.0,0.0,0.0,776.0,0.0,0.0,0.0,0.0,0.0,0.0,0.0,0.0,0.0,0.0,0.0,0.0,0.0,0.0,0.0,0.0,0.0,0.0
bologna__peak__high__seed1__mp_program0,bologna,bologna,high,5000,0.0,3600.0,peak,1,mp_program0,mp,--program0-hybrid --program0-load-ref 3.5 --program0-enter-mp-load 0.60 --program0-exit-fixed-load 0.40 --program0-mode-streak 4,human_light,/home/jakubhomoncik/sumo-traffic-control/logs/ablation/runs/run_0025_20260614_143342/populations/bologna_peak_high_seed1.yaml,ok,5424.491,/home/jakubhomoncik/sumo-traffic-control/logs/ablation/runs/run_0025_20260614_143342/runs/bologna__peak__high__seed1__mp_program0/vehicle_metrics.csv,5000,2115.8216,6265.1,2982.1008,8170.05,2761.739676,3.137549,-18269390.483543,-18273098.534227,5000,5000,0,0.0,3325.0,0.0,0.0,0.0,0.0,0.0,0.0,0.0,0.0,0.0,0.0,0.0,0.0,0.0,0.0,0.0,0.0,0.0,0.0,0.0,0.0,0.0,0.0,0.0,0.0
bologna__peak__high__seed1__mp_base,bologna,bologna,high,5000,0.0,3600.0,peak,1,mp_base,mp,,human_light,/home/jakubhomoncik/sumo-traffic-control/logs/ablation/runs/run_0025_20260614_143342/populations/bologna_peak_high_seed1.yaml,ok,10308.579,/home/jakubhomoncik/sumo-traffic-control/logs/ablation/runs/run_0025_20260614_143342/runs/bologna__peak__high__seed1__mp_base/vehicle_metrics.csv,5000,4821.0902,11283.0,5673.368,12964.05,5417.253152,2.761726,-59298310.380735,-59304662.226619,5000,5000,0,0.0,9473.0,2140.0,0.0,0.0,0.0,0.0,0.0,0.0,0.0,0.0,0.0,0.0,0.0,0.0,0.0,0.0,0.0,0.0,0.0,0.0,0.0,0.0,0.0,0.0,0.0
bologna__peak__high__seed1__mp_super,bologna,bologna,high,5000,0.0,3600.0,peak,1,mp_super,mp,--super-router --super-load-ref 3.5 --super-low-load 0.38 --super-program0-exit-load 0.28 --super-high-load 0.62 --super-imbalance-threshold 0.50 --super-wait-imbalance-threshold 0.50 --super-burstiness-threshold 0.10 --super-platoon-threshold 0.50 --super-downstream-threshold 0.97 --super-mode-streak 4 --super-nmin-load 0.72 --super-lta-gain 0.60 --super-lta-sat-flow 0.50 --super-nmin-alpha 1.20 --super-nmin-floor 4 --super-nmin-min-green 4.0 --super-nmin-demand-gain 0.40 --super-nmin-empty-release-seconds 1.5 --fairness-mu 5.0 --fairness-w-half 20.0 --platoon-headway-threshold 2.1 --platoon-gap-out-seconds 2.1 --platoon-max-extra-green 2.0 --platoon-guard-occ 0.90 --spillback-on 0.90 --spillback-off 0.80 --spillback-min-halts 3 --spillback-alpha 0.30 --downstream-beta 0.4 --downstream-alpha 0.30,human_light,/home/jakubhomoncik/sumo-traffic-control/logs/ablation/runs/run_0025_20260614_143342/populations/bologna_peak_high_seed1.yaml,ok,11277.649,/home/jakubhomoncik/sumo-traffic-control/logs/ablation/runs/run_0025_20260614_143342/runs/bologna__peak__high__seed1__mp_super/vehicle_metrics.csv,5000,2073.9552,6216.5,2933.9078,7848.7,2713.07594,3.19175,-18800319.396525,-18803979.438731,5000,5000,0,0.0,4161.0,0.0,0.0,163.0,146.0,11465.0,8.0,1416.0,3968.850336,7790.0,1781.0,1781.0,2043914.0,22038.0,60590.0,27766.0,3681.0,170.0,22572.0,139679.435076,293424.768789,238128.986925,22735.769095,12443.0,136360.564291
bologna__peak__high__seed1__mp_lta_g060_sf050,bologna,bologna,high,5000,0.0,3600.0,peak,1,mp_lta_g060_sf050,mp,--lost-time-aware --lost-time-sat-flow 0.50 --lost-time-gain 0.60,human_light,/home/jakubhomoncik/sumo-traffic-control/logs/ablation/runs/run_0025_20260614_143342/populations/bologna_peak_high_seed1.yaml,ok,10538.433,/home/jakubhomoncik/sumo-traffic-control/logs/ablation/runs/run_0025_20260614_143342/runs/bologna__peak__high__seed1__mp_lta_g060_sf050/vehicle_metrics.csv,5000,5003.6372,12269.05,5864.028,13852.05,5592.22143,2.75709,-77011562.007672,-77018094.656953,5000,5000,0,0.0,5798.0,4236.0,0.0,0.0,0.0,0.0,0.0,0.0,0.0,0.0,0.0,0.0,0.0,0.0,0.0,0.0,0.0,0.0,0.0,0.0,0.0,0.0,0.0,0.0,0.0
bologna__peak__high__seed1__mp_nmin_a120_f4,bologna,bologna,high,5000,0.0,3600.0,peak,1,mp_nmin_a120_f4,mp,--nmin-dynamic --lost-time-sat-flow 0.50 --nmin-alpha 1.20 --nmin-floor 4 --nmin-min-green 4.0 --nmin-demand-gain 0.40 --nmin-empty-release-seconds 1.5,human_light,/home/jakubhomoncik/sumo-traffic-control/logs/ablation/runs/run_0025_20260614_143342/populations/bologna_peak_high_seed1.yaml,ok,10678.546,/home/jakubhomoncik/sumo-traffic-control/logs/ablation/runs/run_0025_20260614_143342/runs/bologna__peak__high__seed1__mp_nmin_a120_f4/vehicle_metrics.csv,5000,5117.449,12070.15,6015.6904,13708.05,5749.576422,2.582473,-70677554.450598,-70684235.39603,5000,5000,0,0.0,11608.0,2144.0,33941.0,0.0,0.0,0.0,0.0,0.0,0.0,0.0,0.0,0.0,0.0,0.0,0.0,0.0,0.0,0.0,0.0,0.0,0.0,0.0,0.0,0.0,0.0
bologna__peak__high__seed1__mp_fair_mu5_w20,bologna,bologna,high,5000,0.0,3600.0,peak,1,mp_fair_mu5_w20,mp,--fairness --fairness-mu 5.0 --fairness-w-half 20.0,human_light,/home/jakubhomoncik/sumo-traffic-control/logs/ablation/runs/run_0025_20260614_143342/populations/bologna_peak_high_seed1.yaml,ok,9793.982,/home/jakubhomoncik/sumo-traffic-control/logs/ablation/runs/run_0025_20260614_143342/runs/bologna__peak__high__seed1__mp_fair_mu5_w20/vehicle_metrics.csv,5000,4254.281,10920.15,5115.2876,12659.2,4871.200838,2.913568,-45626690.410611,-45632525.629228,5000,5000,0,0.0,12662.0,1988.0,0.0,0.0,0.0,0.0,0.0,170358.0,659228.760177,0.0,0.0,0.0,0.0,0.0,0.0,0.0,0.0,0.0,0.0,0.0,0.0,0.0,0.0,0.0,0.0
bologna__peak__high__seed1__mp_spillback_on90_off80,bologna,bologna,high,5000,0.0,3600.0,peak,1,mp_spillback_on90_off80,mp,--spillback --spillback-on 0.90 --spillback-off 0.80 --spillback-min-halts 3 --spillback-alpha 0.30,human_light,/home/jakubhomoncik/sumo-traffic-control/logs/ablation/runs/run_0025_20260614_143342/populations/bologna_peak_high_seed1.yaml,ok,12984.317,/home/jakubhomoncik/sumo-traffic-control/logs/ablation/runs/run_0025_20260614_143342/runs/bologna__peak__high__seed1__mp_spillback_on90_off80/vehicle_metrics.csv,5000,4536.2274,11122.15,5363.021,12738.2,5113.221332,2.968832,-52233712.939548,-52239788.324882,5000,5000,0,0.0,9831.0,2042.0,0.0,1767.0,1767.0,185262.0,0.0,0.0,0.0,0.0,0.0,0.0,0.0,0.0,0.0,0.0,0.0,0.0,0.0,0.0,0.0,0.0,0.0,0.0,0.0
bologna__peak__high__seed1__fixed_program0,bologna,bologna,high,5000,0.0,3600.0,peak,1,fixed_program0,fixed,--fixed-program-id 0,human_light,/home/jakubhomoncik/sumo-traffic-control/logs/ablation/runs/run_0025_20260614_143342/populations/bologna_peak_high_seed1.yaml,ok,4306.755,/home/jakubhomoncik/sumo-traffic-control/logs/ablation/runs/run_0025_20260614_143342/runs/bologna__peak__high__seed1__fixed_program0/vehicle_metrics.csv,5000,3153.2984,11837.55,3936.5554,13558.0,3690.293402,3.078523,-47709769.065095,-47714429.015217,5000,5000,0,0.0,0.0,0.0,0.0,0.0,0.0,0.0,0.0,0.0,0.0,0.0,0.0,0.0,0.0,0.0,0.0,0.0,0.0,0.0,0.0,0.0,0.0,0.0,0.0,0.0,0.0
bologna__peak__high__seed1__mp_platoon_x2,bologna,bologna,high,5000,0.0,3600.0,peak,1,mp_platoon_x2,mp,--platoon-extension --platoon-headway-threshold 2.1 --platoon-gap-out-seconds 2.1 --platoon-max-extra-green 2.0 --platoon-guard-occ 0.90,human_light,/home/jakubhomoncik/sumo-traffic-control/logs/ablation/runs/run_0025_20260614_143342/populations/bologna_peak_high_seed1.yaml,ok,14586.164,/home/jakubhomoncik/sumo-traffic-control/logs/ablation/runs/run_0025_20260614_143342/runs/bologna__peak__high__seed1__mp_platoon_x2/vehicle_metrics.csv,5000,4741.5802,11671.05,5577.8392,13365.15,5331.448678,2.794798,-48337431.228171,-48343720.893963,5000,5000,0,0.0,9488.0,2176.0,0.0,0.0,0.0,0.0,844.0,0.0,0.0,0.0,0.0,0.0,0.0,0.0,0.0,0.0,0.0,0.0,0.0,0.0,0.0,0.0,0.0,0.0,0.0
bologna__peak__high__seed1__fixed_tuned,bologna,bologna,high,5000,0.0,3600.0,peak,1,fixed_tuned,fixed,--fixed-program-id 0 --fixed-main-green-seconds 30,human_light,/home/jakubhomoncik/sumo-traffic-control/logs/ablation/runs/run_0025_20260614_143342/populations/bologna_peak_high_seed1.yaml,ok,4863.529,/home/jakubhomoncik/sumo-traffic-control/logs/ablation/runs/run_0025_20260614_143342/runs/bologna__peak__high__seed1__fixed_tuned/vehicle_metrics.csv,5000,3444.8302,11069.25,4235.4612,12644.35,3992.053062,2.555979,-44489945.171798,-44494964.513523,5000,5000,0,0.0,0.0,0.0,0.0,0.0,0.0,0.0,0.0,0.0,0.0,0.0,0.0,0.0,0.0,0.0,0.0,0.0,0.0,0.0,0.0,0.0,0.0,0.0,0.0,0.0,0.0
bologna__peak__high__seed1__mp_super_no_safe,bologna,bologna,high,5000,0.0,3600.0,peak,1,mp_super_no_safe,mp,--super-router --super-load-ref 3.5 --super-low-load 0.38 --super-program0-exit-load 0.28 --super-high-load 0.62 --super-imbalance-threshold 0.50 --super-wait-imbalance-threshold 0.50 --super-burstiness-threshold 0.10 --super-platoon-threshold 0.50 --super-downstream-threshold 0.97 --super-mode-streak 4 --super-nmin-load 0.72 --super-lta-gain 0.60 --super-lta-sat-flow 0.50 --super-nmin-alpha 1.20 --super-nmin-floor 4 --super-nmin-min-green 4.0 --super-nmin-demand-gain 0.40 --super-nmin-empty-release-seconds 1.5 --fairness-mu 5.0 --fairness-w-half 20.0 --platoon-headway-threshold 2.1 --platoon-gap-out-seconds 2.1 --platoon-max-extra-green 2.0 --platoon-guard-occ 0.90 --spillback-on 0.90 --spillback-off 0.80 --spillback-min-halts 3 --spillback-alpha 0.30 --downstream-beta 0.4 --downstream-alpha 0.30 --super-disable-safe,human_light,/home/jakubhomoncik/sumo-traffic-control/logs/ablation/runs/run_0025_20260614_143342/populations/bologna_peak_high_seed1.yaml,ok,12722.99,/home/jakubhomoncik/sumo-traffic-control/logs/ablation/runs/run_0025_20260614_143342/runs/bologna__peak__high__seed1__mp_super_no_safe/vehicle_metrics.csv,5000,2213.9072,6291.1,3081.8794,8159.75,2859.84031,3.134501,-20205188.543474,-20209003.773662,5000,5000,0,0.0,4448.0,0.0,0.0,0.0,0.0,0.0,14.0,1337.0,3278.401783,6713.0,1701.0,1701.0,2117298.0,21630.0,80982.0,33605.0,5001.0,127.0,0.0,144663.377255,294655.297639,236723.825921,22441.027853,12845.0,144610.107088
bologna__balanced__high__seed2__mp_program0,bologna,bologna,high,5000,0.0,3600.0,balanced,2,mp_program0,mp,--program0-hybrid --program0-load-ref 3.5 --program0-enter-mp-load 0.60 --program0-exit-fixed-load 0.40 --program0-mode-streak 4,human_light,/home/jakubhomoncik/sumo-traffic-control/logs/ablation/runs/run_0025_20260614_143342/populations/bologna_balanced_high_seed2.yaml,ok,2790.049,/home/jakubhomoncik/sumo-traffic-control/logs/ablation/runs/run_0025_20260614_143342/runs/bologna__balanced__high__seed2__mp_program0/vehicle_metrics.csv,5000,852.7228,3068.35,1305.6408,3904.35,1126.670926,5.280746,-7725473.559465,-7727429.664671,5000,5000,0,0.0,1184.0,0.0,0.0,0.0,0.0,0.0,0.0,0.0,0.0,0.0,0.0,0.0,0.0,0.0,0.0,0.0,0.0,0.0,0.0,0.0,0.0,0.0,0.0,0.0,0.0
bologna__balanced__high__seed2__mp_base,bologna,bologna,high,5000,0.0,3600.0,balanced,2,mp_base,mp,,human_light,/home/jakubhomoncik/sumo-traffic-control/logs/ablation/runs/run_0025_20260614_143342/populations/bologna_balanced_high_seed2.yaml,ok,5487.228,/home/jakubhomoncik/sumo-traffic-control/logs/ablation/runs/run_0025_20260614_143342/runs/bologna__balanced__high__seed2__mp_base/vehicle_metrics.csv,5000,2014.1106,6855.6,2506.4144,7948.0,2309.851882,4.93167,-27825290.494804,-27828398.944446,5000,5000,0,0.0,8631.0,1835.0,0.0,0.0,0.0,0.0,0.0,0.0,0.0,0.0,0.0,0.0,0.0,0.0,0.0,0.0,0.0,0.0,0.0,0.0,0.0,0.0,0.0,0.0,0.0
bologna__balanced__high__seed2__mp_super,bologna,bologna,high,5000,0.0,3600.0,balanced,2,mp_super,mp,--super-router --super-load-ref 3.5 --super-low-load 0.38 --super-program0-exit-load 0.28 --super-high-load 0.62 --super-imbalance-threshold 0.50 --super-wait-imbalance-threshold 0.50 --super-burstiness-threshold 0.10 --super-platoon-threshold 0.50 --super-downstream-threshold 0.97 --super-mode-streak 4 --super-nmin-load 0.72 --super-lta-gain 0.60 --super-lta-sat-flow 0.50 --super-nmin-alpha 1.20 --super-nmin-floor 4 --super-nmin-min-green 4.0 --super-nmin-demand-gain 0.40 --super-nmin-empty-release-seconds 1.5 --fairness-mu 5.0 --fairness-w-half 20.0 --platoon-headway-threshold 2.1 --platoon-gap-out-seconds 2.1 --platoon-max-extra-green 2.0 --platoon-guard-occ 0.90 --spillback-on 0.90 --spillback-off 0.80 --spillback-min-halts 3 --spillback-alpha 0.30 --downstream-beta 0.4 --downstream-alpha 0.30,human_light,/home/jakubhomoncik/sumo-traffic-control/logs/ablation/runs/run_0025_20260614_143342/populations/bologna_balanced_high_seed2.yaml,ok,7664.235,/home/jakubhomoncik/sumo-traffic-control/logs/ablation/runs/run_0025_20260614_143342/runs/bologna__balanced__high__seed2__mp_super/vehicle_metrics.csv,5000,927.2554,3681.65,1371.1404,4381.2,1187.221076,5.101232,-13369175.781249,-13371199.238073,5000,5000,0,0.0,1949.0,0.0,0.0,36.0,30.0,3841.0,5.0,850.0,1909.668671,3496.0,1089.0,1089.0,1651712.0,8310.0,24328.0,11186.0,4296.0,52.0,6361.0,67965.816734,220627.943981,194493.334904,19136.051364,10439.0,71308.624319
bologna__balanced__high__seed2__mp_lta_g060_sf050,bologna,bologna,high,5000,0.0,3600.0,balanced,2,mp_lta_g060_sf050,mp,--lost-time-aware --lost-time-sat-flow 0.50 --lost-time-gain 0.60,human_light,/home/jakubhomoncik/sumo-traffic-control/logs/ablation/runs/run_0025_20260614_143342/populations/bologna_balanced_high_seed2.yaml,ok,5465.917,/home/jakubhomoncik/sumo-traffic-control/logs/ablation/runs/run_0025_20260614_143342/runs/bologna__balanced__high__seed2__mp_lta_g060_sf050/vehicle_metrics.csv,5000,1823.0988,6005.0,2266.7518,6967.75,2075.871556,5.020471,-21550470.365801,-21553347.599734,5000,5000,0,0.0,5161.0,3320.0,0.0,0.0,0.0,0.0,0.0,0.0,0.0,0.0,0.0,0.0,0.0,0.0,0.0,0.0,0.0,0.0,0.0,0.0,0.0,0.0,0.0,0.0,0.0
bologna__balanced__high__seed2__mp_nmin_a120_f4,bologna,bologna,high,5000,0.0,3600.0,balanced,2,mp_nmin_a120_f4,mp,--nmin-dynamic --lost-time-sat-flow 0.50 --nmin-alpha 1.20 --nmin-floor 4 --nmin-min-green 4.0 --nmin-demand-gain 0.40 --nmin-empty-release-seconds 1.5,human_light,/home/jakubhomoncik/sumo-traffic-control/logs/ablation/runs/run_0025_20260614_143342/populations/bologna_balanced_high_seed2.yaml,ok,5402.786,/home/jakubhomoncik/sumo-traffic-control/logs/ablation/runs/run_0025_20260614_143342/runs/bologna__balanced__high__seed2__mp_nmin_a120_f4/vehicle_metrics.csv,5000,1998.8582,6124.3,2465.8126,7035.2,2270.277822,4.787901,-26813440.451182,-26816519.003237,5000,5000,0,0.0,10153.0,1704.0,24705.0,0.0,0.0,0.0,0.0,0.0,0.0,0.0,0.0,0.0,0.0,0.0,0.0,0.0,0.0,0.0,0.0,0.0,0.0,0.0,0.0,0.0,0.0
bologna__balanced__high__seed2__mp_fair_mu5_w20,bologna,bologna,high,5000,0.0,3600.0,balanced,2,mp_fair_mu5_w20,mp,--fairness --fairness-mu 5.0 --fairness-w-half 20.0,human_light,/home/jakubhomoncik/sumo-traffic-control/logs/ablation/runs/run_0025_20260614_143342/populations/bologna_balanced_high_seed2.yaml,ok,4672.264,/home/jakubhomoncik/sumo-traffic-control/logs/ablation/runs/run_0025_20260614_143342/runs/bologna__balanced__high__seed2__mp_fair_mu5_w20/vehicle_metrics.csv,5000,1618.8636,5310.1,2062.8076,6149.05,1873.75646,5.043511,-19444291.799611,-19446974.16099,5000,5000,0,0.0,10456.0,1612.0,0.0,0.0,0.0,0.0,0.0,79529.0,276762.010294,0.0,0.0,0.0,0.0,0.0,0.0,0.0,0.0,0.0,0.0,0.0,0.0,0.0,0.0,0.0,0.0
bologna__balanced__high__seed2__mp_spillback_on90_off80,bologna,bologna,high,5000,0.0,3600.0,balanced,2,mp_spillback_on90_off80,mp,--spillback --spillback-on 0.90 --spillback-off 0.80 --spillback-min-halts 3 --spillback-alpha 0.30,human_light,/home/jakubhomoncik/sumo-traffic-control/logs/ablation/runs/run_0025_20260614_143342/populations/bologna_balanced_high_seed2.yaml,ok,8913.458,/home/jakubhomoncik/sumo-traffic-control/logs/ablation/runs/run_0025_20260614_143342/runs/bologna__balanced__high__seed2__mp_spillback_on90_off80/vehicle_metrics.csv,5000,2195.711,7641.1,2685.5746,8741.3,2487.227636,4.794467,-29937522.645924,-29940798.447106,5000,5000,0,0.0,8538.0,1924.0,0.0,809.0,809.0,86940.0,0.0,0.0,0.0,0.0,0.0,0.0,0.0,0.0,0.0,0.0,0.0,0.0,0.0,0.0,0.0,0.0,0.0,0.0,0.0
bologna__balanced__high__seed2__fixed_program0,bologna,bologna,high,5000,0.0,3600.0,balanced,2,fixed_program0,fixed,--fixed-program-id 0,human_light,/home/jakubhomoncik/sumo-traffic-control/logs/ablation/runs/run_0025_20260614_143342/populations/bologna_balanced_high_seed2.yaml,ok,1841.261,/home/jakubhomoncik/sumo-traffic-control/logs/ablation/runs/run_0025_20260614_143342/runs/bologna__balanced__high__seed2__fixed_program0/vehicle_metrics.csv,5000,1186.5558,4679.55,1647.5938,5637.25,1465.791742,5.12362,-10949382.828177,-10951702.531042,5000,5000,0,0.0,0.0,0.0,0.0,0.0,0.0,0.0,0.0,0.0,0.0,0.0,0.0,0.0,0.0,0.0,0.0,0.0,0.0,0.0,0.0,0.0,0.0,0.0,0.0,0.0,0.0
bologna__balanced__high__seed2__mp_platoon_x2,bologna,bologna,high,5000,0.0,3600.0,balanced,2,mp_platoon_x2,mp,--platoon-extension --platoon-headway-threshold 2.1 --platoon-gap-out-seconds 2.1 --platoon-max-extra-green 2.0 --platoon-guard-occ 0.90,human_light,/home/jakubhomoncik/sumo-traffic-control/logs/ablation/runs/run_0025_20260614_143342/populations/bologna_balanced_high_seed2.yaml,ok,7815.163,/home/jakubhomoncik/sumo-traffic-control/logs/ablation/runs/run_0025_20260614_143342/runs/bologna__balanced__high__seed2__mp_platoon_x2/vehicle_metrics.csv,5000,1887.0294,6161.15,2339.836,7105.05,2148.029938,5.082614,-22564607.859755,-22567565.635241,5000,5000,0,0.0,8642.0,1711.0,0.0,0.0,0.0,0.0,694.0,0.0,0.0,0.0,0.0,0.0,0.0,0.0,0.0,0.0,0.0,0.0,0.0,0.0,0.0,0.0,0.0,0.0,0.0
bologna__balanced__high__seed2__mp_super_no_safe,bologna,bologna,high,5000,0.0,3600.0,balanced,2,mp_super_no_safe,mp,--super-router --super-load-ref 3.5 --super-low-load 0.38 --super-program0-exit-load 0.28 --super-high-load 0.62 --super-imbalance-threshold 0.50 --super-wait-imbalance-threshold 0.50 --super-burstiness-threshold 0.10 --super-platoon-threshold 0.50 --super-downstream-threshold 0.97 --super-mode-streak 4 --super-nmin-load 0.72 --super-lta-gain 0.60 --super-lta-sat-flow 0.50 --super-nmin-alpha 1.20 --super-nmin-floor 4 --super-nmin-min-green 4.0 --super-nmin-demand-gain 0.40 --super-nmin-empty-release-seconds 1.5 --fairness-mu 5.0 --fairness-w-half 20.0 --platoon-headway-threshold 2.1 --platoon-gap-out-seconds 2.1 --platoon-max-extra-green 2.0 --platoon-guard-occ 0.90 --spillback-on 0.90 --spillback-off 0.80 --spillback-min-halts 3 --spillback-alpha 0.30 --downstream-beta 0.4 --downstream-alpha 0.30 --super-disable-safe,human_light,/home/jakubhomoncik/sumo-traffic-control/logs/ablation/runs/run_0025_20260614_143342/populations/bologna_balanced_high_seed2.yaml,ok,6813.919,/home/jakubhomoncik/sumo-traffic-control/logs/ablation/runs/run_0025_20260614_143342/runs/bologna__balanced__high__seed2__mp_super_no_safe/vehicle_metrics.csv,5000,803.4482,3182.5,1239.5264,3910.7,1057.950504,5.335564,-10671063.885254,-10672951.162054,5000,5000,0,0.0,1974.0,0.0,0.0,0.0,0.0,0.0,7.0,1131.0,2573.3573,3277.0,1147.0,1147.0,1479950.0,8344.0,26590.0,8178.0,4809.0,62.0,0.0,61293.58399,210980.40005,188019.700466,18886.625554,10238.0,62754.559021
bologna__balanced__high__seed2__fixed_tuned,bologna,bologna,high,5000,0.0,3600.0,balanced,2,fixed_tuned,fixed,--fixed-program-id 0 --fixed-main-green-seconds 30,human_light,/home/jakubhomoncik/sumo-traffic-control/logs/ablation/runs/run_0025_20260614_143342/populations/bologna_balanced_high_seed2.yaml,ok,2076.657,/home/jakubhomoncik/sumo-traffic-control/logs/ablation/runs/run_0025_20260614_143342/runs/bologna__balanced__high__seed2__fixed_tuned/vehicle_metrics.csv,5000,1411.0186,4955.15,1884.5986,6001.25,1704.214026,4.196116,-9335167.087773,-9337745.099581,5000,5000,0,0.0,0.0,0.0,0.0,0.0,0.0,0.0,0.0,0.0,0.0,0.0,0.0,0.0,0.0,0.0,0.0,0.0,0.0,0.0,0.0,0.0,0.0,0.0,0.0,0.0,0.0
bologna__skewed__high__seed2__mp_program0,bologna,bologna,high,5000,0.0,3600.0,skewed,2,mp_program0,mp,--program0-hybrid --program0-load-ref 3.5 --program0-enter-mp-load 0.60 --program0-exit-fixed-load 0.40 --program0-mode-streak 4,human_light,/home/jakubhomoncik/sumo-traffic-control/logs/ablation/runs/run_0025_20260614_143342/populations/bologna_skewed_high_seed2.yaml,ok,4849.856,/home/jakubhomoncik/sumo-traffic-control/logs/ablation/runs/run_0025_20260614_143342/runs/bologna__skewed__high__seed2__mp_program0/vehicle_metrics.csv,5000,1789.5114,5903.45,2541.6824,7276.6,2316.25248,3.705403,-22118626.639884,-22121986.071134,5000,5000,0,0.0,2607.0,0.0,0.0,0.0,0.0,0.0,0.0,0.0,0.0,0.0,0.0,0.0,0.0,0.0,0.0,0.0,0.0,0.0,0.0,0.0,0.0,0.0,0.0,0.0,0.0
bologna__skewed__high__seed2__mp_base,bologna,bologna,high,5000,0.0,3600.0,skewed,2,mp_base,mp,,human_light,/home/jakubhomoncik/sumo-traffic-control/logs/ablation/runs/run_0025_20260614_143342/populations/bologna_skewed_high_seed2.yaml,ok,11533.929,/home/jakubhomoncik/sumo-traffic-control/logs/ablation/runs/run_0025_20260614_143342/runs/bologna__skewed__high__seed2__mp_base/vehicle_metrics.csv,5000,5102.6538,13169.9,5944.5968,15062.4,5680.03327,3.293998,-66987332.119317,-66994150.172068,5000,5000,0,0.0,10545.0,2559.0,0.0,0.0,0.0,0.0,0.0,0.0,0.0,0.0,0.0,0.0,0.0,0.0,0.0,0.0,0.0,0.0,0.0,0.0,0.0,0.0,0.0,0.0,0.0
bologna__skewed__high__seed2__mp_super,bologna,bologna,high,5000,0.0,3600.0,skewed,2,mp_super,mp,--super-router --super-load-ref 3.5 --super-low-load 0.38 --super-program0-exit-load 0.28 --super-high-load 0.62 --super-imbalance-threshold 0.50 --super-wait-imbalance-threshold 0.50 --super-burstiness-threshold 0.10 --super-platoon-threshold 0.50 --super-downstream-threshold 0.97 --super-mode-streak 4 --super-nmin-load 0.72 --super-lta-gain 0.60 --super-lta-sat-flow 0.50 --super-nmin-alpha 1.20 --super-nmin-floor 4 --super-nmin-min-green 4.0 --super-nmin-demand-gain 0.40 --super-nmin-empty-release-seconds 1.5 --fairness-mu 5.0 --fairness-w-half 20.0 --platoon-headway-threshold 2.1 --platoon-gap-out-seconds 2.1 --platoon-max-extra-green 2.0 --platoon-guard-occ 0.90 --spillback-on 0.90 --spillback-off 0.80 --spillback-min-halts 3 --spillback-alpha 0.30 --downstream-beta 0.4 --downstream-alpha 0.30,human_light,/home/jakubhomoncik/sumo-traffic-control/logs/ablation/runs/run_0025_20260614_143342/populations/bologna_skewed_high_seed2.yaml,ok,10609.972,/home/jakubhomoncik/sumo-traffic-control/logs/ablation/runs/run_0025_20260614_143342/runs/bologna__skewed__high__seed2__mp_super/vehicle_metrics.csv,5000,1740.5536,5505.2,2484.6056,6867.85,2262.686562,3.723939,-18201887.862984,-18205209.04173,5000,5000,0,0.0,3174.0,0.0,0.0,117.0,106.0,9679.0,14.0,676.0,1531.719399,6389.0,1594.0,1594.0,2000100.0,19535.0,45250.0,24061.0,3102.0,127.0,14605.0,116653.974546,284626.088265,232067.153746,23532.665617,12994.0,115313.548208
bologna__skewed__high__seed2__mp_lta_g060_sf050,bologna,bologna,high,5000,0.0,3600.0,skewed,2,mp_lta_g060_sf050,mp,--lost-time-aware --lost-time-sat-flow 0.50 --lost-time-gain 0.60,human_light,/home/jakubhomoncik/sumo-traffic-control/logs/ablation/runs/run_0025_20260614_143342/populations/bologna_skewed_high_seed2.yaml,ok,10237.129,/home/jakubhomoncik/sumo-traffic-control/logs/ablation/runs/run_0025_20260614_143342/runs/bologna__skewed__high__seed2__mp_lta_g060_sf050/vehicle_metrics.csv,5000,4871.8526,12480.1,5681.3034,14048.0,5410.45609,3.204506,-74138707.690354,-74145207.781635,5000,5000,0,0.0,6105.0,4455.0,0.0,0.0,0.0,0.0,0.0,0.0,0.0,0.0,0.0,0.0,0.0,0.0,0.0,0.0,0.0,0.0,0.0,0.0,0.0,0.0,0.0,0.0,0.0
bologna__skewed__high__seed2__mp_nmin_a120_f4,bologna,bologna,high,5000,0.0,3600.0,skewed,2,mp_nmin_a120_f4,mp,--nmin-dynamic --lost-time-sat-flow 0.50 --nmin-alpha 1.20 --nmin-floor 4 --nmin-min-green 4.0 --nmin-demand-gain 0.40 --nmin-empty-release-seconds 1.5,human_light,/home/jakubhomoncik/sumo-traffic-control/logs/ablation/runs/run_0025_20260614_143342/populations/bologna_skewed_high_seed2.yaml,ok,11129.219,/home/jakubhomoncik/sumo-traffic-control/logs/ablation/runs/run_0025_20260614_143342/runs/bologna__skewed__high__seed2__mp_nmin_a120_f4/vehicle_metrics.csv,5000,5375.5042,13053.6,6232.8162,14951.45,5973.152212,2.993437,-61682746.179276,-61689767.701407,5000,5000,0,0.0,12395.0,2387.0,32605.0,0.0,0.0,0.0,0.0,0.0,0.0,0.0,0.0,0.0,0.0,0.0,0.0,0.0,0.0,0.0,0.0,0.0,0.0,0.0,0.0,0.0,0.0
bologna__skewed__high__seed2__mp_spillback_on90_off80,bologna,bologna,high,5000,0.0,3600.0,skewed,2,mp_spillback_on90_off80,mp,--spillback --spillback-on 0.90 --spillback-off 0.80 --spillback-min-halts 3 --spillback-alpha 0.30,human_light,/home/jakubhomoncik/sumo-traffic-control/logs/ablation/runs/run_0025_20260614_143342/populations/bologna_skewed_high_seed2.yaml,ok,13766.042,/home/jakubhomoncik/sumo-traffic-control/logs/ablation/runs/run_0025_20260614_143342/runs/bologna__skewed__high__seed2__mp_spillback_on90_off80/vehicle_metrics.csv,5000,4593.9384,11234.25,5386.6418,12904.1,5138.914674,3.337073,-47949438.980175,-47955690.208232,5000,5000,0,0.0,10329.0,2201.0,0.0,1793.0,1793.0,185319.0,0.0,0.0,0.0,0.0,0.0,0.0,0.0,0.0,0.0,0.0,0.0,0.0,0.0,0.0,0.0,0.0,0.0,0.0,0.0
bologna__skewed__high__seed2__mp_fair_mu5_w20,bologna,bologna,high,5000,0.0,3600.0,skewed,2,mp_fair_mu5_w20,mp,--fairness --fairness-mu 5.0 --fairness-w-half 20.0,human_light,/home/jakubhomoncik/sumo-traffic-control/logs/ablation/runs/run_0025_20260614_143342/populations/bologna_skewed_high_seed2.yaml,ok,11160.649,/home/jakubhomoncik/sumo-traffic-control/logs/ablation/runs/run_0025_20260614_143342/runs/bologna__skewed__high__seed2__mp_fair_mu5_w20/vehicle_metrics.csv,5000,5215.6012,12339.35,6121.391,14085.25,5847.90297,2.918493,-77142546.858614,-77149524.157772,5000,5000,0,0.0,14368.0,2243.0,0.0,0.0,0.0,0.0,0.0,245016.0,967437.905865,0.0,0.0,0.0,0.0,0.0,0.0,0.0,0.0,0.0,0.0,0.0,0.0,0.0,0.0,0.0,0.0
bologna__skewed__high__seed2__fixed_program0,bologna,bologna,high,5000,0.0,3600.0,skewed,2,fixed_program0,fixed,--fixed-program-id 0,human_light,/home/jakubhomoncik/sumo-traffic-control/logs/ablation/runs/run_0025_20260614_143342/populations/bologna_skewed_high_seed2.yaml,ok,3739.018,/home/jakubhomoncik/sumo-traffic-control/logs/ablation/runs/run_0025_20260614_143342/runs/bologna__skewed__high__seed2__fixed_program0/vehicle_metrics.csv,5000,2711.8334,11278.15,3431.6348,12690.05,3183.19089,3.526188,-48296055.555804,-48300264.128828,5000,5000,0,0.0,0.0,0.0,0.0,0.0,0.0,0.0,0.0,0.0,0.0,0.0,0.0,0.0,0.0,0.0,0.0,0.0,0.0,0.0,0.0,0.0,0.0,0.0,0.0,0.0,0.0
bologna__skewed__high__seed2__fixed_tuned,bologna,bologna,high,5000,0.0,3600.0,skewed,2,fixed_tuned,fixed,--fixed-program-id 0 --fixed-main-green-seconds 30,human_light,/home/jakubhomoncik/sumo-traffic-control/logs/ablation/runs/run_0025_20260614_143342/populations/bologna_skewed_high_seed2.yaml,ok,4046.716,/home/jakubhomoncik/sumo-traffic-control/logs/ablation/runs/run_0025_20260614_143342/runs/bologna__skewed__high__seed2__fixed_tuned/vehicle_metrics.csv,5000,3006.677,10775.05,3734.3874,12174.5,3487.29896,2.885623,-46702954.431366,-46707519.788352,5000,5000,0,0.0,0.0,0.0,0.0,0.0,0.0,0.0,0.0,0.0,0.0,0.0,0.0,0.0,0.0,0.0,0.0,0.0,0.0,0.0,0.0,0.0,0.0,0.0,0.0,0.0,0.0
bologna__skewed__high__seed2__mp_super_no_safe,bologna,bologna,high,5000,0.0,3600.0,skewed,2,mp_super_no_safe,mp,--super-router --super-load-ref 3.5 --super-low-load 0.38 --super-program0-exit-load 0.28 --super-high-load 0.62 --super-imbalance-threshold 0.50 --super-wait-imbalance-threshold 0.50 --super-burstiness-threshold 0.10 --super-platoon-threshold 0.50 --super-downstream-threshold 0.97 --super-mode-streak 4 --super-nmin-load 0.72 --super-lta-gain 0.60 --super-lta-sat-flow 0.50 --super-nmin-alpha 1.20 --super-nmin-floor 4 --super-nmin-min-green 4.0 --super-nmin-demand-gain 0.40 --super-nmin-empty-release-seconds 1.5 --fairness-mu 5.0 --fairness-w-half 20.0 --platoon-headway-threshold 2.1 --platoon-gap-out-seconds 2.1 --platoon-max-extra-green 2.0 --platoon-guard-occ 0.90 --spillback-on 0.90 --spillback-off 0.80 --spillback-min-halts 3 --spillback-alpha 0.30 --downstream-beta 0.4 --downstream-alpha 0.30 --super-disable-safe,human_light,/home/jakubhomoncik/sumo-traffic-control/logs/ablation/runs/run_0025_20260614_143342/populations/bologna_skewed_high_seed2.yaml,ok,10209.94,/home/jakubhomoncik/sumo-traffic-control/logs/ablation/runs/run_0025_20260614_143342/runs/bologna__skewed__high__seed2__mp_super_no_safe/vehicle_metrics.csv,5000,1694.7256,5706.3,2434.974,6935.3,2215.382946,3.685251,-15569790.328518,-15573062.005719,5000,5000,0,0.0,3466.0,0.0,0.0,0.0,0.0,0.0,18.0,818.0,1864.667474,6059.0,1685.0,1685.0,1964366.0,18822.0,60700.0,23535.0,4039.0,173.0,0.0,116475.458188,283246.946459,232996.552977,23244.860948,13056.0,115417.208601
bologna__skewed__high__seed2__mp_platoon_x2,bologna,bologna,high,5000,0.0,3600.0,skewed,2,mp_platoon_x2,mp,--platoon-extension --platoon-headway-threshold 2.1 --platoon-gap-out-seconds 2.1 --platoon-max-extra-green 2.0 --platoon-guard-occ 0.90,human_light,/home/jakubhomoncik/sumo-traffic-control/logs/ablation/runs/run_0025_20260614_143342/populations/bologna_skewed_high_seed2.yaml,ok,14775.76,/home/jakubhomoncik/sumo-traffic-control/logs/ablation/runs/run_0025_20260614_143342/runs/bologna__skewed__high__seed2__mp_platoon_x2/vehicle_metrics.csv,5000,4931.1026,11912.15,5794.7292,13778.1,5532.124264,3.216463,-64840702.340217,-64847378.632755,5000,5000,0,0.0,10617.0,2428.0,0.0,0.0,0.0,0.0,729.0,0.0,0.0,0.0,0.0,0.0,0.0,0.0,0.0,0.0,0.0,0.0,0.0,0.0,0.0,0.0,0.0,0.0,0.0
bologna__peak__high__seed2__mp_program0,bologna,bologna,high,5000,0.0,3600.0,peak,2,mp_program0,mp,--program0-hybrid --program0-load-ref 3.5 --program0-enter-mp-load 0.60 --program0-exit-fixed-load 0.40 --program0-mode-streak 4,human_light,/home/jakubhomoncik/sumo-traffic-control/logs/ablation/runs/run_0025_20260614_143342/populations/bologna_peak_high_seed2.yaml,ok,5484.056,/home/jakubhomoncik/sumo-traffic-control/logs/ablation/runs/run_0025_20260614_143342/runs/bologna__peak__high__seed2__mp_program0/vehicle_metrics.csv,5000,2171.5628,5958.5,3073.0462,7853.9,2853.480918,3.065633,-15945520.142345,-15949426.975945,5000,5000,0,0.0,3441.0,0.0,0.0,0.0,0.0,0.0,0.0,0.0,0.0,0.0,0.0,0.0,0.0,0.0,0.0,0.0,0.0,0.0,0.0,0.0,0.0,0.0,0.0,0.0,0.0
bologna__peak__high__seed2__mp_base,bologna,bologna,high,5000,0.0,3600.0,peak,2,mp_base,mp,,human_light,/home/jakubhomoncik/sumo-traffic-control/logs/ablation/runs/run_0025_20260614_143342/populations/bologna_peak_high_seed2.yaml,ok,10471.247,/home/jakubhomoncik/sumo-traffic-control/logs/ablation/runs/run_0025_20260614_143342/runs/bologna__peak__high__seed2__mp_base/vehicle_metrics.csv,5000,5016.5498,12260.1,5877.4064,13998.05,5617.257518,3.042819,-62583957.438625,-62590602.47824,5000,5000,0,0.0,9981.0,2172.0,0.0,0.0,0.0,0.0,0.0,0.0,0.0,0.0,0.0,0.0,0.0,0.0,0.0,0.0,0.0,0.0,0.0,0.0,0.0,0.0,0.0,0.0,0.0
bologna__peak__high__seed2__mp_super,bologna,bologna,high,5000,0.0,3600.0,peak,2,mp_super,mp,--super-router --super-load-ref 3.5 --super-low-load 0.38 --super-program0-exit-load 0.28 --super-high-load 0.62 --super-imbalance-threshold 0.50 --super-wait-imbalance-threshold 0.50 --super-burstiness-threshold 0.10 --super-platoon-threshold 0.50 --super-downstream-threshold 0.97 --super-mode-streak 4 --super-nmin-load 0.72 --super-lta-gain 0.60 --super-lta-sat-flow 0.50 --super-nmin-alpha 1.20 --super-nmin-floor 4 --super-nmin-min-green 4.0 --super-nmin-demand-gain 0.40 --super-nmin-empty-release-seconds 1.5 --fairness-mu 5.0 --fairness-w-half 20.0 --platoon-headway-threshold 2.1 --platoon-gap-out-seconds 2.1 --platoon-max-extra-green 2.0 --platoon-guard-occ 0.90 --spillback-on 0.90 --spillback-off 0.80 --spillback-min-halts 3 --spillback-alpha 0.30 --downstream-beta 0.4 --downstream-alpha 0.30,human_light,/home/jakubhomoncik/sumo-traffic-control/logs/ablation/runs/run_0025_20260614_143342/populations/bologna_peak_high_seed2.yaml,ok,11455.275,/home/jakubhomoncik/sumo-traffic-control/logs/ablation/runs/run_0025_20260614_143342/runs/bologna__peak__high__seed2__mp_super/vehicle_metrics.csv,5000,2094.0572,5665.35,2998.1964,7646.35,2781.838908,3.073948,-12290379.068007,-12294224.489295,5000,5000,0,0.0,4335.0,0.0,0.0,158.0,141.0,9686.0,22.0,1902.0,5327.758495,8030.0,1900.0,1900.0,2057164.0,23411.0,65519.0,31253.0,4648.0,133.0,17711.0,144237.950413,301429.827676,239828.443036,23422.638952,12368.0,142082.246957
bologna__peak__high__seed2__mp_lta_g060_sf050,bologna,bologna,high,5000,0.0,3600.0,peak,2,mp_lta_g060_sf050,mp,--lost-time-aware --lost-time-sat-flow 0.50 --lost-time-gain 0.60,human_light,/home/jakubhomoncik/sumo-traffic-control/logs/ablation/runs/run_0025_20260614_143342/populations/bologna_peak_high_seed2.yaml,ok,11827.839,/home/jakubhomoncik/sumo-traffic-control/logs/ablation/runs/run_0025_20260614_143342/runs/bologna__peak__high__seed2__mp_lta_g060_sf050/vehicle_metrics.csv,5000,5629.259,14428.6,6489.6526,16108.95,6222.0367,2.943942,-70998193.88665,-71005442.792003,5000,5000,0,0.0,5902.0,4421.0,0.0,0.0,0.0,0.0,0.0,0.0,0.0,0.0,0.0,0.0,0.0,0.0,0.0,0.0,0.0,0.0,0.0,0.0,0.0,0.0,0.0,0.0,0.0
bologna__peak__high__seed2__mp_nmin_a120_f4,bologna,bologna,high,5000,0.0,3600.0,peak,2,mp_nmin_a120_f4,mp,--nmin-dynamic --lost-time-sat-flow 0.50 --nmin-alpha 1.20 --nmin-floor 4 --nmin-min-green 4.0 --nmin-demand-gain 0.40 --nmin-empty-release-seconds 1.5,human_light,/home/jakubhomoncik/sumo-traffic-control/logs/ablation/runs/run_0025_20260614_143342/populations/bologna_peak_high_seed2.yaml,ok,11428.004,/home/jakubhomoncik/sumo-traffic-control/logs/ablation/runs/run_0025_20260614_143342/runs/bologna__peak__high__seed2__mp_nmin_a120_f4/vehicle_metrics.csv,5000,5674.6232,13296.15,6579.0516,15030.15,6311.40082,2.72839,-71255699.622592,-71263078.806193,5000,5000,0,0.0,12173.0,2245.0,35250.0,0.0,0.0,0.0,0.0,0.0,0.0,0.0,0.0,0.0,0.0,0.0,0.0,0.0,0.0,0.0,0.0,0.0,0.0,0.0,0.0,0.0,0.0
bologna__peak__high__seed2__mp_spillback_on90_off80,bologna,bologna,high,5000,0.0,3600.0,peak,2,mp_spillback_on90_off80,mp,--spillback --spillback-on 0.90 --spillback-off 0.80 --spillback-min-halts 3 --spillback-alpha 0.30,human_light,/home/jakubhomoncik/sumo-traffic-control/logs/ablation/runs/run_0025_20260614_143342/populations/bologna_peak_high_seed2.yaml,ok,13888.635,/home/jakubhomoncik/sumo-traffic-control/logs/ablation/runs/run_0025_20260614_143342/runs/bologna__peak__high__seed2__mp_spillback_on90_off80/vehicle_metrics.csv,5000,4459.388,12108.0,5274.0848,13892.3,5030.689908,3.068658,-43587899.673853,-43594005.54202,5000,5000,0,0.0,10004.0,2110.0,0.0,1741.0,1741.0,167402.0,0.0,0.0,0.0,0.0,0.0,0.0,0.0,0.0,0.0,0.0,0.0,0.0,0.0,0.0,0.0,0.0,0.0,0.0,0.0
bologna__peak__high__seed2__mp_fair_mu5_w20,bologna,bologna,high,5000,0.0,3600.0,peak,2,mp_fair_mu5_w20,mp,--fairness --fairness-mu 5.0 --fairness-w-half 20.0,human_light,/home/jakubhomoncik/sumo-traffic-control/logs/ablation/runs/run_0025_20260614_143342/populations/bologna_peak_high_seed2.yaml,ok,12012.197,/home/jakubhomoncik/sumo-traffic-control/logs/ablation/runs/run_0025_20260614_143342/runs/bologna__peak__high__seed2__mp_fair_mu5_w20/vehicle_metrics.csv,5000,5745.6318,14148.45,6658.5214,15924.75,6380.637436,2.821462,-82516342.284899,-82523800.804023,5000,5000,0,0.0,13894.0,2107.0,0.0,0.0,0.0,0.0,0.0,221960.0,868971.018486,0.0,0.0,0.0,0.0,0.0,0.0,0.0,0.0,0.0,0.0,0.0,0.0,0.0,0.0,0.0,0.0
bologna__peak__high__seed2__fixed_program0,bologna,bologna,high,5000,0.0,3600.0,peak,2,fixed_program0,fixed,--fixed-program-id 0,human_light,/home/jakubhomoncik/sumo-traffic-control/logs/ablation/runs/run_0025_20260614_143342/populations/bologna_peak_high_seed2.yaml,ok,4424.511,/home/jakubhomoncik/sumo-traffic-control/logs/ablation/runs/run_0025_20260614_143342/runs/bologna__peak__high__seed2__fixed_program0/vehicle_metrics.csv,5000,3253.5874,10268.75,4060.2194,11967.95,3827.070928,2.886444,-31561953.708566,-31566923.182573,5000,5000,0,0.0,0.0,0.0,0.0,0.0,0.0,0.0,0.0,0.0,0.0,0.0,0.0,0.0,0.0,0.0,0.0,0.0,0.0,0.0,0.0,0.0,0.0,0.0,0.0,0.0,0.0
bologna__peak__high__seed2__mp_platoon_x2,bologna,bologna,high,5000,0.0,3600.0,peak,2,mp_platoon_x2,mp,--platoon-extension --platoon-headway-threshold 2.1 --platoon-gap-out-seconds 2.1 --platoon-max-extra-green 2.0 --platoon-guard-occ 0.90,human_light,/home/jakubhomoncik/sumo-traffic-control/logs/ablation/runs/run_0025_20260614_143342/populations/bologna_peak_high_seed2.yaml,ok,16128.084,/home/jakubhomoncik/sumo-traffic-control/logs/ablation/runs/run_0025_20260614_143342/runs/bologna__peak__high__seed2__mp_platoon_x2/vehicle_metrics.csv,5000,5159.6292,13518.0,6020.7608,15203.15,5753.51547,3.039377,-70486670.158625,-70493478.78708,5000,5000,0,0.0,9817.0,2260.0,0.0,0.0,0.0,0.0,829.0,0.0,0.0,0.0,0.0,0.0,0.0,0.0,0.0,0.0,0.0,0.0,0.0,0.0,0.0,0.0,0.0,0.0,0.0
bologna__peak__high__seed2__fixed_tuned,bologna,bologna,high,5000,0.0,3600.0,peak,2,fixed_tuned,fixed,--fixed-program-id 0 --fixed-main-green-seconds 30,human_light,/home/jakubhomoncik/sumo-traffic-control/logs/ablation/runs/run_0025_20260614_143342/populations/bologna_peak_high_seed2.yaml,ok,4908.066,/home/jakubhomoncik/sumo-traffic-control/logs/ablation/runs/run_0025_20260614_143342/runs/bologna__peak__high__seed2__fixed_tuned/vehicle_metrics.csv,5000,3476.2498,10571.4,4269.451,12382.5,4038.392054,2.503963,-29104708.003298,-29109886.899586,5000,5000,0,0.0,0.0,0.0,0.0,0.0,0.0,0.0,0.0,0.0,0.0,0.0,0.0,0.0,0.0,0.0,0.0,0.0,0.0,0.0,0.0,0.0,0.0,0.0,0.0,0.0,0.0
bologna__peak__high__seed2__mp_super_no_safe,bologna,bologna,high,5000,0.0,3600.0,peak,2,mp_super_no_safe,mp,--super-router --super-load-ref 3.5 --super-low-load 0.38 --super-program0-exit-load 0.28 --super-high-load 0.62 --super-imbalance-threshold 0.50 --super-wait-imbalance-threshold 0.50 --super-burstiness-threshold 0.10 --super-platoon-threshold 0.50 --super-downstream-threshold 0.97 --super-mode-streak 4 --super-nmin-load 0.72 --super-lta-gain 0.60 --super-lta-sat-flow 0.50 --super-nmin-alpha 1.20 --super-nmin-floor 4 --super-nmin-min-green 4.0 --super-nmin-demand-gain 0.40 --super-nmin-empty-release-seconds 1.5 --fairness-mu 5.0 --fairness-w-half 20.0 --platoon-headway-threshold 2.1 --platoon-gap-out-seconds 2.1 --platoon-max-extra-green 2.0 --platoon-guard-occ 0.90 --spillback-on 0.90 --spillback-off 0.80 --spillback-min-halts 3 --spillback-alpha 0.30 --downstream-beta 0.4 --downstream-alpha 0.30 --super-disable-safe,human_light,/home/jakubhomoncik/sumo-traffic-control/logs/ablation/runs/run_0025_20260614_143342/populations/bologna_peak_high_seed2.yaml,ok,12276.917,/home/jakubhomoncik/sumo-traffic-control/logs/ablation/runs/run_0025_20260614_143342/runs/bologna__peak__high__seed2__mp_super_no_safe/vehicle_metrics.csv,5000,2299.7438,6543.6,3175.8068,8026.0,2951.93599,3.023747,-20874049.353088,-20878064.725182,5000,5000,0,0.0,4435.0,0.0,0.0,0.0,0.0,0.0,17.0,3883.0,11596.981351,6608.0,1816.0,1816.0,2110314.0,21341.0,85262.0,29361.0,7344.0,133.0,0.0,145853.241712,293839.14009,244563.858038,22598.144758,12481.0,144679.771554
bologna__balanced__high__seed3__mp_program0,bologna,bologna,high,5000,0.0,3600.0,balanced,3,mp_program0,mp,--program0-hybrid --program0-load-ref 3.5 --program0-enter-mp-load 0.60 --program0-exit-fixed-load 0.40 --program0-mode-streak 4,human_light,/home/jakubhomoncik/sumo-traffic-control/logs/ablation/runs/run_0025_20260614_143342/populations/bologna_balanced_high_seed3.yaml,ok,3114.372,/home/jakubhomoncik/sumo-traffic-control/logs/ablation/runs/run_0025_20260614_143342/runs/bologna__balanced__high__seed3__mp_program0/vehicle_metrics.csv,5000,878.316,3204.25,1310.1606,3855.2,1125.391116,5.297455,-13682907.18879,-13684795.876722,5000,5000,0,0.0,958.0,0.0,0.0,0.0,0.0,0.0,0.0,0.0,0.0,0.0,0.0,0.0,0.0,0.0,0.0,0.0,0.0,0.0,0.0,0.0,0.0,0.0,0.0,0.0,0.0
bologna__balanced__high__seed3__mp_base,bologna,bologna,high,5000,0.0,3600.0,balanced,3,mp_base,mp,,human_light,/home/jakubhomoncik/sumo-traffic-control/logs/ablation/runs/run_0025_20260614_143342/populations/bologna_balanced_high_seed3.yaml,ok,4706.146,/home/jakubhomoncik/sumo-traffic-control/logs/ablation/runs/run_0025_20260614_143342/runs/bologna__balanced__high__seed3__mp_base/vehicle_metrics.csv,5000,1730.551,5411.05,2164.0414,6315.4,1972.900672,5.29681,-21115402.458556,-21118125.904953,5000,5000,0,0.0,8664.0,1699.0,0.0,0.0,0.0,0.0,0.0,0.0,0.0,0.0,0.0,0.0,0.0,0.0,0.0,0.0,0.0,0.0,0.0,0.0,0.0,0.0,0.0,0.0,0.0
bologna__balanced__high__seed3__mp_super,bologna,bologna,high,5000,0.0,3600.0,balanced,3,mp_super,mp,--super-router --super-load-ref 3.5 --super-low-load 0.38 --super-program0-exit-load 0.28 --super-high-load 0.62 --super-imbalance-threshold 0.50 --super-wait-imbalance-threshold 0.50 --super-burstiness-threshold 0.10 --super-platoon-threshold 0.50 --super-downstream-threshold 0.97 --super-mode-streak 4 --super-nmin-load 0.72 --super-lta-gain 0.60 --super-lta-sat-flow 0.50 --super-nmin-alpha 1.20 --super-nmin-floor 4 --super-nmin-min-green 4.0 --super-nmin-demand-gain 0.40 --super-nmin-empty-release-seconds 1.5 --fairness-mu 5.0 --fairness-w-half 20.0 --platoon-headway-threshold 2.1 --platoon-gap-out-seconds 2.1 --platoon-max-extra-green 2.0 --platoon-guard-occ 0.90 --spillback-on 0.90 --spillback-off 0.80 --spillback-min-halts 3 --spillback-alpha 0.30 --downstream-beta 0.4 --downstream-alpha 0.30,human_light,/home/jakubhomoncik/sumo-traffic-control/logs/ablation/runs/run_0025_20260614_143342/populations/bologna_balanced_high_seed3.yaml,ok,6941.374,/home/jakubhomoncik/sumo-traffic-control/logs/ablation/runs/run_0025_20260614_143342/runs/bologna__balanced__high__seed3__mp_super/vehicle_metrics.csv,5000,863.593,3246.75,1292.2238,3943.25,1106.93527,5.405531,-14291306.318387,-14293183.52224,5000,5000,0,0.0,1699.0,0.0,0.0,33.0,29.0,3387.0,4.0,1053.0,2678.47254,3291.0,1049.0,1049.0,1499630.0,7464.0,21311.0,10305.0,3747.0,38.0,5863.0,64796.044061,218084.016099,194088.525194,19460.425796,10425.0,71894.354881
bologna__balanced__high__seed3__mp_lta_g060_sf050,bologna,bologna,high,5000,0.0,3600.0,balanced,3,mp_lta_g060_sf050,mp,--lost-time-aware --lost-time-sat-flow 0.50 --lost-time-gain 0.60,human_light,/home/jakubhomoncik/sumo-traffic-control/logs/ablation/runs/run_0025_20260614_143342/populations/bologna_balanced_high_seed3.yaml,ok,5213.452,/home/jakubhomoncik/sumo-traffic-control/logs/ablation/runs/run_0025_20260614_143342/runs/bologna__balanced__high__seed3__mp_lta_g060_sf050/vehicle_metrics.csv,5000,1856.911,6314.15,2313.2054,7428.05,2116.793846,5.054088,-27045233.331663,-27048112.738783,5000,5000,0,0.0,5079.0,3334.0,0.0,0.0,0.0,0.0,0.0,0.0,0.0,0.0,0.0,0.0,0.0,0.0,0.0,0.0,0.0,0.0,0.0,0.0,0.0,0.0,0.0,0.0,0.0
bologna__balanced__high__seed3__mp_nmin_a120_f4,bologna,bologna,high,5000,0.0,3600.0,balanced,3,mp_nmin_a120_f4,mp,--nmin-dynamic --lost-time-sat-flow 0.50 --nmin-alpha 1.20 --nmin-floor 4 --nmin-min-green 4.0 --nmin-demand-gain 0.40 --nmin-empty-release-seconds 1.5,human_light,/home/jakubhomoncik/sumo-traffic-control/logs/ablation/runs/run_0025_20260614_143342/populations/bologna_balanced_high_seed3.yaml,ok,5775.601,/home/jakubhomoncik/sumo-traffic-control/logs/ablation/runs/run_0025_20260614_143342/runs/bologna__balanced__high__seed3__mp_nmin_a120_f4/vehicle_metrics.csv,5000,2273.5672,7511.0,2742.1882,8502.0,2537.342846,5.180829,-36755334.912203,-36758623.248313,5000,5000,0,0.0,10159.0,1873.0,22496.0,0.0,0.0,0.0,0.0,0.0,0.0,0.0,0.0,0.0,0.0,0.0,0.0,0.0,0.0,0.0,0.0,0.0,0.0,0.0,0.0,0.0,0.0
bologna__balanced__high__seed3__mp_fair_mu5_w20,bologna,bologna,high,5000,0.0,3600.0,balanced,3,mp_fair_mu5_w20,mp,--fairness --fairness-mu 5.0 --fairness-w-half 20.0,human_light,/home/jakubhomoncik/sumo-traffic-control/logs/ablation/runs/run_0025_20260614_143342/populations/bologna_balanced_high_seed3.yaml,ok,4994.962,/home/jakubhomoncik/sumo-traffic-control/logs/ablation/runs/run_0025_20260614_143342/runs/bologna__balanced__high__seed3__mp_fair_mu5_w20/vehicle_metrics.csv,5000,1784.709,5745.15,2248.2346,6684.1,2058.456182,5.015598,-19628967.634793,-19631800.331805,5000,5000,0,0.0,10459.0,1644.0,0.0,0.0,0.0,0.0,0.0,95903.0,350239.220364,0.0,0.0,0.0,0.0,0.0,0.0,0.0,0.0,0.0,0.0,0.0,0.0,0.0,0.0,0.0,0.0
bologna__balanced__high__seed3__mp_spillback_on90_off80,bologna,bologna,high,5000,0.0,3600.0,balanced,3,mp_spillback_on90_off80,mp,--spillback --spillback-on 0.90 --spillback-off 0.80 --spillback-min-halts 3 --spillback-alpha 0.30,human_light,/home/jakubhomoncik/sumo-traffic-control/logs/ablation/runs/run_0025_20260614_143342/populations/bologna_balanced_high_seed3.yaml,ok,7687.997,/home/jakubhomoncik/sumo-traffic-control/logs/ablation/runs/run_0025_20260614_143342/runs/bologna__balanced__high__seed3__mp_spillback_on90_off80/vehicle_metrics.csv,5000,1894.7788,5937.2,2326.5724,6786.3,2133.497804,5.246302,-23392128.610597,-23395021.668595,5000,5000,0,0.0,8541.0,1706.0,0.0,496.0,496.0,49322.0,0.0,0.0,0.0,0.0,0.0,0.0,0.0,0.0,0.0,0.0,0.0,0.0,0.0,0.0,0.0,0.0,0.0,0.0,0.0
bologna__balanced__high__seed3__fixed_program0,bologna,bologna,high,5000,0.0,3600.0,balanced,3,fixed_program0,fixed,--fixed-program-id 0,human_light,/home/jakubhomoncik/sumo-traffic-control/logs/ablation/runs/run_0025_20260614_143342/populations/bologna_balanced_high_seed3.yaml,ok,1774.878,/home/jakubhomoncik/sumo-traffic-control/logs/ablation/runs/run_0025_20260614_143342/runs/bologna__balanced__high__seed3__fixed_program0/vehicle_metrics.csv,5000,1154.1076,4627.25,1610.891,5652.05,1428.026376,5.116414,-11544388.587832,-11546604.670109,5000,5000,0,0.0,0.0,0.0,0.0,0.0,0.0,0.0,0.0,0.0,0.0,0.0,0.0,0.0,0.0,0.0,0.0,0.0,0.0,0.0,0.0,0.0,0.0,0.0,0.0,0.0,0.0
bologna__balanced__high__seed3__mp_platoon_x2,bologna,bologna,high,5000,0.0,3600.0,balanced,3,mp_platoon_x2,mp,--platoon-extension --platoon-headway-threshold 2.1 --platoon-gap-out-seconds 2.1 --platoon-max-extra-green 2.0 --platoon-guard-occ 0.90,human_light,/home/jakubhomoncik/sumo-traffic-control/logs/ablation/runs/run_0025_20260614_143342/populations/bologna_balanced_high_seed3.yaml,ok,7612.401,/home/jakubhomoncik/sumo-traffic-control/logs/ablation/runs/run_0025_20260614_143342/runs/bologna__balanced__high__seed3__mp_platoon_x2/vehicle_metrics.csv,5000,1741.6058,5493.35,2201.7364,6629.15,2008.408918,5.0169,-23560677.546421,-23563444.69954,5000,5000,0,0.0,8873.0,1732.0,0.0,0.0,0.0,0.0,579.0,0.0,0.0,0.0,0.0,0.0,0.0,0.0,0.0,0.0,0.0,0.0,0.0,0.0,0.0,0.0,0.0,0.0,0.0
bologna__balanced__high__seed3__fixed_tuned,bologna,bologna,high,5000,0.0,3600.0,balanced,3,fixed_tuned,fixed,--fixed-program-id 0 --fixed-main-green-seconds 30,human_light,/home/jakubhomoncik/sumo-traffic-control/logs/ablation/runs/run_0025_20260614_143342/populations/bologna_balanced_high_seed3.yaml,ok,1956.252,/home/jakubhomoncik/sumo-traffic-control/logs/ablation/runs/run_0025_20260614_143342/runs/bologna__balanced__high__seed3__fixed_tuned/vehicle_metrics.csv,5000,1322.0462,4532.15,1790.6768,5666.15,1610.616098,4.262412,-8372494.867584,-8374897.071304,5000,5000,0,0.0,0.0,0.0,0.0,0.0,0.0,0.0,0.0,0.0,0.0,0.0,0.0,0.0,0.0,0.0,0.0,0.0,0.0,0.0,0.0,0.0,0.0,0.0,0.0,0.0,0.0
bologna__balanced__high__seed3__mp_super_no_safe,bologna,bologna,high,5000,0.0,3600.0,balanced,3,mp_super_no_safe,mp,--super-router --super-load-ref 3.5 --super-low-load 0.38 --super-program0-exit-load 0.28 --super-high-load 0.62 --super-imbalance-threshold 0.50 --super-wait-imbalance-threshold 0.50 --super-burstiness-threshold 0.10 --super-platoon-threshold 0.50 --super-downstream-threshold 0.97 --super-mode-streak 4 --super-nmin-load 0.72 --super-lta-gain 0.60 --super-lta-sat-flow 0.50 --super-nmin-alpha 1.20 --super-nmin-floor 4 --super-nmin-min-green 4.0 --super-nmin-demand-gain 0.40 --super-nmin-empty-release-seconds 1.5 --fairness-mu 5.0 --fairness-w-half 20.0 --platoon-headway-threshold 2.1 --platoon-gap-out-seconds 2.1 --platoon-max-extra-green 2.0 --platoon-guard-occ 0.90 --spillback-on 0.90 --spillback-off 0.80 --spillback-min-halts 3 --spillback-alpha 0.30 --downstream-beta 0.4 --downstream-alpha 0.30 --super-disable-safe,human_light,/home/jakubhomoncik/sumo-traffic-control/logs/ablation/runs/run_0025_20260614_143342/populations/bologna_balanced_high_seed3.yaml,ok,7487.28,/home/jakubhomoncik/sumo-traffic-control/logs/ablation/runs/run_0025_20260614_143342/runs/bologna__balanced__high__seed3__mp_super_no_safe/vehicle_metrics.csv,5000,824.1714,3298.05,1242.7368,3902.1,1057.240756,5.510979,-14524381.843975,-14526209.26618,5000,5000,0,0.0,1670.0,0.0,0.0,0.0,0.0,0.0,3.0,773.0,1843.252084,2925.0,1102.0,1102.0,1681230.0,6666.0,24814.0,6935.0,3345.0,64.0,0.0,57906.332628,209815.953446,188889.88928,18927.261349,10660.0,64211.971145
bologna__skewed__high__seed3__mp_program0,bologna,bologna,high,5000,0.0,3600.0,skewed,3,mp_program0,mp,--program0-hybrid --program0-load-ref 3.5 --program0-enter-mp-load 0.60 --program0-exit-fixed-load 0.40 --program0-mode-streak 4,human_light,/home/jakubhomoncik/sumo-traffic-control/logs/ablation/runs/run_0025_20260614_143342/populations/bologna_skewed_high_seed3.yaml,ok,4638.257,/home/jakubhomoncik/sumo-traffic-control/logs/ablation/runs/run_0025_20260614_143342/runs/bologna__skewed__high__seed3__mp_program0/vehicle_metrics.csv,5000,1601.5788,5700.2,2353.1896,7144.1,2134.616418,3.914098,-14311151.901978,-14314276.886762,5000,5000,0,0.0,2448.0,0.0,0.0,0.0,0.0,0.0,0.0,0.0,0.0,0.0,0.0,0.0,0.0,0.0,0.0,0.0,0.0,0.0,0.0,0.0,0.0,0.0,0.0,0.0,0.0
bologna__skewed__high__seed3__mp_base,bologna,bologna,high,5000,0.0,3600.0,skewed,3,mp_base,mp,,human_light,/home/jakubhomoncik/sumo-traffic-control/logs/ablation/runs/run_0025_20260614_143342/populations/bologna_skewed_high_seed3.yaml,ok,10859.216,/home/jakubhomoncik/sumo-traffic-control/logs/ablation/runs/run_0025_20260614_143342/runs/bologna__skewed__high__seed3__mp_base/vehicle_metrics.csv,5000,5190.4112,12918.05,5994.2622,14549.1,5724.445422,3.867219,-72763175.269334,-72769866.696055,5000,5000,0,0.0,10374.0,2346.0,0.0,0.0,0.0,0.0,0.0,0.0,0.0,0.0,0.0,0.0,0.0,0.0,0.0,0.0,0.0,0.0,0.0,0.0,0.0,0.0,0.0,0.0,0.0
bologna__skewed__high__seed3__mp_super,bologna,bologna,high,5000,0.0,3600.0,skewed,3,mp_super,mp,--super-router --super-load-ref 3.5 --super-low-load 0.38 --super-program0-exit-load 0.28 --super-high-load 0.62 --super-imbalance-threshold 0.50 --super-wait-imbalance-threshold 0.50 --super-burstiness-threshold 0.10 --super-platoon-threshold 0.50 --super-downstream-threshold 0.97 --super-mode-streak 4 --super-nmin-load 0.72 --super-lta-gain 0.60 --super-lta-sat-flow 0.50 --super-nmin-alpha 1.20 --super-nmin-floor 4 --super-nmin-min-green 4.0 --super-nmin-demand-gain 0.40 --super-nmin-empty-release-seconds 1.5 --fairness-mu 5.0 --fairness-w-half 20.0 --platoon-headway-threshold 2.1 --platoon-gap-out-seconds 2.1 --platoon-max-extra-green 2.0 --platoon-guard-occ 0.90 --spillback-on 0.90 --spillback-off 0.80 --spillback-min-halts 3 --spillback-alpha 0.30 --downstream-beta 0.4 --downstream-alpha 0.30,human_light,/home/jakubhomoncik/sumo-traffic-control/logs/ablation/runs/run_0025_20260614_143342/populations/bologna_skewed_high_seed3.yaml,ok,10527.32,/home/jakubhomoncik/sumo-traffic-control/logs/ablation/runs/run_0025_20260614_143342/runs/bologna__skewed__high__seed3__mp_super/vehicle_metrics.csv,5000,1835.291,5819.05,2593.5782,7504.25,2373.14919,3.757986,-16475468.780839,-16478828.191345,5000,5000,0,0.0,3462.0,0.0,0.0,142.0,131.0,8932.0,12.0,558.0,1229.127421,6962.0,1761.0,1761.0,1981614.0,20381.0,51018.0,27226.0,2687.0,115.0,14181.0,123685.131125,293661.193235,236547.132259,23153.074468,12484.0,131399.657014
bologna__skewed__high__seed3__mp_lta_g060_sf050,bologna,bologna,high,5000,0.0,3600.0,skewed,3,mp_lta_g060_sf050,mp,--lost-time-aware --lost-time-sat-flow 0.50 --lost-time-gain 0.60,human_light,/home/jakubhomoncik/sumo-traffic-control/logs/ablation/runs/run_0025_20260614_143342/populations/bologna_skewed_high_seed3.yaml,ok,12006.607,/home/jakubhomoncik/sumo-traffic-control/logs/ablation/runs/run_0025_20260614_143342/runs/bologna__skewed__high__seed3__mp_lta_g060_sf050/vehicle_metrics.csv,5000,5753.3022,14873.1,6583.9696,16625.05,6309.290928,3.66549,-78517594.503358,-78524851.992106,5000,5000,0,0.0,6098.0,4602.0,0.0,0.0,0.0,0.0,0.0,0.0,0.0,0.0,0.0,0.0,0.0,0.0,0.0,0.0,0.0,0.0,0.0,0.0,0.0,0.0,0.0,0.0,0.0
bologna__skewed__high__seed3__mp_nmin_a120_f4,bologna,bologna,high,5000,0.0,3600.0,skewed,3,mp_nmin_a120_f4,mp,--nmin-dynamic --lost-time-sat-flow 0.50 --nmin-alpha 1.20 --nmin-floor 4 --nmin-min-green 4.0 --nmin-demand-gain 0.40 --nmin-empty-release-seconds 1.5,human_light,/home/jakubhomoncik/sumo-traffic-control/logs/ablation/runs/run_0025_20260614_143342/populations/bologna_skewed_high_seed3.yaml,ok,12000.177,/home/jakubhomoncik/sumo-traffic-control/logs/ablation/runs/run_0025_20260614_143342/runs/bologna__skewed__high__seed3__mp_nmin_a120_f4/vehicle_metrics.csv,5000,5849.2324,14629.0,6705.0902,16392.25,6423.191364,3.616837,-86522539.89984,-86529952.627469,5000,5000,0,0.0,12179.0,2512.0,30147.0,0.0,0.0,0.0,0.0,0.0,0.0,0.0,0.0,0.0,0.0,0.0,0.0,0.0,0.0,0.0,0.0,0.0,0.0,0.0,0.0,0.0,0.0
bologna__skewed__high__seed3__mp_fair_mu5_w20,bologna,bologna,high,5000,0.0,3600.0,skewed,3,mp_fair_mu5_w20,mp,--fairness --fairness-mu 5.0 --fairness-w-half 20.0,human_light,/home/jakubhomoncik/sumo-traffic-control/logs/ablation/runs/run_0025_20260614_143342/populations/bologna_skewed_high_seed3.yaml,ok,10790.516,/home/jakubhomoncik/sumo-traffic-control/logs/ablation/runs/run_0025_20260614_143342/runs/bologna__skewed__high__seed3__mp_fair_mu5_w20/vehicle_metrics.csv,5000,4841.6474,12667.0,5692.9662,14376.7,5426.175974,3.641277,-69418417.417298,-69424853.833246,5000,5000,0,0.0,13899.0,2223.0,0.0,0.0,0.0,0.0,0.0,221330.0,859508.086636,0.0,0.0,0.0,0.0,0.0,0.0,0.0,0.0,0.0,0.0,0.0,0.0,0.0,0.0,0.0,0.0
bologna__skewed__high__seed3__mp_spillback_on90_off80,bologna,bologna,high,5000,0.0,3600.0,skewed,3,mp_spillback_on90_off80,mp,--spillback --spillback-on 0.90 --spillback-off 0.80 --spillback-min-halts 3 --spillback-alpha 0.30,human_light,/home/jakubhomoncik/sumo-traffic-control/logs/ablation/runs/run_0025_20260614_143342/populations/bologna_skewed_high_seed3.yaml,ok,16719.206,/home/jakubhomoncik/sumo-traffic-control/logs/ablation/runs/run_0025_20260614_143342/runs/bologna__skewed__high__seed3__mp_spillback_on90_off80/vehicle_metrics.csv,5000,5402.5418,14129.2,6233.7618,15931.45,5970.288202,3.807202,-65716140.389441,-65723168.228499,5000,5000,0,0.0,10720.0,2468.0,0.0,2147.0,2147.0,227663.0,0.0,0.0,0.0,0.0,0.0,0.0,0.0,0.0,0.0,0.0,0.0,0.0,0.0,0.0,0.0,0.0,0.0,0.0,0.0
bologna__skewed__high__seed3__fixed_program0,bologna,bologna,high,5000,0.0,3600.0,skewed,3,fixed_program0,fixed,--fixed-program-id 0,human_light,/home/jakubhomoncik/sumo-traffic-control/logs/ablation/runs/run_0025_20260614_143342/populations/bologna_skewed_high_seed3.yaml,ok,3592.645,/home/jakubhomoncik/sumo-traffic-control/logs/ablation/runs/run_0025_20260614_143342/runs/bologna__skewed__high__seed3__fixed_program0/vehicle_metrics.csv,5000,2555.3644,9843.8,3259.3868,11375.65,3022.697236,3.627972,-34958315.101095,-34962333.8441,5000,5000,0,0.0,0.0,0.0,0.0,0.0,0.0,0.0,0.0,0.0,0.0,0.0,0.0,0.0,0.0,0.0,0.0,0.0,0.0,0.0,0.0,0.0,0.0,0.0,0.0,0.0,0.0
bologna__skewed__high__seed3__fixed_tuned,bologna,bologna,high,5000,0.0,3600.0,skewed,3,fixed_tuned,fixed,--fixed-program-id 0 --fixed-main-green-seconds 30,human_light,/home/jakubhomoncik/sumo-traffic-control/logs/ablation/runs/run_0025_20260614_143342/populations/bologna_skewed_high_seed3.yaml,ok,3945.048,/home/jakubhomoncik/sumo-traffic-control/logs/ablation/runs/run_0025_20260614_143342/runs/bologna__skewed__high__seed3__fixed_tuned/vehicle_metrics.csv,5000,2905.4836,9831.1,3633.0682,11472.25,3392.881006,2.937128,-38836693.378578,-38841132.684738,5000,5000,0,0.0,0.0,0.0,0.0,0.0,0.0,0.0,0.0,0.0,0.0,0.0,0.0,0.0,0.0,0.0,0.0,0.0,0.0,0.0,0.0,0.0,0.0,0.0,0.0,0.0,0.0
bologna__skewed__high__seed3__mp_super_no_safe,bologna,bologna,high,5000,0.0,3600.0,skewed,3,mp_super_no_safe,mp,--super-router --super-load-ref 3.5 --super-low-load 0.38 --super-program0-exit-load 0.28 --super-high-load 0.62 --super-imbalance-threshold 0.50 --super-wait-imbalance-threshold 0.50 --super-burstiness-threshold 0.10 --super-platoon-threshold 0.50 --super-downstream-threshold 0.97 --super-mode-streak 4 --super-nmin-load 0.72 --super-lta-gain 0.60 --super-lta-sat-flow 0.50 --super-nmin-alpha 1.20 --super-nmin-floor 4 --super-nmin-min-green 4.0 --super-nmin-demand-gain 0.40 --super-nmin-empty-release-seconds 1.5 --fairness-mu 5.0 --fairness-w-half 20.0 --platoon-headway-threshold 2.1 --platoon-gap-out-seconds 2.1 --platoon-max-extra-green 2.0 --platoon-guard-occ 0.90 --spillback-on 0.90 --spillback-off 0.80 --spillback-min-halts 3 --spillback-alpha 0.30 --downstream-beta 0.4 --downstream-alpha 0.30 --super-disable-safe,human_light,/home/jakubhomoncik/sumo-traffic-control/logs/ablation/runs/run_0025_20260614_143342/populations/bologna_skewed_high_seed3.yaml,ok,10394.876,/home/jakubhomoncik/sumo-traffic-control/logs/ablation/runs/run_0025_20260614_143342/runs/bologna__skewed__high__seed3__mp_super_no_safe/vehicle_metrics.csv,5000,1774.1794,5598.85,2540.3646,7076.05,2320.283372,3.795141,-16064084.629215,-16067394.223938,5000,5000,0,0.0,3612.0,0.0,0.0,0.0,0.0,0.0,12.0,703.0,1531.958634,6312.0,1741.0,1741.0,1956470.0,21688.0,63179.0,27274.0,3524.0,119.0,0.0,122837.759146,290055.034663,232610.847091,23263.937614,12542.0,126645.717442
bologna__skewed__high__seed3__mp_platoon_x2,bologna,bologna,high,5000,0.0,3600.0,skewed,3,mp_platoon_x2,mp,--platoon-extension --platoon-headway-threshold 2.1 --platoon-gap-out-seconds 2.1 --platoon-max-extra-green 2.0 --platoon-guard-occ 0.90,human_light,/home/jakubhomoncik/sumo-traffic-control/logs/ablation/runs/run_0025_20260614_143342/populations/bologna_skewed_high_seed3.yaml,ok,15741.52,/home/jakubhomoncik/sumo-traffic-control/logs/ablation/runs/run_0025_20260614_143342/runs/bologna__skewed__high__seed3__mp_platoon_x2/vehicle_metrics.csv,5000,5320.5576,13242.05,6132.7836,14880.15,5863.46546,3.811057,-72258290.186234,-72265134.852627,5000,5000,0,0.0,10032.0,2363.0,0.0,0.0,0.0,0.0,818.0,0.0,0.0,0.0,0.0,0.0,0.0,0.0,0.0,0.0,0.0,0.0,0.0,0.0,0.0,0.0,0.0,0.0,0.0
bologna__peak__high__seed3__mp_program0,bologna,bologna,high,5000,0.0,3600.0,peak,3,mp_program0,mp,--program0-hybrid --program0-load-ref 3.5 --program0-enter-mp-load 0.60 --program0-exit-fixed-load 0.40 --program0-mode-streak 4,human_light,/home/jakubhomoncik/sumo-traffic-control/logs/ablation/runs/run_0025_20260614_143342/populations/bologna_peak_high_seed3.yaml,ok,5516.716,/home/jakubhomoncik/sumo-traffic-control/logs/ablation/runs/run_0025_20260614_143342/runs/bologna__peak__high__seed3__mp_program0/vehicle_metrics.csv,5000,2215.751,5911.05,3103.6364,7632.0,2882.833312,2.944237,-16759505.241735,-16763497.408137,5000,5000,0,0.0,3372.0,0.0,0.0,0.0,0.0,0.0,0.0,0.0,0.0,0.0,0.0,0.0,0.0,0.0,0.0,0.0,0.0,0.0,0.0,0.0,0.0,0.0,0.0,0.0,0.0
bologna__peak__high__seed3__mp_base,bologna,bologna,high,5000,0.0,3600.0,peak,3,mp_base,mp,,human_light,/home/jakubhomoncik/sumo-traffic-control/logs/ablation/runs/run_0025_20260614_143342/populations/bologna_peak_high_seed3.yaml,ok,12182.998,/home/jakubhomoncik/sumo-traffic-control/logs/ablation/runs/run_0025_20260614_143342/runs/bologna__peak__high__seed3__mp_base/vehicle_metrics.csv,5000,6151.5952,15212.05,7061.8758,17027.15,6778.66048,2.808583,-88066971.571616,-88074846.695011,5000,5000,0,0.0,10058.0,2329.0,0.0,0.0,0.0,0.0,0.0,0.0,0.0,0.0,0.0,0.0,0.0,0.0,0.0,0.0,0.0,0.0,0.0,0.0,0.0,0.0,0.0,0.0,0.0
bologna__peak__high__seed3__mp_lta_g060_sf050,bologna,bologna,high,5000,0.0,3600.0,peak,3,mp_lta_g060_sf050,mp,--lost-time-aware --lost-time-sat-flow 0.50 --lost-time-gain 0.60,human_light,/home/jakubhomoncik/sumo-traffic-control/logs/ablation/runs/run_0025_20260614_143342/populations/bologna_peak_high_seed3.yaml,ok,10414.402,/home/jakubhomoncik/sumo-traffic-control/logs/ablation/runs/run_0025_20260614_143342/runs/bologna__peak__high__seed3__mp_lta_g060_sf050/vehicle_metrics.csv,5000,5107.338,12677.05,5949.8722,14343.25,5680.623858,2.742671,-72285441.198948,-72292223.747315,5000,5000,0,0.0,5855.0,4173.0,0.0,0.0,0.0,0.0,0.0,0.0,0.0,0.0,0.0,0.0,0.0,0.0,0.0,0.0,0.0,0.0,0.0,0.0,0.0,0.0,0.0,0.0,0.0
bologna__peak__high__seed3__mp_super,bologna,bologna,high,5000,0.0,3600.0,peak,3,mp_super,mp,--super-router --super-load-ref 3.5 --super-low-load 0.38 --super-program0-exit-load 0.28 --super-high-load 0.62 --super-imbalance-threshold 0.50 --super-wait-imbalance-threshold 0.50 --super-burstiness-threshold 0.10 --super-platoon-threshold 0.50 --super-downstream-threshold 0.97 --super-mode-streak 4 --super-nmin-load 0.72 --super-lta-gain 0.60 --super-lta-sat-flow 0.50 --super-nmin-alpha 1.20 --super-nmin-floor 4 --super-nmin-min-green 4.0 --super-nmin-demand-gain 0.40 --super-nmin-empty-release-seconds 1.5 --fairness-mu 5.0 --fairness-w-half 20.0 --platoon-headway-threshold 2.1 --platoon-gap-out-seconds 2.1 --platoon-max-extra-green 2.0 --platoon-guard-occ 0.90 --spillback-on 0.90 --spillback-off 0.80 --spillback-min-halts 3 --spillback-alpha 0.30 --downstream-beta 0.4 --downstream-alpha 0.30,human_light,/home/jakubhomoncik/sumo-traffic-control/logs/ablation/runs/run_0025_20260614_143342/populations/bologna_peak_high_seed3.yaml,ok,15955.889,/home/jakubhomoncik/sumo-traffic-control/logs/ablation/runs/run_0025_20260614_143342/runs/bologna__peak__high__seed3__mp_super/vehicle_metrics.csv,5000,2381.1304,7317.2,3277.5388,9256.4,3051.313666,3.00778,-22962087.645713,-22966221.293417,5000,5000,0,0.0,4192.0,0.0,0.0,174.0,162.0,11732.0,20.0,1033.0,2334.771588,7768.0,1781.0,1781.0,3237016.0,22962.0,60857.0,33669.0,4642.0,112.0,18590.0,143220.533649,300955.26093,240486.21935,22902.463654,12205.0,146575.659294
bologna__peak__high__seed3__mp_nmin_a120_f4,bologna,bologna,high,5000,0.0,3600.0,peak,3,mp_nmin_a120_f4,mp,--nmin-dynamic --lost-time-sat-flow 0.50 --nmin-alpha 1.20 --nmin-floor 4 --nmin-min-green 4.0 --nmin-demand-gain 0.40 --nmin-empty-release-seconds 1.5,human_light,/home/jakubhomoncik/sumo-traffic-control/logs/ablation/runs/run_0025_20260614_143342/populations/bologna_peak_high_seed3.yaml,ok,11440.571,/home/jakubhomoncik/sumo-traffic-control/logs/ablation/runs/run_0025_20260614_143342/runs/bologna__peak__high__seed3__mp_nmin_a120_f4/vehicle_metrics.csv,5000,5722.2236,13354.1,6651.4652,15103.1,6376.172928,2.586707,-79336495.065167,-79343999.943568,5000,5000,0,0.0,11771.0,2288.0,34073.0,0.0,0.0,0.0,0.0,0.0,0.0,0.0,0.0,0.0,0.0,0.0,0.0,0.0,0.0,0.0,0.0,0.0,0.0,0.0,0.0,0.0,0.0
bologna__peak__high__seed3__mp_fair_mu5_w20,bologna,bologna,high,5000,0.0,3600.0,peak,3,mp_fair_mu5_w20,mp,--fairness --fairness-mu 5.0 --fairness-w-half 20.0,human_light,/home/jakubhomoncik/sumo-traffic-control/logs/ablation/runs/run_0025_20260614_143342/populations/bologna_peak_high_seed3.yaml,ok,10202.91,/home/jakubhomoncik/sumo-traffic-control/logs/ablation/runs/run_0025_20260614_143342/runs/bologna__peak__high__seed3__mp_fair_mu5_w20/vehicle_metrics.csv,5000,4638.0368,11091.4,5541.7466,12834.35,5293.256506,2.833999,-48693682.140743,-48700129.345449,5000,5000,0,0.0,13076.0,1914.0,0.0,0.0,0.0,0.0,0.0,203422.0,790315.781708,0.0,0.0,0.0,0.0,0.0,0.0,0.0,0.0,0.0,0.0,0.0,0.0,0.0,0.0,0.0,0.0
bologna__peak__high__seed3__mp_spillback_on90_off80,bologna,bologna,high,5000,0.0,3600.0,peak,3,mp_spillback_on90_off80,mp,--spillback --spillback-on 0.90 --spillback-off 0.80 --spillback-min-halts 3 --spillback-alpha 0.30,human_light,/home/jakubhomoncik/sumo-traffic-control/logs/ablation/runs/run_0025_20260614_143342/populations/bologna_peak_high_seed3.yaml,ok,18816.896,/home/jakubhomoncik/sumo-traffic-control/logs/ablation/runs/run_0025_20260614_143342/runs/bologna__peak__high__seed3__mp_spillback_on90_off80/vehicle_metrics.csv,5000,6335.0828,16188.1,7261.8624,18170.85,6971.29476,2.801831,-96494469.492939,-96502548.63109,5000,5000,0,0.0,10344.0,2476.0,0.0,2406.0,2406.0,259381.0,0.0,0.0,0.0,0.0,0.0,0.0,0.0,0.0,0.0,0.0,0.0,0.0,0.0,0.0,0.0,0.0,0.0,0.0,0.0
bologna__peak__high__seed3__mp_super_no_safe,bologna,bologna,high,5000,0.0,3600.0,peak,3,mp_super_no_safe,mp,--super-router --super-load-ref 3.5 --super-low-load 0.38 --super-program0-exit-load 0.28 --super-high-load 0.62 --super-imbalance-threshold 0.50 --super-wait-imbalance-threshold 0.50 --super-burstiness-threshold 0.10 --super-platoon-threshold 0.50 --super-downstream-threshold 0.97 --super-mode-streak 4 --super-nmin-load 0.72 --super-lta-gain 0.60 --super-lta-sat-flow 0.50 --super-nmin-alpha 1.20 --super-nmin-floor 4 --super-nmin-min-green 4.0 --super-nmin-demand-gain 0.40 --super-nmin-empty-release-seconds 1.5 --fairness-mu 5.0 --fairness-w-half 20.0 --platoon-headway-threshold 2.1 --platoon-gap-out-seconds 2.1 --platoon-max-extra-green 2.0 --platoon-guard-occ 0.90 --spillback-on 0.90 --spillback-off 0.80 --spillback-min-halts 3 --spillback-alpha 0.30 --downstream-beta 0.4 --downstream-alpha 0.30 --super-disable-safe,human_light,/home/jakubhomoncik/sumo-traffic-control/logs/ablation/runs/run_0025_20260614_143342/populations/bologna_peak_high_seed3.yaml,ok,11715.374,/home/jakubhomoncik/sumo-traffic-control/logs/ablation/runs/run_0025_20260614_143342/runs/bologna__peak__high__seed3__mp_super_no_safe/vehicle_metrics.csv,5000,2242.513,6262.2,3118.5658,7947.0,2897.536764,2.985908,-17090831.587935,-17094844.295713,5000,5000,0,0.0,4500.0,0.0,0.0,0.0,0.0,0.0,11.0,2198.0,6045.40973,6892.0,1791.0,1791.0,2081032.0,23083.0,81967.0,32142.0,5894.0,101.0,0.0,143814.69504,294679.872588,237757.986395,22976.281585,12207.0,143298.787457
bologna__peak__high__seed3__fixed_program0,bologna,bologna,high,5000,0.0,3600.0,peak,3,fixed_program0,fixed,--fixed-program-id 0,human_light,/home/jakubhomoncik/sumo-traffic-control/logs/ablation/runs/run_0025_20260614_143342/populations/bologna_peak_high_seed3.yaml,ok,4373.653,/home/jakubhomoncik/sumo-traffic-control/logs/ablation/runs/run_0025_20260614_143342/runs/bologna__peak__high__seed3__fixed_program0/vehicle_metrics.csv,5000,3267.5438,11197.05,4080.6464,12846.1,3833.34941,2.888224,-46975553.02719,-46980498.225917,5000,5000,0,0.0,0.0,0.0,0.0,0.0,0.0,0.0,0.0,0.0,0.0,0.0,0.0,0.0,0.0,0.0,0.0,0.0,0.0,0.0,0.0,0.0,0.0,0.0,0.0,0.0,0.0
bologna__peak__high__seed3__mp_platoon_x2,bologna,bologna,high,5000,0.0,3600.0,peak,3,mp_platoon_x2,mp,--platoon-extension --platoon-headway-threshold 2.1 --platoon-gap-out-seconds 2.1 --platoon-max-extra-green 2.0 --platoon-guard-occ 0.90,human_light,/home/jakubhomoncik/sumo-traffic-control/logs/ablation/runs/run_0025_20260614_143342/populations/bologna_peak_high_seed3.yaml,ok,17898.239,/home/jakubhomoncik/sumo-traffic-control/logs/ablation/runs/run_0025_20260614_143342/runs/bologna__peak__high__seed3__mp_platoon_x2/vehicle_metrics.csv,5000,5760.2566,14297.2,6647.4168,16073.0,6367.758778,2.916691,-84015475.673738,-84022951.124426,5000,5000,0,0.0,9858.0,2406.0,0.0,0.0,0.0,0.0,887.0,0.0,0.0,0.0,0.0,0.0,0.0,0.0,0.0,0.0,0.0,0.0,0.0,0.0,0.0,0.0,0.0,0.0,0.0
bologna__peak__high__seed3__fixed_tuned,bologna,bologna,high,5000,0.0,3600.0,peak,3,fixed_tuned,fixed,--fixed-program-id 0 --fixed-main-green-seconds 30,human_light,/home/jakubhomoncik/sumo-traffic-control/logs/ablation/runs/run_0025_20260614_143342/populations/bologna_peak_high_seed3.yaml,ok,5669.873,/home/jakubhomoncik/sumo-traffic-control/logs/ablation/runs/run_0025_20260614_143342/runs/bologna__peak__high__seed3__fixed_tuned/vehicle_metrics.csv,5000,3544.8138,10793.5,4354.545,12383.05,4111.697174,2.444244,-41929106.02708,-41934392.861655,5000,5000,0,0.0,0.0,0.0,0.0,0.0,0.0,0.0,0.0,0.0,0.0,0.0,0.0,0.0,0.0,0.0,0.0,0.0,0.0,0.0,0.0,0.0,0.0,0.0,0.0,0.0,0.0
