run_id,map,effective_map,demand,demand_vehicles,demand_start_time,demand_end_time,population_set,pop_seed,scenario,controller,flags,driver_profile,population_file,status,wall_seconds,log_file,vehicles_count,mean_wait_s,p95_wait_s,mean_travel_s,p95_travel_s,mean_time_loss_s,mean_speed_mps,mean_co2_g,mean_fuel_g,planned_trips,completed_trips,unfinished_trips,censoring_rate,mp_switch_margin_count,mp_switch_max_green_count,mp_nmin_hold_step_count,mp_spillback_block_event_count,mp_spillback_release_event_count,mp_spillback_block_step_count,mp_platoon_extend_step_count,mp_fairness_positive_bonus_count,mp_fairness_bonus_sum,mp_super_mode_switch_count,mp_super_program0_to_mp_count,mp_super_mp_to_program0_count,mp_super_program0_step_count,mp_super_base_step_count,mp_super_lta_step_count,mp_super_nmin_step_count,mp_super_fair_step_count,mp_super_platoon_step_count,mp_super_safe_step_count,mp_super_load_sum,mp_super_imbalance_sum,mp_super_wait_imbalance_sum,mp_super_burstiness_sum,mp_super_platoon_sum,mp_super_downstream_sum
manhattan8x8_100pc__balanced__low__seed1__mp_nmin_a080_f2,manhattan8x8_100pc,manhattan8x8_100pc,low,2400,0.0,3600.0,balanced,1,mp_nmin_a080_f2,mp,--nmin-dynamic --lost-time-sat-flow 0.50 --nmin-alpha 0.80 --nmin-floor 2 --nmin-min-green 4.0 --nmin-demand-gain 0.25 --nmin-empty-release-seconds 1.0,human_light,/home/jakubhomoncik/sumo-traffic-control/logs/ablation/runs/run_0028_20260612_131724/populations/manhattan8x8_100pc_balanced_low_seed1.yaml,ok,424.319,/home/jakubhomoncik/sumo-traffic-control/logs/ablation/runs/run_0028_20260612_131724/runs/manhattan8x8_100pc__balanced__low__seed1__mp_nmin_a080_f2/vehicle_metrics.csv,2400,24.025833,49.0,139.943333,232.0,55.693937,8.335501,435.325227,140.620714,2400,2400,0,0.0,6727.0,87.0,0.0,0.0,0.0,0.0,0.0,0.0,0.0,0.0,0.0,0.0,0.0,0.0,0.0,0.0,0.0,0.0,0.0,0.0,0.0,0.0,0.0,0.0,0.0
manhattan8x8_100pc__balanced__low__seed1__mp_base,manhattan8x8_100pc,manhattan8x8_100pc,low,2400,0.0,3600.0,balanced,1,mp_base,mp,,human_light,/home/jakubhomoncik/sumo-traffic-control/logs/ablation/runs/run_0028_20260612_131724/populations/manhattan8x8_100pc_balanced_low_seed1.yaml,ok,435.535,/home/jakubhomoncik/sumo-traffic-control/logs/ablation/runs/run_0028_20260612_131724/runs/manhattan8x8_100pc__balanced__low__seed1__mp_base/vehicle_metrics.csv,2400,27.044583,56.0,142.494167,238.0,58.248096,8.198424,438.641452,141.692425,2400,2400,0,0.0,6116.0,98.0,0.0,0.0,0.0,0.0,0.0,0.0,0.0,0.0,0.0,0.0,0.0,0.0,0.0,0.0,0.0,0.0,0.0,0.0,0.0,0.0,0.0,0.0,0.0
manhattan8x8_100pc__balanced__low__seed1__mp_lta_g060_sf050,manhattan8x8_100pc,manhattan8x8_100pc,low,2400,0.0,3600.0,balanced,1,mp_lta_g060_sf050,mp,--lost-time-aware --lost-time-sat-flow 0.50 --lost-time-gain 0.60,human_light,/home/jakubhomoncik/sumo-traffic-control/logs/ablation/runs/run_0028_20260612_131724/populations/manhattan8x8_100pc_balanced_low_seed1.yaml,ok,436.987,/home/jakubhomoncik/sumo-traffic-control/logs/ablation/runs/run_0028_20260612_131724/runs/manhattan8x8_100pc__balanced__low__seed1__mp_lta_g060_sf050/vehicle_metrics.csv,2400,31.206667,75.0,146.66875,248.0,62.412679,8.04257,445.779621,143.997724,2400,2400,0,0.0,5283.0,228.0,0.0,0.0,0.0,0.0,0.0,0.0,0.0,0.0,0.0,0.0,0.0,0.0,0.0,0.0,0.0,0.0,0.0,0.0,0.0,0.0,0.0,0.0,0.0
manhattan8x8_100pc__balanced__low__seed1__mp_fair_mu5_w20,manhattan8x8_100pc,manhattan8x8_100pc,low,2400,0.0,3600.0,balanced,1,mp_fair_mu5_w20,mp,--fairness --fairness-mu 5.0 --fairness-w-half 20.0,human_light,/home/jakubhomoncik/sumo-traffic-control/logs/ablation/runs/run_0028_20260612_131724/populations/manhattan8x8_100pc_balanced_low_seed1.yaml,ok,444.156,/home/jakubhomoncik/sumo-traffic-control/logs/ablation/runs/run_0028_20260612_131724/runs/manhattan8x8_100pc__balanced__low__seed1__mp_fair_mu5_w20/vehicle_metrics.csv,2400,26.915833,56.0,142.602917,235.0,58.356883,8.194306,441.083668,142.476501,2400,2400,0,0.0,6086.0,71.0,0.0,0.0,0.0,0.0,0.0,5583.0,3205.251763,0.0,0.0,0.0,0.0,0.0,0.0,0.0,0.0,0.0,0.0,0.0,0.0,0.0,0.0,0.0,0.0
manhattan8x8_100pc__balanced__low__seed1__mp_downstream_b04,manhattan8x8_100pc,manhattan8x8_100pc,low,2400,0.0,3600.0,balanced,1,mp_downstream_b04,mp,--downstream-penalty --downstream-beta 0.4 --downstream-alpha 0.30,human_light,/home/jakubhomoncik/sumo-traffic-control/logs/ablation/runs/run_0028_20260612_131724/populations/manhattan8x8_100pc_balanced_low_seed1.yaml,ok,514.838,/home/jakubhomoncik/sumo-traffic-control/logs/ablation/runs/run_0028_20260612_131724/runs/manhattan8x8_100pc__balanced__low__seed1__mp_downstream_b04/vehicle_metrics.csv,2400,32.078333,68.0,150.311667,255.05,66.077888,7.808226,466.867293,150.803935,2400,2400,0,0.0,10351.0,16.0,0.0,0.0,0.0,0.0,0.0,0.0,0.0,0.0,0.0,0.0,0.0,0.0,0.0,0.0,0.0,0.0,0.0,0.0,0.0,0.0,0.0,0.0,0.0
manhattan8x8_100pc__balanced__low__seed1__mp_spillback_on90_off80,manhattan8x8_100pc,manhattan8x8_100pc,low,2400,0.0,3600.0,balanced,1,mp_spillback_on90_off80,mp,--spillback --spillback-on 0.90 --spillback-off 0.80 --spillback-min-halts 3 --spillback-alpha 0.30,human_light,/home/jakubhomoncik/sumo-traffic-control/logs/ablation/runs/run_0028_20260612_131724/populations/manhattan8x8_100pc_balanced_low_seed1.yaml,ok,935.578,/home/jakubhomoncik/sumo-traffic-control/logs/ablation/runs/run_0028_20260612_131724/runs/manhattan8x8_100pc__balanced__low__seed1__mp_spillback_on90_off80/vehicle_metrics.csv,2400,27.044583,56.0,142.494167,238.0,58.248096,8.198424,438.641452,141.692425,2400,2400,0,0.0,6116.0,98.0,0.0,0.0,0.0,0.0,0.0,0.0,0.0,0.0,0.0,0.0,0.0,0.0,0.0,0.0,0.0,0.0,0.0,0.0,0.0,0.0,0.0,0.0,0.0
manhattan8x8_100pc__balanced__low__seed1__mp_switch_rel005,manhattan8x8_100pc,manhattan8x8_100pc,low,2400,0.0,3600.0,balanced,1,mp_switch_rel005,mp,--switch-epsilon-rel 0.05,human_light,/home/jakubhomoncik/sumo-traffic-control/logs/ablation/runs/run_0028_20260612_131724/populations/manhattan8x8_100pc_balanced_low_seed1.yaml,ok,432.719,/home/jakubhomoncik/sumo-traffic-control/logs/ablation/runs/run_0028_20260612_131724/runs/manhattan8x8_100pc__balanced__low__seed1__mp_switch_rel005/vehicle_metrics.csv,2400,27.044583,56.0,142.494167,238.0,58.248096,8.198424,438.641452,141.692425,2400,2400,0,0.0,6116.0,98.0,0.0,0.0,0.0,0.0,0.0,0.0,0.0,0.0,0.0,0.0,0.0,0.0,0.0,0.0,0.0,0.0,0.0,0.0,0.0,0.0,0.0,0.0,0.0
manhattan8x8_100pc__balanced__low__seed1__fixed_program0,manhattan8x8_100pc,manhattan8x8_100pc,low,2400,0.0,3600.0,balanced,1,fixed_program0,fixed,--fixed-program-id 0,human_light,/home/jakubhomoncik/sumo-traffic-control/logs/ablation/runs/run_0028_20260612_131724/populations/manhattan8x8_100pc_balanced_low_seed1.yaml,ok,117.897,/home/jakubhomoncik/sumo-traffic-control/logs/ablation/runs/run_0028_20260612_131724/runs/manhattan8x8_100pc__balanced__low__seed1__fixed_program0/vehicle_metrics.csv,2400,66.150417,140.0,178.274167,301.0,94.011783,6.796913,473.292519,152.925399,2400,2400,0,0.0,0.0,0.0,0.0,0.0,0.0,0.0,0.0,0.0,0.0,0.0,0.0,0.0,0.0,0.0,0.0,0.0,0.0,0.0,0.0,0.0,0.0,0.0,0.0,0.0,0.0
manhattan8x8_100pc__balanced__low__seed1__mp_platoon_x4,manhattan8x8_100pc,manhattan8x8_100pc,low,2400,0.0,3600.0,balanced,1,mp_platoon_x4,mp,--platoon-extension --platoon-headway-threshold 2.1 --platoon-gap-out-seconds 2.1 --platoon-max-extra-green 4.0 --platoon-guard-occ 0.90,human_light,/home/jakubhomoncik/sumo-traffic-control/logs/ablation/runs/run_0028_20260612_131724/populations/manhattan8x8_100pc_balanced_low_seed1.yaml,ok,767.678,/home/jakubhomoncik/sumo-traffic-control/logs/ablation/runs/run_0028_20260612_131724/runs/manhattan8x8_100pc__balanced__low__seed1__mp_platoon_x4/vehicle_metrics.csv,2400,27.137917,57.0,142.989583,236.0,58.75495,8.178759,440.174603,142.185985,2400,2400,0,0.0,6088.0,92.0,0.0,0.0,0.0,0.0,104.0,0.0,0.0,0.0,0.0,0.0,0.0,0.0,0.0,0.0,0.0,0.0,0.0,0.0,0.0,0.0,0.0,0.0,0.0
manhattan8x8_100pc__balanced__low__seed2__mp_base,manhattan8x8_100pc,manhattan8x8_100pc,low,2400,0.0,3600.0,balanced,2,mp_base,mp,,human_light,/home/jakubhomoncik/sumo-traffic-control/logs/ablation/runs/run_0028_20260612_131724/populations/manhattan8x8_100pc_balanced_low_seed2.yaml,ok,419.137,/home/jakubhomoncik/sumo-traffic-control/logs/ablation/runs/run_0028_20260612_131724/runs/manhattan8x8_100pc__balanced__low__seed2__mp_base/vehicle_metrics.csv,2400,26.7,56.0,140.413333,235.0,57.497946,8.16222,425.748617,137.527068,2400,2400,0,0.0,6130.0,75.0,0.0,0.0,0.0,0.0,0.0,0.0,0.0,0.0,0.0,0.0,0.0,0.0,0.0,0.0,0.0,0.0,0.0,0.0,0.0,0.0,0.0,0.0,0.0
manhattan8x8_100pc__balanced__low__seed2__mp_nmin_a080_f2,manhattan8x8_100pc,manhattan8x8_100pc,low,2400,0.0,3600.0,balanced,2,mp_nmin_a080_f2,mp,--nmin-dynamic --lost-time-sat-flow 0.50 --nmin-alpha 0.80 --nmin-floor 2 --nmin-min-green 4.0 --nmin-demand-gain 0.25 --nmin-empty-release-seconds 1.0,human_light,/home/jakubhomoncik/sumo-traffic-control/logs/ablation/runs/run_0028_20260612_131724/populations/manhattan8x8_100pc_balanced_low_seed2.yaml,ok,425.229,/home/jakubhomoncik/sumo-traffic-control/logs/ablation/runs/run_0028_20260612_131724/runs/manhattan8x8_100pc__balanced__low__seed2__mp_nmin_a080_f2/vehicle_metrics.csv,2400,23.267917,48.0,136.987917,231.0,54.089767,8.365291,421.655505,136.20158,2400,2400,0,0.0,6521.0,75.0,0.0,0.0,0.0,0.0,0.0,0.0,0.0,0.0,0.0,0.0,0.0,0.0,0.0,0.0,0.0,0.0,0.0,0.0,0.0,0.0,0.0,0.0,0.0
manhattan8x8_100pc__balanced__low__seed2__mp_lta_g060_sf050,manhattan8x8_100pc,manhattan8x8_100pc,low,2400,0.0,3600.0,balanced,2,mp_lta_g060_sf050,mp,--lost-time-aware --lost-time-sat-flow 0.50 --lost-time-gain 0.60,human_light,/home/jakubhomoncik/sumo-traffic-control/logs/ablation/runs/run_0028_20260612_131724/populations/manhattan8x8_100pc_balanced_low_seed2.yaml,ok,443.628,/home/jakubhomoncik/sumo-traffic-control/logs/ablation/runs/run_0028_20260612_131724/runs/manhattan8x8_100pc__balanced__low__seed2__mp_lta_g060_sf050/vehicle_metrics.csv,2400,30.65375,74.0,143.915833,250.05,60.994575,8.05925,427.184468,137.999182,2400,2400,0,0.0,5345.0,266.0,0.0,0.0,0.0,0.0,0.0,0.0,0.0,0.0,0.0,0.0,0.0,0.0,0.0,0.0,0.0,0.0,0.0,0.0,0.0,0.0,0.0,0.0,0.0
manhattan8x8_100pc__balanced__low__seed2__mp_fair_mu5_w20,manhattan8x8_100pc,manhattan8x8_100pc,low,2400,0.0,3600.0,balanced,2,mp_fair_mu5_w20,mp,--fairness --fairness-mu 5.0 --fairness-w-half 20.0,human_light,/home/jakubhomoncik/sumo-traffic-control/logs/ablation/runs/run_0028_20260612_131724/populations/manhattan8x8_100pc_balanced_low_seed2.yaml,ok,444.429,/home/jakubhomoncik/sumo-traffic-control/logs/ablation/runs/run_0028_20260612_131724/runs/manhattan8x8_100pc__balanced__low__seed2__mp_fair_mu5_w20/vehicle_metrics.csv,2400,26.2025,55.0,139.595,237.0,56.688204,8.213547,424.886232,137.246061,2400,2400,0,0.0,6057.0,79.0,0.0,0.0,0.0,0.0,0.0,5570.0,3111.958572,0.0,0.0,0.0,0.0,0.0,0.0,0.0,0.0,0.0,0.0,0.0,0.0,0.0,0.0,0.0,0.0
manhattan8x8_100pc__balanced__low__seed2__mp_downstream_b04,manhattan8x8_100pc,manhattan8x8_100pc,low,2400,0.0,3600.0,balanced,2,mp_downstream_b04,mp,--downstream-penalty --downstream-beta 0.4 --downstream-alpha 0.30,human_light,/home/jakubhomoncik/sumo-traffic-control/logs/ablation/runs/run_0028_20260612_131724/populations/manhattan8x8_100pc_balanced_low_seed2.yaml,ok,513.598,/home/jakubhomoncik/sumo-traffic-control/logs/ablation/runs/run_0028_20260612_131724/runs/manhattan8x8_100pc__balanced__low__seed2__mp_downstream_b04/vehicle_metrics.csv,2400,31.461667,67.0,147.892083,255.0,64.984954,7.794394,450.580878,145.546657,2400,2400,0,0.0,10398.0,8.0,0.0,0.0,0.0,0.0,0.0,0.0,0.0,0.0,0.0,0.0,0.0,0.0,0.0,0.0,0.0,0.0,0.0,0.0,0.0,0.0,0.0,0.0,0.0
manhattan8x8_100pc__balanced__low__seed2__mp_spillback_on90_off80,manhattan8x8_100pc,manhattan8x8_100pc,low,2400,0.0,3600.0,balanced,2,mp_spillback_on90_off80,mp,--spillback --spillback-on 0.90 --spillback-off 0.80 --spillback-min-halts 3 --spillback-alpha 0.30,human_light,/home/jakubhomoncik/sumo-traffic-control/logs/ablation/runs/run_0028_20260612_131724/populations/manhattan8x8_100pc_balanced_low_seed2.yaml,ok,908.891,/home/jakubhomoncik/sumo-traffic-control/logs/ablation/runs/run_0028_20260612_131724/runs/manhattan8x8_100pc__balanced__low__seed2__mp_spillback_on90_off80/vehicle_metrics.csv,2400,26.7,56.0,140.413333,235.0,57.497946,8.16222,425.748617,137.527068,2400,2400,0,0.0,6130.0,75.0,0.0,0.0,0.0,0.0,0.0,0.0,0.0,0.0,0.0,0.0,0.0,0.0,0.0,0.0,0.0,0.0,0.0,0.0,0.0,0.0,0.0,0.0,0.0
manhattan8x8_100pc__balanced__low__seed2__mp_switch_rel005,manhattan8x8_100pc,manhattan8x8_100pc,low,2400,0.0,3600.0,balanced,2,mp_switch_rel005,mp,--switch-epsilon-rel 0.05,human_light,/home/jakubhomoncik/sumo-traffic-control/logs/ablation/runs/run_0028_20260612_131724/populations/manhattan8x8_100pc_balanced_low_seed2.yaml,ok,419.677,/home/jakubhomoncik/sumo-traffic-control/logs/ablation/runs/run_0028_20260612_131724/runs/manhattan8x8_100pc__balanced__low__seed2__mp_switch_rel005/vehicle_metrics.csv,2400,26.7,56.0,140.413333,235.0,57.497946,8.16222,425.748617,137.527068,2400,2400,0,0.0,6130.0,75.0,0.0,0.0,0.0,0.0,0.0,0.0,0.0,0.0,0.0,0.0,0.0,0.0,0.0,0.0,0.0,0.0,0.0,0.0,0.0,0.0,0.0,0.0,0.0
manhattan8x8_100pc__balanced__low__seed2__fixed_program0,manhattan8x8_100pc,manhattan8x8_100pc,low,2400,0.0,3600.0,balanced,2,fixed_program0,fixed,--fixed-program-id 0,human_light,/home/jakubhomoncik/sumo-traffic-control/logs/ablation/runs/run_0028_20260612_131724/populations/manhattan8x8_100pc_balanced_low_seed2.yaml,ok,113.148,/home/jakubhomoncik/sumo-traffic-control/logs/ablation/runs/run_0028_20260612_131724/runs/manhattan8x8_100pc__balanced__low__seed2__fixed_program0/vehicle_metrics.csv,2400,66.42375,139.0,177.2375,299.05,94.301288,6.690941,464.699551,150.144612,2400,2400,0,0.0,0.0,0.0,0.0,0.0,0.0,0.0,0.0,0.0,0.0,0.0,0.0,0.0,0.0,0.0,0.0,0.0,0.0,0.0,0.0,0.0,0.0,0.0,0.0,0.0,0.0
manhattan8x8_100pc__balanced__low__seed2__mp_platoon_x4,manhattan8x8_100pc,manhattan8x8_100pc,low,2400,0.0,3600.0,balanced,2,mp_platoon_x4,mp,--platoon-extension --platoon-headway-threshold 2.1 --platoon-gap-out-seconds 2.1 --platoon-max-extra-green 4.0 --platoon-guard-occ 0.90,human_light,/home/jakubhomoncik/sumo-traffic-control/logs/ablation/runs/run_0028_20260612_131724/populations/manhattan8x8_100pc_balanced_low_seed2.yaml,ok,751.599,/home/jakubhomoncik/sumo-traffic-control/logs/ablation/runs/run_0028_20260612_131724/runs/manhattan8x8_100pc__balanced__low__seed2__mp_platoon_x4/vehicle_metrics.csv,2400,27.074167,56.0,141.072917,239.0,58.1598,8.136851,424.664631,137.183396,2400,2400,0,0.0,6165.0,83.0,0.0,0.0,0.0,0.0,107.0,0.0,0.0,0.0,0.0,0.0,0.0,0.0,0.0,0.0,0.0,0.0,0.0,0.0,0.0,0.0,0.0,0.0,0.0
manhattan8x8_100pc__balanced__low__seed3__mp_nmin_a080_f2,manhattan8x8_100pc,manhattan8x8_100pc,low,2400,0.0,3600.0,balanced,3,mp_nmin_a080_f2,mp,--nmin-dynamic --lost-time-sat-flow 0.50 --nmin-alpha 0.80 --nmin-floor 2 --nmin-min-green 4.0 --nmin-demand-gain 0.25 --nmin-empty-release-seconds 1.0,human_light,/home/jakubhomoncik/sumo-traffic-control/logs/ablation/runs/run_0028_20260612_131724/populations/manhattan8x8_100pc_balanced_low_seed3.yaml,ok,422.845,/home/jakubhomoncik/sumo-traffic-control/logs/ablation/runs/run_0028_20260612_131724/runs/manhattan8x8_100pc__balanced__low__seed3__mp_nmin_a080_f2/vehicle_metrics.csv,2400,23.93375,48.0,137.639583,233.05,55.152133,8.255521,398.71419,128.846436,2400,2400,0,0.0,6639.0,93.0,0.0,0.0,0.0,0.0,0.0,0.0,0.0,0.0,0.0,0.0,0.0,0.0,0.0,0.0,0.0,0.0,0.0,0.0,0.0,0.0,0.0,0.0,0.0
manhattan8x8_100pc__balanced__low__seed3__mp_base,manhattan8x8_100pc,manhattan8x8_100pc,low,2400,0.0,3600.0,balanced,3,mp_base,mp,,human_light,/home/jakubhomoncik/sumo-traffic-control/logs/ablation/runs/run_0028_20260612_131724/populations/manhattan8x8_100pc_balanced_low_seed3.yaml,ok,430.541,/home/jakubhomoncik/sumo-traffic-control/logs/ablation/runs/run_0028_20260612_131724/runs/manhattan8x8_100pc__balanced__low__seed3__mp_base/vehicle_metrics.csv,2400,26.293333,56.0,139.055,235.0,56.563342,8.227215,398.742078,128.855337,2400,2400,0,0.0,6025.0,94.0,0.0,0.0,0.0,0.0,0.0,0.0,0.0,0.0,0.0,0.0,0.0,0.0,0.0,0.0,0.0,0.0,0.0,0.0,0.0,0.0,0.0,0.0,0.0
manhattan8x8_100pc__balanced__low__seed3__mp_lta_g060_sf050,manhattan8x8_100pc,manhattan8x8_100pc,low,2400,0.0,3600.0,balanced,3,mp_lta_g060_sf050,mp,--lost-time-aware --lost-time-sat-flow 0.50 --lost-time-gain 0.60,human_light,/home/jakubhomoncik/sumo-traffic-control/logs/ablation/runs/run_0028_20260612_131724/populations/manhattan8x8_100pc_balanced_low_seed3.yaml,ok,465.624,/home/jakubhomoncik/sumo-traffic-control/logs/ablation/runs/run_0028_20260612_131724/runs/manhattan8x8_100pc__balanced__low__seed3__mp_lta_g060_sf050/vehicle_metrics.csv,2400,30.55,75.0,143.21375,242.05,60.7066,8.058552,404.484342,130.714287,2400,2400,0,0.0,5281.0,287.0,0.0,0.0,0.0,0.0,0.0,0.0,0.0,0.0,0.0,0.0,0.0,0.0,0.0,0.0,0.0,0.0,0.0,0.0,0.0,0.0,0.0,0.0,0.0
manhattan8x8_100pc__balanced__low__seed3__mp_fair_mu5_w20,manhattan8x8_100pc,manhattan8x8_100pc,low,2400,0.0,3600.0,balanced,3,mp_fair_mu5_w20,mp,--fairness --fairness-mu 5.0 --fairness-w-half 20.0,human_light,/home/jakubhomoncik/sumo-traffic-control/logs/ablation/runs/run_0028_20260612_131724/populations/manhattan8x8_100pc_balanced_low_seed3.yaml,ok,433.542,/home/jakubhomoncik/sumo-traffic-control/logs/ablation/runs/run_0028_20260612_131724/runs/manhattan8x8_100pc__balanced__low__seed3__mp_fair_mu5_w20/vehicle_metrics.csv,2400,26.747917,57.0,139.81125,236.0,57.317225,8.153341,400.433022,129.402106,2400,2400,0,0.0,6040.0,90.0,0.0,0.0,0.0,0.0,0.0,5582.0,3242.542869,0.0,0.0,0.0,0.0,0.0,0.0,0.0,0.0,0.0,0.0,0.0,0.0,0.0,0.0,0.0,0.0
manhattan8x8_100pc__balanced__low__seed3__mp_downstream_b04,manhattan8x8_100pc,manhattan8x8_100pc,low,2400,0.0,3600.0,balanced,3,mp_downstream_b04,mp,--downstream-penalty --downstream-beta 0.4 --downstream-alpha 0.30,human_light,/home/jakubhomoncik/sumo-traffic-control/logs/ablation/runs/run_0028_20260612_131724/populations/manhattan8x8_100pc_balanced_low_seed3.yaml,ok,514.854,/home/jakubhomoncik/sumo-traffic-control/logs/ablation/runs/run_0028_20260612_131724/runs/manhattan8x8_100pc__balanced__low__seed3__mp_downstream_b04/vehicle_metrics.csv,2400,31.319583,66.0,146.865,250.0,64.381883,7.783672,421.857602,136.325434,2400,2400,0,0.0,10185.0,16.0,0.0,0.0,0.0,0.0,0.0,0.0,0.0,0.0,0.0,0.0,0.0,0.0,0.0,0.0,0.0,0.0,0.0,0.0,0.0,0.0,0.0,0.0,0.0
manhattan8x8_100pc__balanced__low__seed3__mp_spillback_on90_off80,manhattan8x8_100pc,manhattan8x8_100pc,low,2400,0.0,3600.0,balanced,3,mp_spillback_on90_off80,mp,--spillback --spillback-on 0.90 --spillback-off 0.80 --spillback-min-halts 3 --spillback-alpha 0.30,human_light,/home/jakubhomoncik/sumo-traffic-control/logs/ablation/runs/run_0028_20260612_131724/populations/manhattan8x8_100pc_balanced_low_seed3.yaml,ok,925.588,/home/jakubhomoncik/sumo-traffic-control/logs/ablation/runs/run_0028_20260612_131724/runs/manhattan8x8_100pc__balanced__low__seed3__mp_spillback_on90_off80/vehicle_metrics.csv,2400,26.293333,56.0,139.055,235.0,56.563342,8.227215,398.742078,128.855337,2400,2400,0,0.0,6025.0,94.0,0.0,0.0,0.0,0.0,0.0,0.0,0.0,0.0,0.0,0.0,0.0,0.0,0.0,0.0,0.0,0.0,0.0,0.0,0.0,0.0,0.0,0.0,0.0
manhattan8x8_100pc__balanced__low__seed3__mp_switch_rel005,manhattan8x8_100pc,manhattan8x8_100pc,low,2400,0.0,3600.0,balanced,3,mp_switch_rel005,mp,--switch-epsilon-rel 0.05,human_light,/home/jakubhomoncik/sumo-traffic-control/logs/ablation/runs/run_0028_20260612_131724/populations/manhattan8x8_100pc_balanced_low_seed3.yaml,ok,419.847,/home/jakubhomoncik/sumo-traffic-control/logs/ablation/runs/run_0028_20260612_131724/runs/manhattan8x8_100pc__balanced__low__seed3__mp_switch_rel005/vehicle_metrics.csv,2400,26.293333,56.0,139.055,235.0,56.563342,8.227215,398.742078,128.855337,2400,2400,0,0.0,6025.0,94.0,0.0,0.0,0.0,0.0,0.0,0.0,0.0,0.0,0.0,0.0,0.0,0.0,0.0,0.0,0.0,0.0,0.0,0.0,0.0,0.0,0.0,0.0,0.0
manhattan8x8_100pc__balanced__low__seed3__fixed_program0,manhattan8x8_100pc,manhattan8x8_100pc,low,2400,0.0,3600.0,balanced,3,fixed_program0,fixed,--fixed-program-id 0,human_light,/home/jakubhomoncik/sumo-traffic-control/logs/ablation/runs/run_0028_20260612_131724/populations/manhattan8x8_100pc_balanced_low_seed3.yaml,ok,117.278,/home/jakubhomoncik/sumo-traffic-control/logs/ablation/runs/run_0028_20260612_131724/runs/manhattan8x8_100pc__balanced__low__seed3__fixed_program0/vehicle_metrics.csv,2400,67.081667,137.05,177.17875,298.0,94.675042,6.661795,442.225657,142.938557,2400,2400,0,0.0,0.0,0.0,0.0,0.0,0.0,0.0,0.0,0.0,0.0,0.0,0.0,0.0,0.0,0.0,0.0,0.0,0.0,0.0,0.0,0.0,0.0,0.0,0.0,0.0,0.0
manhattan8x8_100pc__balanced__low__seed3__mp_platoon_x4,manhattan8x8_100pc,manhattan8x8_100pc,low,2400,0.0,3600.0,balanced,3,mp_platoon_x4,mp,--platoon-extension --platoon-headway-threshold 2.1 --platoon-gap-out-seconds 2.1 --platoon-max-extra-green 4.0 --platoon-guard-occ 0.90,human_light,/home/jakubhomoncik/sumo-traffic-control/logs/ablation/runs/run_0028_20260612_131724/populations/manhattan8x8_100pc_balanced_low_seed3.yaml,ok,739.691,/home/jakubhomoncik/sumo-traffic-control/logs/ablation/runs/run_0028_20260612_131724/runs/manhattan8x8_100pc__balanced__low__seed3__mp_platoon_x4/vehicle_metrics.csv,2400,26.62,57.0,139.695417,235.05,57.217537,8.185033,399.863089,129.219196,2400,2400,0,0.0,6049.0,84.0,0.0,0.0,0.0,0.0,118.0,0.0,0.0,0.0,0.0,0.0,0.0,0.0,0.0,0.0,0.0,0.0,0.0,0.0,0.0,0.0,0.0,0.0,0.0
manhattan8x8_100pc__balanced__low__seed4__mp_nmin_a080_f2,manhattan8x8_100pc,manhattan8x8_100pc,low,2400,0.0,3600.0,balanced,4,mp_nmin_a080_f2,mp,--nmin-dynamic --lost-time-sat-flow 0.50 --nmin-alpha 0.80 --nmin-floor 2 --nmin-min-green 4.0 --nmin-demand-gain 0.25 --nmin-empty-release-seconds 1.0,human_light,/home/jakubhomoncik/sumo-traffic-control/logs/ablation/runs/run_0028_20260612_131724/populations/manhattan8x8_100pc_balanced_low_seed4.yaml,ok,421.278,/home/jakubhomoncik/sumo-traffic-control/logs/ablation/runs/run_0028_20260612_131724/runs/manhattan8x8_100pc__balanced__low__seed4__mp_nmin_a080_f2/vehicle_metrics.csv,2400,23.2675,47.0,136.25625,225.0,53.960021,8.356137,412.166324,133.147304,2400,2400,0,0.0,6514.0,104.0,0.0,0.0,0.0,0.0,0.0,0.0,0.0,0.0,0.0,0.0,0.0,0.0,0.0,0.0,0.0,0.0,0.0,0.0,0.0,0.0,0.0,0.0,0.0
manhattan8x8_100pc__balanced__low__seed4__mp_base,manhattan8x8_100pc,manhattan8x8_100pc,low,2400,0.0,3600.0,balanced,4,mp_base,mp,,human_light,/home/jakubhomoncik/sumo-traffic-control/logs/ablation/runs/run_0028_20260612_131724/populations/manhattan8x8_100pc_balanced_low_seed4.yaml,ok,429.566,/home/jakubhomoncik/sumo-traffic-control/logs/ablation/runs/run_0028_20260612_131724/runs/manhattan8x8_100pc__balanced__low__seed4__mp_base/vehicle_metrics.csv,2400,26.792917,56.0,139.689167,233.0,57.391388,8.175939,412.542298,133.279246,2400,2400,0,0.0,6034.0,105.0,0.0,0.0,0.0,0.0,0.0,0.0,0.0,0.0,0.0,0.0,0.0,0.0,0.0,0.0,0.0,0.0,0.0,0.0,0.0,0.0,0.0,0.0,0.0
manhattan8x8_100pc__balanced__low__seed4__mp_lta_g060_sf050,manhattan8x8_100pc,manhattan8x8_100pc,low,2400,0.0,3600.0,balanced,4,mp_lta_g060_sf050,mp,--lost-time-aware --lost-time-sat-flow 0.50 --lost-time-gain 0.60,human_light,/home/jakubhomoncik/sumo-traffic-control/logs/ablation/runs/run_0028_20260612_131724/populations/manhattan8x8_100pc_balanced_low_seed4.yaml,ok,443.866,/home/jakubhomoncik/sumo-traffic-control/logs/ablation/runs/run_0028_20260612_131724/runs/manhattan8x8_100pc__balanced__low__seed4__mp_lta_g060_sf050/vehicle_metrics.csv,2400,29.919583,69.0,141.854583,238.05,59.547975,8.106694,413.86311,133.704295,2400,2400,0,0.0,5214.0,274.0,0.0,0.0,0.0,0.0,0.0,0.0,0.0,0.0,0.0,0.0,0.0,0.0,0.0,0.0,0.0,0.0,0.0,0.0,0.0,0.0,0.0,0.0,0.0
manhattan8x8_100pc__balanced__low__seed4__mp_fair_mu5_w20,manhattan8x8_100pc,manhattan8x8_100pc,low,2400,0.0,3600.0,balanced,4,mp_fair_mu5_w20,mp,--fairness --fairness-mu 5.0 --fairness-w-half 20.0,human_light,/home/jakubhomoncik/sumo-traffic-control/logs/ablation/runs/run_0028_20260612_131724/populations/manhattan8x8_100pc_balanced_low_seed4.yaml,ok,441.327,/home/jakubhomoncik/sumo-traffic-control/logs/ablation/runs/run_0028_20260612_131724/runs/manhattan8x8_100pc__balanced__low__seed4__mp_fair_mu5_w20/vehicle_metrics.csv,2400,26.797917,58.0,139.411667,234.05,57.126217,8.19101,414.372746,133.863185,2400,2400,0,0.0,6104.0,98.0,0.0,0.0,0.0,0.0,0.0,5630.0,3280.66818,0.0,0.0,0.0,0.0,0.0,0.0,0.0,0.0,0.0,0.0,0.0,0.0,0.0,0.0,0.0,0.0
manhattan8x8_100pc__balanced__low__seed4__mp_downstream_b04,manhattan8x8_100pc,manhattan8x8_100pc,low,2400,0.0,3600.0,balanced,4,mp_downstream_b04,mp,--downstream-penalty --downstream-beta 0.4 --downstream-alpha 0.30,human_light,/home/jakubhomoncik/sumo-traffic-control/logs/ablation/runs/run_0028_20260612_131724/populations/manhattan8x8_100pc_balanced_low_seed4.yaml,ok,513.09,/home/jakubhomoncik/sumo-traffic-control/logs/ablation/runs/run_0028_20260612_131724/runs/manhattan8x8_100pc__balanced__low__seed4__mp_downstream_b04/vehicle_metrics.csv,2400,31.642083,65.0,147.219583,248.05,64.9342,7.797033,436.714032,141.084975,2400,2400,0,0.0,10256.0,21.0,0.0,0.0,0.0,0.0,0.0,0.0,0.0,0.0,0.0,0.0,0.0,0.0,0.0,0.0,0.0,0.0,0.0,0.0,0.0,0.0,0.0,0.0,0.0
manhattan8x8_100pc__balanced__low__seed4__mp_spillback_on90_off80,manhattan8x8_100pc,manhattan8x8_100pc,low,2400,0.0,3600.0,balanced,4,mp_spillback_on90_off80,mp,--spillback --spillback-on 0.90 --spillback-off 0.80 --spillback-min-halts 3 --spillback-alpha 0.30,human_light,/home/jakubhomoncik/sumo-traffic-control/logs/ablation/runs/run_0028_20260612_131724/populations/manhattan8x8_100pc_balanced_low_seed4.yaml,ok,924.896,/home/jakubhomoncik/sumo-traffic-control/logs/ablation/runs/run_0028_20260612_131724/runs/manhattan8x8_100pc__balanced__low__seed4__mp_spillback_on90_off80/vehicle_metrics.csv,2400,26.792917,56.0,139.689167,233.0,57.391388,8.175939,412.542298,133.279246,2400,2400,0,0.0,6034.0,105.0,0.0,0.0,0.0,0.0,0.0,0.0,0.0,0.0,0.0,0.0,0.0,0.0,0.0,0.0,0.0,0.0,0.0,0.0,0.0,0.0,0.0,0.0,0.0
manhattan8x8_100pc__balanced__low__seed4__mp_switch_rel005,manhattan8x8_100pc,manhattan8x8_100pc,low,2400,0.0,3600.0,balanced,4,mp_switch_rel005,mp,--switch-epsilon-rel 0.05,human_light,/home/jakubhomoncik/sumo-traffic-control/logs/ablation/runs/run_0028_20260612_131724/populations/manhattan8x8_100pc_balanced_low_seed4.yaml,ok,427.753,/home/jakubhomoncik/sumo-traffic-control/logs/ablation/runs/run_0028_20260612_131724/runs/manhattan8x8_100pc__balanced__low__seed4__mp_switch_rel005/vehicle_metrics.csv,2400,26.792917,56.0,139.689167,233.0,57.391388,8.175939,412.542298,133.279246,2400,2400,0,0.0,6034.0,105.0,0.0,0.0,0.0,0.0,0.0,0.0,0.0,0.0,0.0,0.0,0.0,0.0,0.0,0.0,0.0,0.0,0.0,0.0,0.0,0.0,0.0,0.0,0.0
manhattan8x8_100pc__balanced__low__seed4__fixed_program0,manhattan8x8_100pc,manhattan8x8_100pc,low,2400,0.0,3600.0,balanced,4,fixed_program0,fixed,--fixed-program-id 0,human_light,/home/jakubhomoncik/sumo-traffic-control/logs/ablation/runs/run_0028_20260612_131724/populations/manhattan8x8_100pc_balanced_low_seed4.yaml,ok,113.536,/home/jakubhomoncik/sumo-traffic-control/logs/ablation/runs/run_0028_20260612_131724/runs/manhattan8x8_100pc__balanced__low__seed4__fixed_program0/vehicle_metrics.csv,2400,64.168333,136.0,173.537917,292.05,91.2208,6.807978,448.627871,144.962379,2400,2400,0,0.0,0.0,0.0,0.0,0.0,0.0,0.0,0.0,0.0,0.0,0.0,0.0,0.0,0.0,0.0,0.0,0.0,0.0,0.0,0.0,0.0,0.0,0.0,0.0,0.0,0.0
manhattan8x8_100pc__balanced__low__seed4__mp_platoon_x4,manhattan8x8_100pc,manhattan8x8_100pc,low,2400,0.0,3600.0,balanced,4,mp_platoon_x4,mp,--platoon-extension --platoon-headway-threshold 2.1 --platoon-gap-out-seconds 2.1 --platoon-max-extra-green 4.0 --platoon-guard-occ 0.90,human_light,/home/jakubhomoncik/sumo-traffic-control/logs/ablation/runs/run_0028_20260612_131724/populations/manhattan8x8_100pc_balanced_low_seed4.yaml,ok,751.347,/home/jakubhomoncik/sumo-traffic-control/logs/ablation/runs/run_0028_20260612_131724/runs/manhattan8x8_100pc__balanced__low__seed4__mp_platoon_x4/vehicle_metrics.csv,2400,26.57625,56.0,139.336667,231.0,57.038658,8.187552,414.362081,133.861769,2400,2400,0,0.0,6032.0,105.0,0.0,0.0,0.0,0.0,113.0,0.0,0.0,0.0,0.0,0.0,0.0,0.0,0.0,0.0,0.0,0.0,0.0,0.0,0.0,0.0,0.0,0.0,0.0
manhattan8x8_100pc__balanced__low__seed5__mp_base,manhattan8x8_100pc,manhattan8x8_100pc,low,2400,0.0,3600.0,balanced,5,mp_base,mp,,human_light,/home/jakubhomoncik/sumo-traffic-control/logs/ablation/runs/run_0028_20260612_131724/populations/manhattan8x8_100pc_balanced_low_seed5.yaml,ok,429.462,/home/jakubhomoncik/sumo-traffic-control/logs/ablation/runs/run_0028_20260612_131724/runs/manhattan8x8_100pc__balanced__low__seed5__mp_base/vehicle_metrics.csv,2400,26.6425,55.0,139.965,236.0,57.429271,8.194008,436.257974,140.90297,2400,2400,0,0.0,6051.0,84.0,0.0,0.0,0.0,0.0,0.0,0.0,0.0,0.0,0.0,0.0,0.0,0.0,0.0,0.0,0.0,0.0,0.0,0.0,0.0,0.0,0.0,0.0,0.0
manhattan8x8_100pc__balanced__low__seed5__mp_nmin_a080_f2,manhattan8x8_100pc,manhattan8x8_100pc,low,2400,0.0,3600.0,balanced,5,mp_nmin_a080_f2,mp,--nmin-dynamic --lost-time-sat-flow 0.50 --nmin-alpha 0.80 --nmin-floor 2 --nmin-min-green 4.0 --nmin-demand-gain 0.25 --nmin-empty-release-seconds 1.0,human_light,/home/jakubhomoncik/sumo-traffic-control/logs/ablation/runs/run_0028_20260612_131724/populations/manhattan8x8_100pc_balanced_low_seed5.yaml,ok,433.633,/home/jakubhomoncik/sumo-traffic-control/logs/ablation/runs/run_0028_20260612_131724/runs/manhattan8x8_100pc__balanced__low__seed5__mp_nmin_a080_f2/vehicle_metrics.csv,2400,23.184167,48.0,136.51375,229.0,53.982692,8.351739,430.321553,138.984206,2400,2400,0,0.0,6530.0,96.0,0.0,0.0,0.0,0.0,0.0,0.0,0.0,0.0,0.0,0.0,0.0,0.0,0.0,0.0,0.0,0.0,0.0,0.0,0.0,0.0,0.0,0.0,0.0
manhattan8x8_100pc__balanced__low__seed5__mp_lta_g060_sf050,manhattan8x8_100pc,manhattan8x8_100pc,low,2400,0.0,3600.0,balanced,5,mp_lta_g060_sf050,mp,--lost-time-aware --lost-time-sat-flow 0.50 --lost-time-gain 0.60,human_light,/home/jakubhomoncik/sumo-traffic-control/logs/ablation/runs/run_0028_20260612_131724/populations/manhattan8x8_100pc_balanced_low_seed5.yaml,ok,435.499,/home/jakubhomoncik/sumo-traffic-control/logs/ablation/runs/run_0028_20260612_131724/runs/manhattan8x8_100pc__balanced__low__seed5__mp_lta_g060_sf050/vehicle_metrics.csv,2400,30.454583,76.0,143.0275,246.0,60.483721,8.086012,430.766576,139.145275,2400,2400,0,0.0,5244.0,244.0,0.0,0.0,0.0,0.0,0.0,0.0,0.0,0.0,0.0,0.0,0.0,0.0,0.0,0.0,0.0,0.0,0.0,0.0,0.0,0.0,0.0,0.0,0.0
manhattan8x8_100pc__balanced__low__seed5__mp_fair_mu5_w20,manhattan8x8_100pc,manhattan8x8_100pc,low,2400,0.0,3600.0,balanced,5,mp_fair_mu5_w20,mp,--fairness --fairness-mu 5.0 --fairness-w-half 20.0,human_light,/home/jakubhomoncik/sumo-traffic-control/logs/ablation/runs/run_0028_20260612_131724/populations/manhattan8x8_100pc_balanced_low_seed5.yaml,ok,440.297,/home/jakubhomoncik/sumo-traffic-control/logs/ablation/runs/run_0028_20260612_131724/runs/manhattan8x8_100pc__balanced__low__seed5__mp_fair_mu5_w20/vehicle_metrics.csv,2400,26.330417,58.0,139.379167,235.0,56.831925,8.210828,432.626383,139.73553,2400,2400,0,0.0,6031.0,81.0,0.0,0.0,0.0,0.0,0.0,5557.0,3166.847643,0.0,0.0,0.0,0.0,0.0,0.0,0.0,0.0,0.0,0.0,0.0,0.0,0.0,0.0,0.0,0.0
manhattan8x8_100pc__balanced__low__seed5__mp_downstream_b04,manhattan8x8_100pc,manhattan8x8_100pc,low,2400,0.0,3600.0,balanced,5,mp_downstream_b04,mp,--downstream-penalty --downstream-beta 0.4 --downstream-alpha 0.30,human_light,/home/jakubhomoncik/sumo-traffic-control/logs/ablation/runs/run_0028_20260612_131724/populations/manhattan8x8_100pc_balanced_low_seed5.yaml,ok,516.445,/home/jakubhomoncik/sumo-traffic-control/logs/ablation/runs/run_0028_20260612_131724/runs/manhattan8x8_100pc__balanced__low__seed5__mp_downstream_b04/vehicle_metrics.csv,2400,32.294583,67.0,148.827083,257.0,66.312538,7.716315,462.334835,149.328725,2400,2400,0,0.0,10415.0,13.0,0.0,0.0,0.0,0.0,0.0,0.0,0.0,0.0,0.0,0.0,0.0,0.0,0.0,0.0,0.0,0.0,0.0,0.0,0.0,0.0,0.0,0.0,0.0
manhattan8x8_100pc__balanced__low__seed5__mp_spillback_on90_off80,manhattan8x8_100pc,manhattan8x8_100pc,low,2400,0.0,3600.0,balanced,5,mp_spillback_on90_off80,mp,--spillback --spillback-on 0.90 --spillback-off 0.80 --spillback-min-halts 3 --spillback-alpha 0.30,human_light,/home/jakubhomoncik/sumo-traffic-control/logs/ablation/runs/run_0028_20260612_131724/populations/manhattan8x8_100pc_balanced_low_seed5.yaml,ok,924.165,/home/jakubhomoncik/sumo-traffic-control/logs/ablation/runs/run_0028_20260612_131724/runs/manhattan8x8_100pc__balanced__low__seed5__mp_spillback_on90_off80/vehicle_metrics.csv,2400,26.6425,55.0,139.965,236.0,57.429271,8.194008,436.257974,140.90297,2400,2400,0,0.0,6051.0,84.0,0.0,0.0,0.0,0.0,0.0,0.0,0.0,0.0,0.0,0.0,0.0,0.0,0.0,0.0,0.0,0.0,0.0,0.0,0.0,0.0,0.0,0.0,0.0
manhattan8x8_100pc__balanced__low__seed5__mp_switch_rel005,manhattan8x8_100pc,manhattan8x8_100pc,low,2400,0.0,3600.0,balanced,5,mp_switch_rel005,mp,--switch-epsilon-rel 0.05,human_light,/home/jakubhomoncik/sumo-traffic-control/logs/ablation/runs/run_0028_20260612_131724/populations/manhattan8x8_100pc_balanced_low_seed5.yaml,ok,434.009,/home/jakubhomoncik/sumo-traffic-control/logs/ablation/runs/run_0028_20260612_131724/runs/manhattan8x8_100pc__balanced__low__seed5__mp_switch_rel005/vehicle_metrics.csv,2400,26.6425,55.0,139.965,236.0,57.429271,8.194008,436.257974,140.90297,2400,2400,0,0.0,6051.0,84.0,0.0,0.0,0.0,0.0,0.0,0.0,0.0,0.0,0.0,0.0,0.0,0.0,0.0,0.0,0.0,0.0,0.0,0.0,0.0,0.0,0.0,0.0,0.0
manhattan8x8_100pc__balanced__low__seed5__fixed_program0,manhattan8x8_100pc,manhattan8x8_100pc,low,2400,0.0,3600.0,balanced,5,fixed_program0,fixed,--fixed-program-id 0,human_light,/home/jakubhomoncik/sumo-traffic-control/logs/ablation/runs/run_0028_20260612_131724/populations/manhattan8x8_100pc_balanced_low_seed5.yaml,ok,112.543,/home/jakubhomoncik/sumo-traffic-control/logs/ablation/runs/run_0028_20260612_131724/runs/manhattan8x8_100pc__balanced__low__seed5__fixed_program0/vehicle_metrics.csv,2400,65.421667,134.05,175.426667,295.0,92.870242,6.743018,471.303488,152.261774,2400,2400,0,0.0,0.0,0.0,0.0,0.0,0.0,0.0,0.0,0.0,0.0,0.0,0.0,0.0,0.0,0.0,0.0,0.0,0.0,0.0,0.0,0.0,0.0,0.0,0.0,0.0,0.0
manhattan8x8_100pc__balanced__low__seed5__mp_platoon_x4,manhattan8x8_100pc,manhattan8x8_100pc,low,2400,0.0,3600.0,balanced,5,mp_platoon_x4,mp,--platoon-extension --platoon-headway-threshold 2.1 --platoon-gap-out-seconds 2.1 --platoon-max-extra-green 4.0 --platoon-guard-occ 0.90,human_light,/home/jakubhomoncik/sumo-traffic-control/logs/ablation/runs/run_0028_20260612_131724/populations/manhattan8x8_100pc_balanced_low_seed5.yaml,ok,754.211,/home/jakubhomoncik/sumo-traffic-control/logs/ablation/runs/run_0028_20260612_131724/runs/manhattan8x8_100pc__balanced__low__seed5__mp_platoon_x4/vehicle_metrics.csv,2400,27.18625,57.0,140.722917,239.05,58.192742,8.15177,436.940649,141.126057,2400,2400,0,0.0,6063.0,91.0,0.0,0.0,0.0,0.0,126.0,0.0,0.0,0.0,0.0,0.0,0.0,0.0,0.0,0.0,0.0,0.0,0.0,0.0,0.0,0.0,0.0,0.0,0.0
manhattan8x8_100pc__balanced__medium__seed1__mp_nmin_a080_f2,manhattan8x8_100pc,manhattan8x8_100pc,medium,4000,0.0,3600.0,balanced,1,mp_nmin_a080_f2,mp,--nmin-dynamic --lost-time-sat-flow 0.50 --nmin-alpha 0.80 --nmin-floor 2 --nmin-min-green 4.0 --nmin-demand-gain 0.25 --nmin-empty-release-seconds 1.0,human_light,/home/jakubhomoncik/sumo-traffic-control/logs/ablation/runs/run_0028_20260612_131724/populations/manhattan8x8_100pc_balanced_medium_seed1.yaml,ok,464.256,/home/jakubhomoncik/sumo-traffic-control/logs/ablation/runs/run_0028_20260612_131724/runs/manhattan8x8_100pc__balanced__medium__seed1__mp_nmin_a080_f2/vehicle_metrics.csv,4000,26.85125,54.0,146.35925,244.0,62.081803,7.954821,442.529246,142.964894,4000,4000,0,0.0,10150.0,52.0,3.0,0.0,0.0,0.0,0.0,0.0,0.0,0.0,0.0,0.0,0.0,0.0,0.0,0.0,0.0,0.0,0.0,0.0,0.0,0.0,0.0,0.0,0.0
manhattan8x8_100pc__balanced__medium__seed1__mp_base,manhattan8x8_100pc,manhattan8x8_100pc,medium,4000,0.0,3600.0,balanced,1,mp_base,mp,,human_light,/home/jakubhomoncik/sumo-traffic-control/logs/ablation/runs/run_0028_20260612_131724/populations/manhattan8x8_100pc_balanced_medium_seed1.yaml,ok,467.138,/home/jakubhomoncik/sumo-traffic-control/logs/ablation/runs/run_0028_20260612_131724/runs/manhattan8x8_100pc__balanced__medium__seed1__mp_base/vehicle_metrics.csv,4000,30.03825,62.0,148.93675,246.0,64.65472,7.834158,444.776498,143.6934,4000,4000,0,0.0,8725.0,47.0,0.0,0.0,0.0,0.0,0.0,0.0,0.0,0.0,0.0,0.0,0.0,0.0,0.0,0.0,0.0,0.0,0.0,0.0,0.0,0.0,0.0,0.0,0.0
manhattan8x8_100pc__balanced__medium__seed1__mp_lta_g060_sf050,manhattan8x8_100pc,manhattan8x8_100pc,medium,4000,0.0,3600.0,balanced,1,mp_lta_g060_sf050,mp,--lost-time-aware --lost-time-sat-flow 0.50 --lost-time-gain 0.60,human_light,/home/jakubhomoncik/sumo-traffic-control/logs/ablation/runs/run_0028_20260612_131724/populations/manhattan8x8_100pc_balanced_medium_seed1.yaml,ok,499.634,/home/jakubhomoncik/sumo-traffic-control/logs/ablation/runs/run_0028_20260612_131724/runs/manhattan8x8_100pc__balanced__medium__seed1__mp_lta_g060_sf050/vehicle_metrics.csv,4000,32.20025,71.0,150.42925,250.0,66.147145,7.812516,445.309396,143.864157,4000,4000,0,0.0,7660.0,175.0,0.0,0.0,0.0,0.0,0.0,0.0,0.0,0.0,0.0,0.0,0.0,0.0,0.0,0.0,0.0,0.0,0.0,0.0,0.0,0.0,0.0,0.0,0.0
manhattan8x8_100pc__balanced__medium__seed1__mp_fair_mu5_w20,manhattan8x8_100pc,manhattan8x8_100pc,medium,4000,0.0,3600.0,balanced,1,mp_fair_mu5_w20,mp,--fairness --fairness-mu 5.0 --fairness-w-half 20.0,human_light,/home/jakubhomoncik/sumo-traffic-control/logs/ablation/runs/run_0028_20260612_131724/populations/manhattan8x8_100pc_balanced_medium_seed1.yaml,ok,486.665,/home/jakubhomoncik/sumo-traffic-control/logs/ablation/runs/run_0028_20260612_131724/runs/manhattan8x8_100pc__balanced__medium__seed1__mp_fair_mu5_w20/vehicle_metrics.csv,4000,30.21175,62.0,149.046,246.0,64.759107,7.836017,447.291405,144.500138,4000,4000,0,0.0,8700.0,51.0,0.0,0.0,0.0,0.0,0.0,8064.0,6030.823448,0.0,0.0,0.0,0.0,0.0,0.0,0.0,0.0,0.0,0.0,0.0,0.0,0.0,0.0,0.0,0.0
manhattan8x8_100pc__balanced__medium__seed1__mp_downstream_b04,manhattan8x8_100pc,manhattan8x8_100pc,medium,4000,0.0,3600.0,balanced,1,mp_downstream_b04,mp,--downstream-penalty --downstream-beta 0.4 --downstream-alpha 0.30,human_light,/home/jakubhomoncik/sumo-traffic-control/logs/ablation/runs/run_0028_20260612_131724/populations/manhattan8x8_100pc_balanced_medium_seed1.yaml,ok,542.433,/home/jakubhomoncik/sumo-traffic-control/logs/ablation/runs/run_0028_20260612_131724/runs/manhattan8x8_100pc__balanced__medium__seed1__mp_downstream_b04/vehicle_metrics.csv,4000,34.09325,72.0,154.8045,262.0,70.530885,7.577441,463.610546,149.772379,4000,4000,0,0.0,11823.0,4.0,0.0,0.0,0.0,0.0,0.0,0.0,0.0,0.0,0.0,0.0,0.0,0.0,0.0,0.0,0.0,0.0,0.0,0.0,0.0,0.0,0.0,0.0,0.0
manhattan8x8_100pc__balanced__medium__seed1__mp_spillback_on90_off80,manhattan8x8_100pc,manhattan8x8_100pc,medium,4000,0.0,3600.0,balanced,1,mp_spillback_on90_off80,mp,--spillback --spillback-on 0.90 --spillback-off 0.80 --spillback-min-halts 3 --spillback-alpha 0.30,human_light,/home/jakubhomoncik/sumo-traffic-control/logs/ablation/runs/run_0028_20260612_131724/populations/manhattan8x8_100pc_balanced_medium_seed1.yaml,ok,942.631,/home/jakubhomoncik/sumo-traffic-control/logs/ablation/runs/run_0028_20260612_131724/runs/manhattan8x8_100pc__balanced__medium__seed1__mp_spillback_on90_off80/vehicle_metrics.csv,4000,30.03825,62.0,148.93675,246.0,64.65472,7.834158,444.776498,143.6934,4000,4000,0,0.0,8725.0,47.0,0.0,0.0,0.0,0.0,0.0,0.0,0.0,0.0,0.0,0.0,0.0,0.0,0.0,0.0,0.0,0.0,0.0,0.0,0.0,0.0,0.0,0.0,0.0
manhattan8x8_100pc__balanced__medium__seed1__mp_switch_rel005,manhattan8x8_100pc,manhattan8x8_100pc,medium,4000,0.0,3600.0,balanced,1,mp_switch_rel005,mp,--switch-epsilon-rel 0.05,human_light,/home/jakubhomoncik/sumo-traffic-control/logs/ablation/runs/run_0028_20260612_131724/populations/manhattan8x8_100pc_balanced_medium_seed1.yaml,ok,468.128,/home/jakubhomoncik/sumo-traffic-control/logs/ablation/runs/run_0028_20260612_131724/runs/manhattan8x8_100pc__balanced__medium__seed1__mp_switch_rel005/vehicle_metrics.csv,4000,30.03825,62.0,148.93675,246.0,64.65472,7.834158,444.776498,143.6934,4000,4000,0,0.0,8725.0,47.0,0.0,0.0,0.0,0.0,0.0,0.0,0.0,0.0,0.0,0.0,0.0,0.0,0.0,0.0,0.0,0.0,0.0,0.0,0.0,0.0,0.0,0.0,0.0
manhattan8x8_100pc__balanced__medium__seed1__fixed_program0,manhattan8x8_100pc,manhattan8x8_100pc,medium,4000,0.0,3600.0,balanced,1,fixed_program0,fixed,--fixed-program-id 0,human_light,/home/jakubhomoncik/sumo-traffic-control/logs/ablation/runs/run_0028_20260612_131724/populations/manhattan8x8_100pc_balanced_medium_seed1.yaml,ok,183.576,/home/jakubhomoncik/sumo-traffic-control/logs/ablation/runs/run_0028_20260612_131724/runs/manhattan8x8_100pc__balanced__medium__seed1__fixed_program0/vehicle_metrics.csv,4000,67.01175,140.0,181.87675,305.0,97.587357,6.630682,471.190812,152.260593,4000,4000,0,0.0,0.0,0.0,0.0,0.0,0.0,0.0,0.0,0.0,0.0,0.0,0.0,0.0,0.0,0.0,0.0,0.0,0.0,0.0,0.0,0.0,0.0,0.0,0.0,0.0,0.0
manhattan8x8_100pc__balanced__medium__seed1__mp_platoon_x4,manhattan8x8_100pc,manhattan8x8_100pc,medium,4000,0.0,3600.0,balanced,1,mp_platoon_x4,mp,--platoon-extension --platoon-headway-threshold 2.1 --platoon-gap-out-seconds 2.1 --platoon-max-extra-green 4.0 --platoon-guard-occ 0.90,human_light,/home/jakubhomoncik/sumo-traffic-control/logs/ablation/runs/run_0028_20260612_131724/populations/manhattan8x8_100pc_balanced_medium_seed1.yaml,ok,802.69,/home/jakubhomoncik/sumo-traffic-control/logs/ablation/runs/run_0028_20260612_131724/runs/manhattan8x8_100pc__balanced__medium__seed1__mp_platoon_x4/vehicle_metrics.csv,4000,29.99225,63.0,148.736,249.0,64.458078,7.847109,443.25591,143.202538,4000,4000,0,0.0,8707.0,52.0,0.0,0.0,0.0,0.0,210.0,0.0,0.0,0.0,0.0,0.0,0.0,0.0,0.0,0.0,0.0,0.0,0.0,0.0,0.0,0.0,0.0,0.0,0.0
manhattan8x8_100pc__balanced__medium__seed2__mp_nmin_a080_f2,manhattan8x8_100pc,manhattan8x8_100pc,medium,4000,0.0,3600.0,balanced,2,mp_nmin_a080_f2,mp,--nmin-dynamic --lost-time-sat-flow 0.50 --nmin-alpha 0.80 --nmin-floor 2 --nmin-min-green 4.0 --nmin-demand-gain 0.25 --nmin-empty-release-seconds 1.0,human_light,/home/jakubhomoncik/sumo-traffic-control/logs/ablation/runs/run_0028_20260612_131724/populations/manhattan8x8_100pc_balanced_medium_seed2.yaml,ok,447.036,/home/jakubhomoncik/sumo-traffic-control/logs/ablation/runs/run_0028_20260612_131724/runs/manhattan8x8_100pc__balanced__medium__seed2__mp_nmin_a080_f2/vehicle_metrics.csv,4000,26.4575,54.0,143.95725,240.05,61.025335,7.961531,439.086893,141.83683,4000,4000,0,0.0,10128.0,26.0,2.0,0.0,0.0,0.0,0.0,0.0,0.0,0.0,0.0,0.0,0.0,0.0,0.0,0.0,0.0,0.0,0.0,0.0,0.0,0.0,0.0,0.0,0.0
manhattan8x8_100pc__balanced__medium__seed2__mp_base,manhattan8x8_100pc,manhattan8x8_100pc,medium,4000,0.0,3600.0,balanced,2,mp_base,mp,,human_light,/home/jakubhomoncik/sumo-traffic-control/logs/ablation/runs/run_0028_20260612_131724/populations/manhattan8x8_100pc_balanced_medium_seed2.yaml,ok,461.799,/home/jakubhomoncik/sumo-traffic-control/logs/ablation/runs/run_0028_20260612_131724/runs/manhattan8x8_100pc__balanced__medium__seed2__mp_base/vehicle_metrics.csv,4000,29.07775,61.0,145.89325,244.0,62.95857,7.852024,438.41313,141.622598,4000,4000,0,0.0,8597.0,20.0,0.0,0.0,0.0,0.0,0.0,0.0,0.0,0.0,0.0,0.0,0.0,0.0,0.0,0.0,0.0,0.0,0.0,0.0,0.0,0.0,0.0,0.0,0.0
manhattan8x8_100pc__balanced__medium__seed2__mp_lta_g060_sf050,manhattan8x8_100pc,manhattan8x8_100pc,medium,4000,0.0,3600.0,balanced,2,mp_lta_g060_sf050,mp,--lost-time-aware --lost-time-sat-flow 0.50 --lost-time-gain 0.60,human_light,/home/jakubhomoncik/sumo-traffic-control/logs/ablation/runs/run_0028_20260612_131724/populations/manhattan8x8_100pc_balanced_medium_seed2.yaml,ok,477.719,/home/jakubhomoncik/sumo-traffic-control/logs/ablation/runs/run_0028_20260612_131724/runs/manhattan8x8_100pc__balanced__medium__seed2__mp_lta_g060_sf050/vehicle_metrics.csv,4000,30.6195,68.0,146.47375,246.0,63.516577,7.867039,435.339795,140.632532,4000,4000,0,0.0,7546.0,152.0,0.0,0.0,0.0,0.0,0.0,0.0,0.0,0.0,0.0,0.0,0.0,0.0,0.0,0.0,0.0,0.0,0.0,0.0,0.0,0.0,0.0,0.0,0.0
manhattan8x8_100pc__balanced__medium__seed2__mp_fair_mu5_w20,manhattan8x8_100pc,manhattan8x8_100pc,medium,4000,0.0,3600.0,balanced,2,mp_fair_mu5_w20,mp,--fairness --fairness-mu 5.0 --fairness-w-half 20.0,human_light,/home/jakubhomoncik/sumo-traffic-control/logs/ablation/runs/run_0028_20260612_131724/populations/manhattan8x8_100pc_balanced_medium_seed2.yaml,ok,474.452,/home/jakubhomoncik/sumo-traffic-control/logs/ablation/runs/run_0028_20260612_131724/runs/manhattan8x8_100pc__balanced__medium__seed2__mp_fair_mu5_w20/vehicle_metrics.csv,4000,29.392,61.0,146.19725,245.0,63.255117,7.856677,439.237489,141.888911,4000,4000,0,0.0,8584.0,30.0,0.0,0.0,0.0,0.0,0.0,7961.0,5922.154602,0.0,0.0,0.0,0.0,0.0,0.0,0.0,0.0,0.0,0.0,0.0,0.0,0.0,0.0,0.0,0.0
manhattan8x8_100pc__balanced__medium__seed2__mp_downstream_b04,manhattan8x8_100pc,manhattan8x8_100pc,medium,4000,0.0,3600.0,balanced,2,mp_downstream_b04,mp,--downstream-penalty --downstream-beta 0.4 --downstream-alpha 0.30,human_light,/home/jakubhomoncik/sumo-traffic-control/logs/ablation/runs/run_0028_20260612_131724/populations/manhattan8x8_100pc_balanced_medium_seed2.yaml,ok,545.029,/home/jakubhomoncik/sumo-traffic-control/logs/ablation/runs/run_0028_20260612_131724/runs/manhattan8x8_100pc__balanced__medium__seed2__mp_downstream_b04/vehicle_metrics.csv,4000,32.589,68.0,151.39075,256.05,68.449185,7.599571,456.255748,147.385293,4000,4000,0,0.0,11802.0,2.0,0.0,0.0,0.0,0.0,0.0,0.0,0.0,0.0,0.0,0.0,0.0,0.0,0.0,0.0,0.0,0.0,0.0,0.0,0.0,0.0,0.0,0.0,0.0
manhattan8x8_100pc__balanced__medium__seed2__mp_spillback_on90_off80,manhattan8x8_100pc,manhattan8x8_100pc,medium,4000,0.0,3600.0,balanced,2,mp_spillback_on90_off80,mp,--spillback --spillback-on 0.90 --spillback-off 0.80 --spillback-min-halts 3 --spillback-alpha 0.30,human_light,/home/jakubhomoncik/sumo-traffic-control/logs/ablation/runs/run_0028_20260612_131724/populations/manhattan8x8_100pc_balanced_medium_seed2.yaml,ok,899.929,/home/jakubhomoncik/sumo-traffic-control/logs/ablation/runs/run_0028_20260612_131724/runs/manhattan8x8_100pc__balanced__medium__seed2__mp_spillback_on90_off80/vehicle_metrics.csv,4000,29.07775,61.0,145.89325,244.0,62.95857,7.852024,438.41313,141.622598,4000,4000,0,0.0,8597.0,20.0,0.0,0.0,0.0,0.0,0.0,0.0,0.0,0.0,0.0,0.0,0.0,0.0,0.0,0.0,0.0,0.0,0.0,0.0,0.0,0.0,0.0,0.0,0.0
manhattan8x8_100pc__balanced__medium__seed2__mp_switch_rel005,manhattan8x8_100pc,manhattan8x8_100pc,medium,4000,0.0,3600.0,balanced,2,mp_switch_rel005,mp,--switch-epsilon-rel 0.05,human_light,/home/jakubhomoncik/sumo-traffic-control/logs/ablation/runs/run_0028_20260612_131724/populations/manhattan8x8_100pc_balanced_medium_seed2.yaml,ok,457.819,/home/jakubhomoncik/sumo-traffic-control/logs/ablation/runs/run_0028_20260612_131724/runs/manhattan8x8_100pc__balanced__medium__seed2__mp_switch_rel005/vehicle_metrics.csv,4000,29.07775,61.0,145.89325,244.0,62.95857,7.852024,438.41313,141.622598,4000,4000,0,0.0,8597.0,20.0,0.0,0.0,0.0,0.0,0.0,0.0,0.0,0.0,0.0,0.0,0.0,0.0,0.0,0.0,0.0,0.0,0.0,0.0,0.0,0.0,0.0,0.0,0.0
manhattan8x8_100pc__balanced__medium__seed2__fixed_program0,manhattan8x8_100pc,manhattan8x8_100pc,medium,4000,0.0,3600.0,balanced,2,fixed_program0,fixed,--fixed-program-id 0,human_light,/home/jakubhomoncik/sumo-traffic-control/logs/ablation/runs/run_0028_20260612_131724/populations/manhattan8x8_100pc_balanced_medium_seed2.yaml,ok,176.66,/home/jakubhomoncik/sumo-traffic-control/logs/ablation/runs/run_0028_20260612_131724/runs/manhattan8x8_100pc__balanced__medium__seed2__fixed_program0/vehicle_metrics.csv,4000,66.775,138.0,180.18325,303.0,97.223855,6.562199,467.153304,150.944355,4000,4000,0,0.0,0.0,0.0,0.0,0.0,0.0,0.0,0.0,0.0,0.0,0.0,0.0,0.0,0.0,0.0,0.0,0.0,0.0,0.0,0.0,0.0,0.0,0.0,0.0,0.0,0.0
manhattan8x8_100pc__balanced__medium__seed2__mp_platoon_x4,manhattan8x8_100pc,manhattan8x8_100pc,medium,4000,0.0,3600.0,balanced,2,mp_platoon_x4,mp,--platoon-extension --platoon-headway-threshold 2.1 --platoon-gap-out-seconds 2.1 --platoon-max-extra-green 4.0 --platoon-guard-occ 0.90,human_light,/home/jakubhomoncik/sumo-traffic-control/logs/ablation/runs/run_0028_20260612_131724/populations/manhattan8x8_100pc_balanced_medium_seed2.yaml,ok,777.04,/home/jakubhomoncik/sumo-traffic-control/logs/ablation/runs/run_0028_20260612_131724/runs/manhattan8x8_100pc__balanced__medium__seed2__mp_platoon_x4/vehicle_metrics.csv,4000,28.9275,60.05,145.53575,243.0,62.583838,7.889223,435.919255,140.820005,4000,4000,0,0.0,8482.0,31.0,0.0,0.0,0.0,0.0,239.0,0.0,0.0,0.0,0.0,0.0,0.0,0.0,0.0,0.0,0.0,0.0,0.0,0.0,0.0,0.0,0.0,0.0,0.0
manhattan8x8_100pc__balanced__medium__seed3__mp_nmin_a080_f2,manhattan8x8_100pc,manhattan8x8_100pc,medium,4000,0.0,3600.0,balanced,3,mp_nmin_a080_f2,mp,--nmin-dynamic --lost-time-sat-flow 0.50 --nmin-alpha 0.80 --nmin-floor 2 --nmin-min-green 4.0 --nmin-demand-gain 0.25 --nmin-empty-release-seconds 1.0,human_light,/home/jakubhomoncik/sumo-traffic-control/logs/ablation/runs/run_0028_20260612_131724/populations/manhattan8x8_100pc_balanced_medium_seed3.yaml,ok,452.702,/home/jakubhomoncik/sumo-traffic-control/logs/ablation/runs/run_0028_20260612_131724/runs/manhattan8x8_100pc__balanced__medium__seed3__mp_nmin_a080_f2/vehicle_metrics.csv,4000,26.77425,55.0,144.70725,240.0,61.748655,7.915361,427.94683,138.271502,4000,4000,0,0.0,10076.0,35.0,1.0,0.0,0.0,0.0,0.0,0.0,0.0,0.0,0.0,0.0,0.0,0.0,0.0,0.0,0.0,0.0,0.0,0.0,0.0,0.0,0.0,0.0,0.0
manhattan8x8_100pc__balanced__medium__seed3__mp_base,manhattan8x8_100pc,manhattan8x8_100pc,medium,4000,0.0,3600.0,balanced,3,mp_base,mp,,human_light,/home/jakubhomoncik/sumo-traffic-control/logs/ablation/runs/run_0028_20260612_131724/populations/manhattan8x8_100pc_balanced_medium_seed3.yaml,ok,464.11,/home/jakubhomoncik/sumo-traffic-control/logs/ablation/runs/run_0028_20260612_131724/runs/manhattan8x8_100pc__balanced__medium__seed3__mp_base/vehicle_metrics.csv,4000,29.5535,61.0,146.38025,244.0,63.407863,7.847625,426.290842,137.738675,4000,4000,0,0.0,8518.0,45.0,0.0,0.0,0.0,0.0,0.0,0.0,0.0,0.0,0.0,0.0,0.0,0.0,0.0,0.0,0.0,0.0,0.0,0.0,0.0,0.0,0.0,0.0,0.0
manhattan8x8_100pc__balanced__medium__seed3__mp_lta_g060_sf050,manhattan8x8_100pc,manhattan8x8_100pc,medium,4000,0.0,3600.0,balanced,3,mp_lta_g060_sf050,mp,--lost-time-aware --lost-time-sat-flow 0.50 --lost-time-gain 0.60,human_light,/home/jakubhomoncik/sumo-traffic-control/logs/ablation/runs/run_0028_20260612_131724/populations/manhattan8x8_100pc_balanced_medium_seed3.yaml,ok,488.504,/home/jakubhomoncik/sumo-traffic-control/logs/ablation/runs/run_0028_20260612_131724/runs/manhattan8x8_100pc__balanced__medium__seed3__mp_lta_g060_sf050/vehicle_metrics.csv,4000,31.57275,70.0,147.92025,247.0,64.940895,7.817173,428.626981,138.49055,4000,4000,0,0.0,7596.0,146.0,0.0,0.0,0.0,0.0,0.0,0.0,0.0,0.0,0.0,0.0,0.0,0.0,0.0,0.0,0.0,0.0,0.0,0.0,0.0,0.0,0.0,0.0,0.0
manhattan8x8_100pc__balanced__medium__seed3__mp_fair_mu5_w20,manhattan8x8_100pc,manhattan8x8_100pc,medium,4000,0.0,3600.0,balanced,3,mp_fair_mu5_w20,mp,--fairness --fairness-mu 5.0 --fairness-w-half 20.0,human_light,/home/jakubhomoncik/sumo-traffic-control/logs/ablation/runs/run_0028_20260612_131724/populations/manhattan8x8_100pc_balanced_medium_seed3.yaml,ok,469.934,/home/jakubhomoncik/sumo-traffic-control/logs/ablation/runs/run_0028_20260612_131724/runs/manhattan8x8_100pc__balanced__medium__seed3__mp_fair_mu5_w20/vehicle_metrics.csv,4000,29.4495,62.0,146.48075,245.05,63.507053,7.835443,426.338773,137.755521,4000,4000,0,0.0,8544.0,35.0,0.0,0.0,0.0,0.0,0.0,7935.0,5935.617615,0.0,0.0,0.0,0.0,0.0,0.0,0.0,0.0,0.0,0.0,0.0,0.0,0.0,0.0,0.0,0.0
manhattan8x8_100pc__balanced__medium__seed3__mp_downstream_b04,manhattan8x8_100pc,manhattan8x8_100pc,medium,4000,0.0,3600.0,balanced,3,mp_downstream_b04,mp,--downstream-penalty --downstream-beta 0.4 --downstream-alpha 0.30,human_light,/home/jakubhomoncik/sumo-traffic-control/logs/ablation/runs/run_0028_20260612_131724/populations/manhattan8x8_100pc_balanced_medium_seed3.yaml,ok,565.348,/home/jakubhomoncik/sumo-traffic-control/logs/ablation/runs/run_0028_20260612_131724/runs/manhattan8x8_100pc__balanced__medium__seed3__mp_downstream_b04/vehicle_metrics.csv,4000,32.577,69.0,151.26475,257.0,68.289698,7.605698,441.962763,142.80199,4000,4000,0,0.0,11762.0,6.0,0.0,0.0,0.0,0.0,0.0,0.0,0.0,0.0,0.0,0.0,0.0,0.0,0.0,0.0,0.0,0.0,0.0,0.0,0.0,0.0,0.0,0.0,0.0
manhattan8x8_100pc__balanced__medium__seed3__mp_spillback_on90_off80,manhattan8x8_100pc,manhattan8x8_100pc,medium,4000,0.0,3600.0,balanced,3,mp_spillback_on90_off80,mp,--spillback --spillback-on 0.90 --spillback-off 0.80 --spillback-min-halts 3 --spillback-alpha 0.30,human_light,/home/jakubhomoncik/sumo-traffic-control/logs/ablation/runs/run_0028_20260612_131724/populations/manhattan8x8_100pc_balanced_medium_seed3.yaml,ok,924.723,/home/jakubhomoncik/sumo-traffic-control/logs/ablation/runs/run_0028_20260612_131724/runs/manhattan8x8_100pc__balanced__medium__seed3__mp_spillback_on90_off80/vehicle_metrics.csv,4000,29.5535,61.0,146.38025,244.0,63.407863,7.847625,426.290842,137.738675,4000,4000,0,0.0,8518.0,45.0,0.0,0.0,0.0,0.0,0.0,0.0,0.0,0.0,0.0,0.0,0.0,0.0,0.0,0.0,0.0,0.0,0.0,0.0,0.0,0.0,0.0,0.0,0.0
manhattan8x8_100pc__balanced__medium__seed3__mp_switch_rel005,manhattan8x8_100pc,manhattan8x8_100pc,medium,4000,0.0,3600.0,balanced,3,mp_switch_rel005,mp,--switch-epsilon-rel 0.05,human_light,/home/jakubhomoncik/sumo-traffic-control/logs/ablation/runs/run_0028_20260612_131724/populations/manhattan8x8_100pc_balanced_medium_seed3.yaml,ok,461.913,/home/jakubhomoncik/sumo-traffic-control/logs/ablation/runs/run_0028_20260612_131724/runs/manhattan8x8_100pc__balanced__medium__seed3__mp_switch_rel005/vehicle_metrics.csv,4000,29.5535,61.0,146.38025,244.0,63.407863,7.847625,426.290842,137.738675,4000,4000,0,0.0,8518.0,45.0,0.0,0.0,0.0,0.0,0.0,0.0,0.0,0.0,0.0,0.0,0.0,0.0,0.0,0.0,0.0,0.0,0.0,0.0,0.0,0.0,0.0,0.0,0.0
manhattan8x8_100pc__balanced__medium__seed3__fixed_program0,manhattan8x8_100pc,manhattan8x8_100pc,medium,4000,0.0,3600.0,balanced,3,fixed_program0,fixed,--fixed-program-id 0,human_light,/home/jakubhomoncik/sumo-traffic-control/logs/ablation/runs/run_0028_20260612_131724/populations/manhattan8x8_100pc_balanced_medium_seed3.yaml,ok,179.135,/home/jakubhomoncik/sumo-traffic-control/logs/ablation/runs/run_0028_20260612_131724/runs/manhattan8x8_100pc__balanced__medium__seed3__fixed_program0/vehicle_metrics.csv,4000,67.24725,140.0,180.65125,306.0,97.66184,6.558901,456.346665,147.483949,4000,4000,0,0.0,0.0,0.0,0.0,0.0,0.0,0.0,0.0,0.0,0.0,0.0,0.0,0.0,0.0,0.0,0.0,0.0,0.0,0.0,0.0,0.0,0.0,0.0,0.0,0.0,0.0
manhattan8x8_100pc__balanced__medium__seed3__mp_platoon_x4,manhattan8x8_100pc,manhattan8x8_100pc,medium,4000,0.0,3600.0,balanced,3,mp_platoon_x4,mp,--platoon-extension --platoon-headway-threshold 2.1 --platoon-gap-out-seconds 2.1 --platoon-max-extra-green 4.0 --platoon-guard-occ 0.90,human_light,/home/jakubhomoncik/sumo-traffic-control/logs/ablation/runs/run_0028_20260612_131724/populations/manhattan8x8_100pc_balanced_medium_seed3.yaml,ok,764.507,/home/jakubhomoncik/sumo-traffic-control/logs/ablation/runs/run_0028_20260612_131724/runs/manhattan8x8_100pc__balanced__medium__seed3__mp_platoon_x4/vehicle_metrics.csv,4000,29.9025,63.0,146.8985,244.0,63.930037,7.819088,428.564217,138.471169,4000,4000,0,0.0,8605.0,25.0,0.0,0.0,0.0,0.0,239.0,0.0,0.0,0.0,0.0,0.0,0.0,0.0,0.0,0.0,0.0,0.0,0.0,0.0,0.0,0.0,0.0,0.0,0.0
manhattan8x8_100pc__balanced__medium__seed4__mp_nmin_a080_f2,manhattan8x8_100pc,manhattan8x8_100pc,medium,4000,0.0,3600.0,balanced,4,mp_nmin_a080_f2,mp,--nmin-dynamic --lost-time-sat-flow 0.50 --nmin-alpha 0.80 --nmin-floor 2 --nmin-min-green 4.0 --nmin-demand-gain 0.25 --nmin-empty-release-seconds 1.0,human_light,/home/jakubhomoncik/sumo-traffic-control/logs/ablation/runs/run_0028_20260612_131724/populations/manhattan8x8_100pc_balanced_medium_seed4.yaml,ok,454.409,/home/jakubhomoncik/sumo-traffic-control/logs/ablation/runs/run_0028_20260612_131724/runs/manhattan8x8_100pc__balanced__medium__seed4__mp_nmin_a080_f2/vehicle_metrics.csv,4000,26.73225,54.0,144.37525,239.05,61.48362,7.939874,435.785201,140.778501,4000,4000,0,0.0,10084.0,41.0,3.0,0.0,0.0,0.0,0.0,0.0,0.0,0.0,0.0,0.0,0.0,0.0,0.0,0.0,0.0,0.0,0.0,0.0,0.0,0.0,0.0,0.0,0.0
manhattan8x8_100pc__balanced__medium__seed4__mp_base,manhattan8x8_100pc,manhattan8x8_100pc,medium,4000,0.0,3600.0,balanced,4,mp_base,mp,,human_light,/home/jakubhomoncik/sumo-traffic-control/logs/ablation/runs/run_0028_20260612_131724/populations/manhattan8x8_100pc_balanced_medium_seed4.yaml,ok,468.558,/home/jakubhomoncik/sumo-traffic-control/logs/ablation/runs/run_0028_20260612_131724/runs/manhattan8x8_100pc__balanced__medium__seed4__mp_base/vehicle_metrics.csv,4000,29.3905,62.0,146.136,243.05,63.2253,7.865265,433.831176,140.153211,4000,4000,0,0.0,8547.0,47.0,0.0,0.0,0.0,0.0,0.0,0.0,0.0,0.0,0.0,0.0,0.0,0.0,0.0,0.0,0.0,0.0,0.0,0.0,0.0,0.0,0.0,0.0,0.0
manhattan8x8_100pc__balanced__medium__seed4__mp_lta_g060_sf050,manhattan8x8_100pc,manhattan8x8_100pc,medium,4000,0.0,3600.0,balanced,4,mp_lta_g060_sf050,mp,--lost-time-aware --lost-time-sat-flow 0.50 --lost-time-gain 0.60,human_light,/home/jakubhomoncik/sumo-traffic-control/logs/ablation/runs/run_0028_20260612_131724/populations/manhattan8x8_100pc_balanced_medium_seed4.yaml,ok,495.616,/home/jakubhomoncik/sumo-traffic-control/logs/ablation/runs/run_0028_20260612_131724/runs/manhattan8x8_100pc__balanced__medium__seed4__mp_lta_g060_sf050/vehicle_metrics.csv,4000,31.55575,72.0,147.47275,247.0,64.550875,7.843722,435.743958,140.768083,4000,4000,0,0.0,7534.0,168.0,0.0,0.0,0.0,0.0,0.0,0.0,0.0,0.0,0.0,0.0,0.0,0.0,0.0,0.0,0.0,0.0,0.0,0.0,0.0,0.0,0.0,0.0,0.0
manhattan8x8_100pc__balanced__medium__seed4__mp_fair_mu5_w20,manhattan8x8_100pc,manhattan8x8_100pc,medium,4000,0.0,3600.0,balanced,4,mp_fair_mu5_w20,mp,--fairness --fairness-mu 5.0 --fairness-w-half 20.0,human_light,/home/jakubhomoncik/sumo-traffic-control/logs/ablation/runs/run_0028_20260612_131724/populations/manhattan8x8_100pc_balanced_medium_seed4.yaml,ok,486.922,/home/jakubhomoncik/sumo-traffic-control/logs/ablation/runs/run_0028_20260612_131724/runs/manhattan8x8_100pc__balanced__medium__seed4__mp_fair_mu5_w20/vehicle_metrics.csv,4000,29.69425,61.0,146.7715,240.05,63.864128,7.823528,435.996674,140.849787,4000,4000,0,0.0,8521.0,37.0,0.0,0.0,0.0,0.0,0.0,7894.0,5841.438709,0.0,0.0,0.0,0.0,0.0,0.0,0.0,0.0,0.0,0.0,0.0,0.0,0.0,0.0,0.0,0.0
manhattan8x8_100pc__balanced__medium__seed4__mp_downstream_b04,manhattan8x8_100pc,manhattan8x8_100pc,medium,4000,0.0,3600.0,balanced,4,mp_downstream_b04,mp,--downstream-penalty --downstream-beta 0.4 --downstream-alpha 0.30,human_light,/home/jakubhomoncik/sumo-traffic-control/logs/ablation/runs/run_0028_20260612_131724/populations/manhattan8x8_100pc_balanced_medium_seed4.yaml,ok,560.37,/home/jakubhomoncik/sumo-traffic-control/logs/ablation/runs/run_0028_20260612_131724/runs/manhattan8x8_100pc__balanced__medium__seed4__mp_downstream_b04/vehicle_metrics.csv,4000,32.6795,69.0,151.10475,254.0,68.19016,7.626707,449.696647,145.277224,4000,4000,0,0.0,11845.0,6.0,0.0,0.0,0.0,0.0,0.0,0.0,0.0,0.0,0.0,0.0,0.0,0.0,0.0,0.0,0.0,0.0,0.0,0.0,0.0,0.0,0.0,0.0,0.0
manhattan8x8_100pc__balanced__medium__seed4__mp_spillback_on90_off80,manhattan8x8_100pc,manhattan8x8_100pc,medium,4000,0.0,3600.0,balanced,4,mp_spillback_on90_off80,mp,--spillback --spillback-on 0.90 --spillback-off 0.80 --spillback-min-halts 3 --spillback-alpha 0.30,human_light,/home/jakubhomoncik/sumo-traffic-control/logs/ablation/runs/run_0028_20260612_131724/populations/manhattan8x8_100pc_balanced_medium_seed4.yaml,ok,939.854,/home/jakubhomoncik/sumo-traffic-control/logs/ablation/runs/run_0028_20260612_131724/runs/manhattan8x8_100pc__balanced__medium__seed4__mp_spillback_on90_off80/vehicle_metrics.csv,4000,29.3905,62.0,146.136,243.05,63.2253,7.865265,433.831176,140.153211,4000,4000,0,0.0,8547.0,47.0,0.0,0.0,0.0,0.0,0.0,0.0,0.0,0.0,0.0,0.0,0.0,0.0,0.0,0.0,0.0,0.0,0.0,0.0,0.0,0.0,0.0,0.0,0.0
manhattan8x8_100pc__balanced__medium__seed4__mp_switch_rel005,manhattan8x8_100pc,manhattan8x8_100pc,medium,4000,0.0,3600.0,balanced,4,mp_switch_rel005,mp,--switch-epsilon-rel 0.05,human_light,/home/jakubhomoncik/sumo-traffic-control/logs/ablation/runs/run_0028_20260612_131724/populations/manhattan8x8_100pc_balanced_medium_seed4.yaml,ok,469.733,/home/jakubhomoncik/sumo-traffic-control/logs/ablation/runs/run_0028_20260612_131724/runs/manhattan8x8_100pc__balanced__medium__seed4__mp_switch_rel005/vehicle_metrics.csv,4000,29.3905,62.0,146.136,243.05,63.2253,7.865265,433.831176,140.153211,4000,4000,0,0.0,8547.0,47.0,0.0,0.0,0.0,0.0,0.0,0.0,0.0,0.0,0.0,0.0,0.0,0.0,0.0,0.0,0.0,0.0,0.0,0.0,0.0,0.0,0.0,0.0,0.0
manhattan8x8_100pc__balanced__medium__seed4__fixed_program0,manhattan8x8_100pc,manhattan8x8_100pc,medium,4000,0.0,3600.0,balanced,4,fixed_program0,fixed,--fixed-program-id 0,human_light,/home/jakubhomoncik/sumo-traffic-control/logs/ablation/runs/run_0028_20260612_131724/populations/manhattan8x8_100pc_balanced_medium_seed4.yaml,ok,179.16,/home/jakubhomoncik/sumo-traffic-control/logs/ablation/runs/run_0028_20260612_131724/runs/manhattan8x8_100pc__balanced__medium__seed4__fixed_program0/vehicle_metrics.csv,4000,66.61175,138.0,179.604,299.05,96.678327,6.599481,461.975688,149.278481,4000,4000,0,0.0,0.0,0.0,0.0,0.0,0.0,0.0,0.0,0.0,0.0,0.0,0.0,0.0,0.0,0.0,0.0,0.0,0.0,0.0,0.0,0.0,0.0,0.0,0.0,0.0,0.0
manhattan8x8_100pc__balanced__medium__seed4__mp_platoon_x4,manhattan8x8_100pc,manhattan8x8_100pc,medium,4000,0.0,3600.0,balanced,4,mp_platoon_x4,mp,--platoon-extension --platoon-headway-threshold 2.1 --platoon-gap-out-seconds 2.1 --platoon-max-extra-green 4.0 --platoon-guard-occ 0.90,human_light,/home/jakubhomoncik/sumo-traffic-control/logs/ablation/runs/run_0028_20260612_131724/populations/manhattan8x8_100pc_balanced_medium_seed4.yaml,ok,777.1,/home/jakubhomoncik/sumo-traffic-control/logs/ablation/runs/run_0028_20260612_131724/runs/manhattan8x8_100pc__balanced__medium__seed4__mp_platoon_x4/vehicle_metrics.csv,4000,29.2425,61.05,145.84525,243.0,62.940585,7.878422,433.930637,140.182948,4000,4000,0,0.0,8480.0,36.0,0.0,0.0,0.0,0.0,235.0,0.0,0.0,0.0,0.0,0.0,0.0,0.0,0.0,0.0,0.0,0.0,0.0,0.0,0.0,0.0,0.0,0.0,0.0
manhattan8x8_100pc__balanced__medium__seed5__mp_nmin_a080_f2,manhattan8x8_100pc,manhattan8x8_100pc,medium,4000,0.0,3600.0,balanced,5,mp_nmin_a080_f2,mp,--nmin-dynamic --lost-time-sat-flow 0.50 --nmin-alpha 0.80 --nmin-floor 2 --nmin-min-green 4.0 --nmin-demand-gain 0.25 --nmin-empty-release-seconds 1.0,human_light,/home/jakubhomoncik/sumo-traffic-control/logs/ablation/runs/run_0028_20260612_131724/populations/manhattan8x8_100pc_balanced_medium_seed5.yaml,ok,460.734,/home/jakubhomoncik/sumo-traffic-control/logs/ablation/runs/run_0028_20260612_131724/runs/manhattan8x8_100pc__balanced__medium__seed5__mp_nmin_a080_f2/vehicle_metrics.csv,4000,26.6775,54.0,144.52325,236.0,61.530082,7.94767,448.194118,144.76072,4000,4000,0,0.0,10092.0,30.0,3.0,0.0,0.0,0.0,0.0,0.0,0.0,0.0,0.0,0.0,0.0,0.0,0.0,0.0,0.0,0.0,0.0,0.0,0.0,0.0,0.0,0.0,0.0
manhattan8x8_100pc__balanced__medium__seed5__mp_base,manhattan8x8_100pc,manhattan8x8_100pc,medium,4000,0.0,3600.0,balanced,5,mp_base,mp,,human_light,/home/jakubhomoncik/sumo-traffic-control/logs/ablation/runs/run_0028_20260612_131724/populations/manhattan8x8_100pc_balanced_medium_seed5.yaml,ok,478.755,/home/jakubhomoncik/sumo-traffic-control/logs/ablation/runs/run_0028_20260612_131724/runs/manhattan8x8_100pc__balanced__medium__seed5__mp_base/vehicle_metrics.csv,4000,29.35175,61.05,146.4625,244.0,63.438605,7.848896,443.526755,143.265159,4000,4000,0,0.0,8566.0,39.0,0.0,0.0,0.0,0.0,0.0,0.0,0.0,0.0,0.0,0.0,0.0,0.0,0.0,0.0,0.0,0.0,0.0,0.0,0.0,0.0,0.0,0.0,0.0
manhattan8x8_100pc__balanced__medium__seed5__mp_lta_g060_sf050,manhattan8x8_100pc,manhattan8x8_100pc,medium,4000,0.0,3600.0,balanced,5,mp_lta_g060_sf050,mp,--lost-time-aware --lost-time-sat-flow 0.50 --lost-time-gain 0.60,human_light,/home/jakubhomoncik/sumo-traffic-control/logs/ablation/runs/run_0028_20260612_131724/populations/manhattan8x8_100pc_balanced_medium_seed5.yaml,ok,497.524,/home/jakubhomoncik/sumo-traffic-control/logs/ablation/runs/run_0028_20260612_131724/runs/manhattan8x8_100pc__balanced__medium__seed5__mp_lta_g060_sf050/vehicle_metrics.csv,4000,31.32375,72.05,147.6865,250.0,64.651503,7.821686,448.046912,144.716898,4000,4000,0,0.0,7495.0,147.0,0.0,0.0,0.0,0.0,0.0,0.0,0.0,0.0,0.0,0.0,0.0,0.0,0.0,0.0,0.0,0.0,0.0,0.0,0.0,0.0,0.0,0.0,0.0
manhattan8x8_100pc__balanced__medium__seed5__mp_fair_mu5_w20,manhattan8x8_100pc,manhattan8x8_100pc,medium,4000,0.0,3600.0,balanced,5,mp_fair_mu5_w20,mp,--fairness --fairness-mu 5.0 --fairness-w-half 20.0,human_light,/home/jakubhomoncik/sumo-traffic-control/logs/ablation/runs/run_0028_20260612_131724/populations/manhattan8x8_100pc_balanced_medium_seed5.yaml,ok,478.388,/home/jakubhomoncik/sumo-traffic-control/logs/ablation/runs/run_0028_20260612_131724/runs/manhattan8x8_100pc__balanced__medium__seed5__mp_fair_mu5_w20/vehicle_metrics.csv,4000,29.396,62.0,146.419,244.0,63.404682,7.859819,444.740438,143.655212,4000,4000,0,0.0,8519.0,43.0,0.0,0.0,0.0,0.0,0.0,7901.0,5835.11941,0.0,0.0,0.0,0.0,0.0,0.0,0.0,0.0,0.0,0.0,0.0,0.0,0.0,0.0,0.0,0.0
manhattan8x8_100pc__balanced__medium__seed5__mp_downstream_b04,manhattan8x8_100pc,manhattan8x8_100pc,medium,4000,0.0,3600.0,balanced,5,mp_downstream_b04,mp,--downstream-penalty --downstream-beta 0.4 --downstream-alpha 0.30,human_light,/home/jakubhomoncik/sumo-traffic-control/logs/ablation/runs/run_0028_20260612_131724/populations/manhattan8x8_100pc_balanced_medium_seed5.yaml,ok,564.331,/home/jakubhomoncik/sumo-traffic-control/logs/ablation/runs/run_0028_20260612_131724/runs/manhattan8x8_100pc__balanced__medium__seed5__mp_downstream_b04/vehicle_metrics.csv,4000,33.304,70.0,152.775,256.0,69.760975,7.539475,463.216183,149.623496,4000,4000,0,0.0,11891.0,7.0,0.0,0.0,0.0,0.0,0.0,0.0,0.0,0.0,0.0,0.0,0.0,0.0,0.0,0.0,0.0,0.0,0.0,0.0,0.0,0.0,0.0,0.0,0.0
manhattan8x8_100pc__balanced__medium__seed5__mp_spillback_on90_off80,manhattan8x8_100pc,manhattan8x8_100pc,medium,4000,0.0,3600.0,balanced,5,mp_spillback_on90_off80,mp,--spillback --spillback-on 0.90 --spillback-off 0.80 --spillback-min-halts 3 --spillback-alpha 0.30,human_light,/home/jakubhomoncik/sumo-traffic-control/logs/ablation/runs/run_0028_20260612_131724/populations/manhattan8x8_100pc_balanced_medium_seed5.yaml,ok,947.442,/home/jakubhomoncik/sumo-traffic-control/logs/ablation/runs/run_0028_20260612_131724/runs/manhattan8x8_100pc__balanced__medium__seed5__mp_spillback_on90_off80/vehicle_metrics.csv,4000,29.35175,61.05,146.4625,244.0,63.438605,7.848896,443.526755,143.265159,4000,4000,0,0.0,8566.0,39.0,0.0,0.0,0.0,0.0,0.0,0.0,0.0,0.0,0.0,0.0,0.0,0.0,0.0,0.0,0.0,0.0,0.0,0.0,0.0,0.0,0.0,0.0,0.0
manhattan8x8_100pc__balanced__medium__seed5__mp_switch_rel005,manhattan8x8_100pc,manhattan8x8_100pc,medium,4000,0.0,3600.0,balanced,5,mp_switch_rel005,mp,--switch-epsilon-rel 0.05,human_light,/home/jakubhomoncik/sumo-traffic-control/logs/ablation/runs/run_0028_20260612_131724/populations/manhattan8x8_100pc_balanced_medium_seed5.yaml,ok,470.142,/home/jakubhomoncik/sumo-traffic-control/logs/ablation/runs/run_0028_20260612_131724/runs/manhattan8x8_100pc__balanced__medium__seed5__mp_switch_rel005/vehicle_metrics.csv,4000,29.35175,61.05,146.4625,244.0,63.438605,7.848896,443.526755,143.265159,4000,4000,0,0.0,8566.0,39.0,0.0,0.0,0.0,0.0,0.0,0.0,0.0,0.0,0.0,0.0,0.0,0.0,0.0,0.0,0.0,0.0,0.0,0.0,0.0,0.0,0.0,0.0,0.0
manhattan8x8_100pc__balanced__medium__seed5__fixed_program0,manhattan8x8_100pc,manhattan8x8_100pc,medium,4000,0.0,3600.0,balanced,5,fixed_program0,fixed,--fixed-program-id 0,human_light,/home/jakubhomoncik/sumo-traffic-control/logs/ablation/runs/run_0028_20260612_131724/populations/manhattan8x8_100pc_balanced_medium_seed5.yaml,ok,184.168,/home/jakubhomoncik/sumo-traffic-control/logs/ablation/runs/run_0028_20260612_131724/runs/manhattan8x8_100pc__balanced__medium__seed5__fixed_program0/vehicle_metrics.csv,4000,66.82775,138.0,180.49175,301.05,97.452815,6.567387,476.309625,153.883953,4000,4000,0,0.0,0.0,0.0,0.0,0.0,0.0,0.0,0.0,0.0,0.0,0.0,0.0,0.0,0.0,0.0,0.0,0.0,0.0,0.0,0.0,0.0,0.0,0.0,0.0,0.0,0.0
manhattan8x8_100pc__balanced__medium__seed5__mp_platoon_x4,manhattan8x8_100pc,manhattan8x8_100pc,medium,4000,0.0,3600.0,balanced,5,mp_platoon_x4,mp,--platoon-extension --platoon-headway-threshold 2.1 --platoon-gap-out-seconds 2.1 --platoon-max-extra-green 4.0 --platoon-guard-occ 0.90,human_light,/home/jakubhomoncik/sumo-traffic-control/logs/ablation/runs/run_0028_20260612_131724/populations/manhattan8x8_100pc_balanced_medium_seed5.yaml,ok,776.037,/home/jakubhomoncik/sumo-traffic-control/logs/ablation/runs/run_0028_20260612_131724/runs/manhattan8x8_100pc__balanced__medium__seed5__mp_platoon_x4/vehicle_metrics.csv,4000,29.061,61.0,146.13675,243.0,63.12276,7.875169,443.889319,143.379833,4000,4000,0,0.0,8558.0,28.0,0.0,0.0,0.0,0.0,212.0,0.0,0.0,0.0,0.0,0.0,0.0,0.0,0.0,0.0,0.0,0.0,0.0,0.0,0.0,0.0,0.0,0.0,0.0
manhattan8x8_100pc__balanced__high__seed1__mp_nmin_a080_f2,manhattan8x8_100pc,manhattan8x8_100pc,high,5600,0.0,3600.0,balanced,1,mp_nmin_a080_f2,mp,--nmin-dynamic --lost-time-sat-flow 0.50 --nmin-alpha 0.80 --nmin-floor 2 --nmin-min-green 4.0 --nmin-demand-gain 0.25 --nmin-empty-release-seconds 1.0,human_light,/home/jakubhomoncik/sumo-traffic-control/logs/ablation/runs/run_0028_20260612_131724/populations/manhattan8x8_100pc_balanced_high_seed1.yaml,ok,506.438,/home/jakubhomoncik/sumo-traffic-control/logs/ablation/runs/run_0028_20260612_131724/runs/manhattan8x8_100pc__balanced__high__seed1__mp_nmin_a080_f2/vehicle_metrics.csv,5600,33.215714,66.0,158.2,261.0,74.293727,7.367452,476.688123,153.987573,5600,5600,0,0.0,13338.0,38.0,29.0,0.0,0.0,0.0,0.0,0.0,0.0,0.0,0.0,0.0,0.0,0.0,0.0,0.0,0.0,0.0,0.0,0.0,0.0,0.0,0.0,0.0,0.0
manhattan8x8_100pc__balanced__high__seed1__mp_base,manhattan8x8_100pc,manhattan8x8_100pc,high,5600,0.0,3600.0,balanced,1,mp_base,mp,,human_light,/home/jakubhomoncik/sumo-traffic-control/logs/ablation/runs/run_0028_20260612_131724/populations/manhattan8x8_100pc_balanced_high_seed1.yaml,ok,519.942,/home/jakubhomoncik/sumo-traffic-control/logs/ablation/runs/run_0028_20260612_131724/runs/manhattan8x8_100pc__balanced__high__seed1__mp_base/vehicle_metrics.csv,5600,32.27875,66.0,153.757857,253.0,69.814036,7.555312,461.228508,148.991935,5600,5600,0,0.0,10183.0,36.0,0.0,0.0,0.0,0.0,0.0,0.0,0.0,0.0,0.0,0.0,0.0,0.0,0.0,0.0,0.0,0.0,0.0,0.0,0.0,0.0,0.0,0.0,0.0
manhattan8x8_100pc__balanced__high__seed1__mp_lta_g060_sf050,manhattan8x8_100pc,manhattan8x8_100pc,high,5600,0.0,3600.0,balanced,1,mp_lta_g060_sf050,mp,--lost-time-aware --lost-time-sat-flow 0.50 --lost-time-gain 0.60,human_light,/home/jakubhomoncik/sumo-traffic-control/logs/ablation/runs/run_0028_20260612_131724/populations/manhattan8x8_100pc_balanced_high_seed1.yaml,ok,535.237,/home/jakubhomoncik/sumo-traffic-control/logs/ablation/runs/run_0028_20260612_131724/runs/manhattan8x8_100pc__balanced__high__seed1__mp_lta_g060_sf050/vehicle_metrics.csv,5600,33.234107,71.0,154.353393,253.0,70.401316,7.556827,459.378713,148.396669,5600,5600,0,0.0,9138.0,92.0,0.0,0.0,0.0,0.0,0.0,0.0,0.0,0.0,0.0,0.0,0.0,0.0,0.0,0.0,0.0,0.0,0.0,0.0,0.0,0.0,0.0,0.0,0.0
manhattan8x8_100pc__balanced__high__seed1__mp_fair_mu5_w20,manhattan8x8_100pc,manhattan8x8_100pc,high,5600,0.0,3600.0,balanced,1,mp_fair_mu5_w20,mp,--fairness --fairness-mu 5.0 --fairness-w-half 20.0,human_light,/home/jakubhomoncik/sumo-traffic-control/logs/ablation/runs/run_0028_20260612_131724/populations/manhattan8x8_100pc_balanced_high_seed1.yaml,ok,530.228,/home/jakubhomoncik/sumo-traffic-control/logs/ablation/runs/run_0028_20260612_131724/runs/manhattan8x8_100pc__balanced__high__seed1__mp_fair_mu5_w20/vehicle_metrics.csv,5600,31.854643,66.0,153.108571,254.0,69.158725,7.592063,459.097753,148.30569,5600,5600,0,0.0,10171.0,31.0,0.0,0.0,0.0,0.0,0.0,9537.0,8324.980909,0.0,0.0,0.0,0.0,0.0,0.0,0.0,0.0,0.0,0.0,0.0,0.0,0.0,0.0,0.0,0.0
manhattan8x8_100pc__balanced__high__seed1__mp_downstream_b04,manhattan8x8_100pc,manhattan8x8_100pc,high,5600,0.0,3600.0,balanced,1,mp_downstream_b04,mp,--downstream-penalty --downstream-beta 0.4 --downstream-alpha 0.30,human_light,/home/jakubhomoncik/sumo-traffic-control/logs/ablation/runs/run_0028_20260612_131724/populations/manhattan8x8_100pc_balanced_high_seed1.yaml,ok,601.992,/home/jakubhomoncik/sumo-traffic-control/logs/ablation/runs/run_0028_20260612_131724/runs/manhattan8x8_100pc__balanced__high__seed1__mp_downstream_b04/vehicle_metrics.csv,5600,35.591071,73.05,159.123214,265.0,75.188368,7.324627,478.195948,154.469938,5600,5600,0,0.0,12674.0,5.0,0.0,0.0,0.0,0.0,0.0,0.0,0.0,0.0,0.0,0.0,0.0,0.0,0.0,0.0,0.0,0.0,0.0,0.0,0.0,0.0,0.0,0.0,0.0
manhattan8x8_100pc__balanced__high__seed1__mp_spillback_on90_off80,manhattan8x8_100pc,manhattan8x8_100pc,high,5600,0.0,3600.0,balanced,1,mp_spillback_on90_off80,mp,--spillback --spillback-on 0.90 --spillback-off 0.80 --spillback-min-halts 3 --spillback-alpha 0.30,human_light,/home/jakubhomoncik/sumo-traffic-control/logs/ablation/runs/run_0028_20260612_131724/populations/manhattan8x8_100pc_balanced_high_seed1.yaml,ok,961.882,/home/jakubhomoncik/sumo-traffic-control/logs/ablation/runs/run_0028_20260612_131724/runs/manhattan8x8_100pc__balanced__high__seed1__mp_spillback_on90_off80/vehicle_metrics.csv,5600,32.27875,66.0,153.757857,253.0,69.814036,7.555312,461.228508,148.991935,5600,5600,0,0.0,10183.0,36.0,0.0,0.0,0.0,0.0,0.0,0.0,0.0,0.0,0.0,0.0,0.0,0.0,0.0,0.0,0.0,0.0,0.0,0.0,0.0,0.0,0.0,0.0,0.0
manhattan8x8_100pc__balanced__high__seed1__mp_switch_rel005,manhattan8x8_100pc,manhattan8x8_100pc,high,5600,0.0,3600.0,balanced,1,mp_switch_rel005,mp,--switch-epsilon-rel 0.05,human_light,/home/jakubhomoncik/sumo-traffic-control/logs/ablation/runs/run_0028_20260612_131724/populations/manhattan8x8_100pc_balanced_high_seed1.yaml,ok,522.046,/home/jakubhomoncik/sumo-traffic-control/logs/ablation/runs/run_0028_20260612_131724/runs/manhattan8x8_100pc__balanced__high__seed1__mp_switch_rel005/vehicle_metrics.csv,5600,32.27875,66.0,153.757857,253.0,69.814036,7.555312,461.228508,148.991935,5600,5600,0,0.0,10183.0,36.0,0.0,0.0,0.0,0.0,0.0,0.0,0.0,0.0,0.0,0.0,0.0,0.0,0.0,0.0,0.0,0.0,0.0,0.0,0.0,0.0,0.0,0.0,0.0
manhattan8x8_100pc__balanced__high__seed1__fixed_program0,manhattan8x8_100pc,manhattan8x8_100pc,high,5600,0.0,3600.0,balanced,1,fixed_program0,fixed,--fixed-program-id 0,human_light,/home/jakubhomoncik/sumo-traffic-control/logs/ablation/runs/run_0028_20260612_131724/populations/manhattan8x8_100pc_balanced_high_seed1.yaml,ok,251.357,/home/jakubhomoncik/sumo-traffic-control/logs/ablation/runs/run_0028_20260612_131724/runs/manhattan8x8_100pc__balanced__high__seed1__fixed_program0/vehicle_metrics.csv,5600,67.852143,143.0,185.443393,311.0,101.480466,6.458437,481.39869,155.547276,5600,5600,0,0.0,0.0,0.0,0.0,0.0,0.0,0.0,0.0,0.0,0.0,0.0,0.0,0.0,0.0,0.0,0.0,0.0,0.0,0.0,0.0,0.0,0.0,0.0,0.0,0.0,0.0
manhattan8x8_100pc__balanced__high__seed1__mp_platoon_x4,manhattan8x8_100pc,manhattan8x8_100pc,high,5600,0.0,3600.0,balanced,1,mp_platoon_x4,mp,--platoon-extension --platoon-headway-threshold 2.1 --platoon-gap-out-seconds 2.1 --platoon-max-extra-green 4.0 --platoon-guard-occ 0.90,human_light,/home/jakubhomoncik/sumo-traffic-control/logs/ablation/runs/run_0028_20260612_131724/populations/manhattan8x8_100pc_balanced_high_seed1.yaml,ok,828.16,/home/jakubhomoncik/sumo-traffic-control/logs/ablation/runs/run_0028_20260612_131724/runs/manhattan8x8_100pc__balanced__high__seed1__mp_platoon_x4/vehicle_metrics.csv,5600,32.028036,66.0,153.565536,254.0,69.617211,7.574211,460.44317,148.74024,5600,5600,0,0.0,10194.0,31.0,0.0,0.0,0.0,0.0,260.0,0.0,0.0,0.0,0.0,0.0,0.0,0.0,0.0,0.0,0.0,0.0,0.0,0.0,0.0,0.0,0.0,0.0,0.0
manhattan8x8_100pc__balanced__high__seed2__mp_nmin_a080_f2,manhattan8x8_100pc,manhattan8x8_100pc,high,5600,0.0,3600.0,balanced,2,mp_nmin_a080_f2,mp,--nmin-dynamic --lost-time-sat-flow 0.50 --nmin-alpha 0.80 --nmin-floor 2 --nmin-min-green 4.0 --nmin-demand-gain 0.25 --nmin-empty-release-seconds 1.0,human_light,/home/jakubhomoncik/sumo-traffic-control/logs/ablation/runs/run_0028_20260612_131724/populations/manhattan8x8_100pc_balanced_high_seed2.yaml,ok,486.716,/home/jakubhomoncik/sumo-traffic-control/logs/ablation/runs/run_0028_20260612_131724/runs/manhattan8x8_100pc__balanced__high__seed2__mp_nmin_a080_f2/vehicle_metrics.csv,5600,31.298571,63.0,153.83875,256.0,70.666255,7.510437,462.034726,149.249007,5600,5600,0,0.0,13091.0,18.0,17.0,0.0,0.0,0.0,0.0,0.0,0.0,0.0,0.0,0.0,0.0,0.0,0.0,0.0,0.0,0.0,0.0,0.0,0.0,0.0,0.0,0.0,0.0
manhattan8x8_100pc__balanced__high__seed2__mp_base,manhattan8x8_100pc,manhattan8x8_100pc,high,5600,0.0,3600.0,balanced,2,mp_base,mp,,human_light,/home/jakubhomoncik/sumo-traffic-control/logs/ablation/runs/run_0028_20260612_131724/populations/manhattan8x8_100pc_balanced_high_seed2.yaml,ok,508.766,/home/jakubhomoncik/sumo-traffic-control/logs/ablation/runs/run_0028_20260612_131724/runs/manhattan8x8_100pc__balanced__high__seed2__mp_base/vehicle_metrics.csv,5600,31.527679,67.0,151.635179,252.0,68.424536,7.592431,452.990548,146.326845,5600,5600,0,0.0,10148.0,16.0,0.0,0.0,0.0,0.0,0.0,0.0,0.0,0.0,0.0,0.0,0.0,0.0,0.0,0.0,0.0,0.0,0.0,0.0,0.0,0.0,0.0,0.0,0.0
manhattan8x8_100pc__balanced__high__seed2__mp_lta_g060_sf050,manhattan8x8_100pc,manhattan8x8_100pc,high,5600,0.0,3600.0,balanced,2,mp_lta_g060_sf050,mp,--lost-time-aware --lost-time-sat-flow 0.50 --lost-time-gain 0.60,human_light,/home/jakubhomoncik/sumo-traffic-control/logs/ablation/runs/run_0028_20260612_131724/populations/manhattan8x8_100pc_balanced_high_seed2.yaml,ok,535.441,/home/jakubhomoncik/sumo-traffic-control/logs/ablation/runs/run_0028_20260612_131724/runs/manhattan8x8_100pc__balanced__high__seed2__mp_lta_g060_sf050/vehicle_metrics.csv,5600,32.025179,69.0,151.230357,252.0,68.009388,7.639517,446.727485,144.30889,5600,5600,0,0.0,9053.0,84.0,0.0,0.0,0.0,0.0,0.0,0.0,0.0,0.0,0.0,0.0,0.0,0.0,0.0,0.0,0.0,0.0,0.0,0.0,0.0,0.0,0.0,0.0,0.0
manhattan8x8_100pc__balanced__high__seed2__mp_fair_mu5_w20,manhattan8x8_100pc,manhattan8x8_100pc,high,5600,0.0,3600.0,balanced,2,mp_fair_mu5_w20,mp,--fairness --fairness-mu 5.0 --fairness-w-half 20.0,human_light,/home/jakubhomoncik/sumo-traffic-control/logs/ablation/runs/run_0028_20260612_131724/populations/manhattan8x8_100pc_balanced_high_seed2.yaml,ok,515.586,/home/jakubhomoncik/sumo-traffic-control/logs/ablation/runs/run_0028_20260612_131724/runs/manhattan8x8_100pc__balanced__high__seed2__mp_fair_mu5_w20/vehicle_metrics.csv,5600,31.653929,67.0,151.813393,255.0,68.59518,7.60712,452.831454,146.276745,5600,5600,0,0.0,10146.0,18.0,0.0,0.0,0.0,0.0,0.0,9496.0,8358.741121,0.0,0.0,0.0,0.0,0.0,0.0,0.0,0.0,0.0,0.0,0.0,0.0,0.0,0.0,0.0,0.0
manhattan8x8_100pc__balanced__high__seed2__mp_downstream_b04,manhattan8x8_100pc,manhattan8x8_100pc,high,5600,0.0,3600.0,balanced,2,mp_downstream_b04,mp,--downstream-penalty --downstream-beta 0.4 --downstream-alpha 0.30,human_light,/home/jakubhomoncik/sumo-traffic-control/logs/ablation/runs/run_0028_20260612_131724/populations/manhattan8x8_100pc_balanced_high_seed2.yaml,ok,595.875,/home/jakubhomoncik/sumo-traffic-control/logs/ablation/runs/run_0028_20260612_131724/runs/manhattan8x8_100pc__balanced__high__seed2__mp_downstream_b04/vehicle_metrics.csv,5600,34.008393,71.0,155.626607,264.0,72.424939,7.42278,463.356576,149.678921,5600,5600,0,0.0,12655.0,1.0,0.0,0.0,0.0,0.0,0.0,0.0,0.0,0.0,0.0,0.0,0.0,0.0,0.0,0.0,0.0,0.0,0.0,0.0,0.0,0.0,0.0,0.0,0.0
manhattan8x8_100pc__balanced__high__seed2__mp_spillback_on90_off80,manhattan8x8_100pc,manhattan8x8_100pc,high,5600,0.0,3600.0,balanced,2,mp_spillback_on90_off80,mp,--spillback --spillback-on 0.90 --spillback-off 0.80 --spillback-min-halts 3 --spillback-alpha 0.30,human_light,/home/jakubhomoncik/sumo-traffic-control/logs/ablation/runs/run_0028_20260612_131724/populations/manhattan8x8_100pc_balanced_high_seed2.yaml,ok,950.585,/home/jakubhomoncik/sumo-traffic-control/logs/ablation/runs/run_0028_20260612_131724/runs/manhattan8x8_100pc__balanced__high__seed2__mp_spillback_on90_off80/vehicle_metrics.csv,5600,31.527679,67.0,151.635179,252.0,68.424536,7.592431,452.990548,146.326845,5600,5600,0,0.0,10148.0,16.0,0.0,0.0,0.0,0.0,0.0,0.0,0.0,0.0,0.0,0.0,0.0,0.0,0.0,0.0,0.0,0.0,0.0,0.0,0.0,0.0,0.0,0.0,0.0
manhattan8x8_100pc__balanced__high__seed2__mp_switch_rel005,manhattan8x8_100pc,manhattan8x8_100pc,high,5600,0.0,3600.0,balanced,2,mp_switch_rel005,mp,--switch-epsilon-rel 0.05,human_light,/home/jakubhomoncik/sumo-traffic-control/logs/ablation/runs/run_0028_20260612_131724/populations/manhattan8x8_100pc_balanced_high_seed2.yaml,ok,516.177,/home/jakubhomoncik/sumo-traffic-control/logs/ablation/runs/run_0028_20260612_131724/runs/manhattan8x8_100pc__balanced__high__seed2__mp_switch_rel005/vehicle_metrics.csv,5600,31.527679,67.0,151.635179,252.0,68.424536,7.592431,452.990548,146.326845,5600,5600,0,0.0,10148.0,16.0,0.0,0.0,0.0,0.0,0.0,0.0,0.0,0.0,0.0,0.0,0.0,0.0,0.0,0.0,0.0,0.0,0.0,0.0,0.0,0.0,0.0,0.0,0.0
manhattan8x8_100pc__balanced__high__seed2__fixed_program0,manhattan8x8_100pc,manhattan8x8_100pc,high,5600,0.0,3600.0,balanced,2,fixed_program0,fixed,--fixed-program-id 0,human_light,/home/jakubhomoncik/sumo-traffic-control/logs/ablation/runs/run_0028_20260612_131724/populations/manhattan8x8_100pc_balanced_high_seed2.yaml,ok,248.013,/home/jakubhomoncik/sumo-traffic-control/logs/ablation/runs/run_0028_20260612_131724/runs/manhattan8x8_100pc__balanced__high__seed2__fixed_program0/vehicle_metrics.csv,5600,68.12,141.0,184.726964,310.05,101.502045,6.411588,475.151204,153.526405,5600,5600,0,0.0,0.0,0.0,0.0,0.0,0.0,0.0,0.0,0.0,0.0,0.0,0.0,0.0,0.0,0.0,0.0,0.0,0.0,0.0,0.0,0.0,0.0,0.0,0.0,0.0,0.0
manhattan8x8_100pc__balanced__high__seed2__mp_platoon_x4,manhattan8x8_100pc,manhattan8x8_100pc,high,5600,0.0,3600.0,balanced,2,mp_platoon_x4,mp,--platoon-extension --platoon-headway-threshold 2.1 --platoon-gap-out-seconds 2.1 --platoon-max-extra-green 4.0 --platoon-guard-occ 0.90,human_light,/home/jakubhomoncik/sumo-traffic-control/logs/ablation/runs/run_0028_20260612_131724/populations/manhattan8x8_100pc_balanced_high_seed2.yaml,ok,833.519,/home/jakubhomoncik/sumo-traffic-control/logs/ablation/runs/run_0028_20260612_131724/runs/manhattan8x8_100pc__balanced__high__seed2__mp_platoon_x4/vehicle_metrics.csv,5600,31.897679,66.0,152.071429,254.0,68.862043,7.580553,453.232863,146.406741,5600,5600,0,0.0,10132.0,20.0,0.0,0.0,0.0,0.0,307.0,0.0,0.0,0.0,0.0,0.0,0.0,0.0,0.0,0.0,0.0,0.0,0.0,0.0,0.0,0.0,0.0,0.0,0.0
manhattan8x8_100pc__balanced__high__seed3__mp_nmin_a080_f2,manhattan8x8_100pc,manhattan8x8_100pc,high,5600,0.0,3600.0,balanced,3,mp_nmin_a080_f2,mp,--nmin-dynamic --lost-time-sat-flow 0.50 --nmin-alpha 0.80 --nmin-floor 2 --nmin-min-green 4.0 --nmin-demand-gain 0.25 --nmin-empty-release-seconds 1.0,human_light,/home/jakubhomoncik/sumo-traffic-control/logs/ablation/runs/run_0028_20260612_131724/populations/manhattan8x8_100pc_balanced_high_seed3.yaml,ok,500.076,/home/jakubhomoncik/sumo-traffic-control/logs/ablation/runs/run_0028_20260612_131724/runs/manhattan8x8_100pc__balanced__high__seed3__mp_nmin_a080_f2/vehicle_metrics.csv,5600,32.305714,66.0,155.533571,258.0,72.446521,7.408059,453.727025,146.593531,5600,5600,0,0.0,13183.0,19.0,27.0,0.0,0.0,0.0,0.0,0.0,0.0,0.0,0.0,0.0,0.0,0.0,0.0,0.0,0.0,0.0,0.0,0.0,0.0,0.0,0.0,0.0,0.0
manhattan8x8_100pc__balanced__high__seed3__mp_base,manhattan8x8_100pc,manhattan8x8_100pc,high,5600,0.0,3600.0,balanced,3,mp_base,mp,,human_light,/home/jakubhomoncik/sumo-traffic-control/logs/ablation/runs/run_0028_20260612_131724/populations/manhattan8x8_100pc_balanced_high_seed3.yaml,ok,512.876,/home/jakubhomoncik/sumo-traffic-control/logs/ablation/runs/run_0028_20260612_131724/runs/manhattan8x8_100pc__balanced__high__seed3__mp_base/vehicle_metrics.csv,5600,32.39375,67.0,152.816964,254.05,69.687868,7.544717,445.114185,143.808756,5600,5600,0,0.0,10225.0,20.0,0.0,0.0,0.0,0.0,0.0,0.0,0.0,0.0,0.0,0.0,0.0,0.0,0.0,0.0,0.0,0.0,0.0,0.0,0.0,0.0,0.0,0.0,0.0
manhattan8x8_100pc__balanced__high__seed3__mp_lta_g060_sf050,manhattan8x8_100pc,manhattan8x8_100pc,high,5600,0.0,3600.0,balanced,3,mp_lta_g060_sf050,mp,--lost-time-aware --lost-time-sat-flow 0.50 --lost-time-gain 0.60,human_light,/home/jakubhomoncik/sumo-traffic-control/logs/ablation/runs/run_0028_20260612_131724/populations/manhattan8x8_100pc_balanced_high_seed3.yaml,ok,530.729,/home/jakubhomoncik/sumo-traffic-control/logs/ablation/runs/run_0028_20260612_131724/runs/manhattan8x8_100pc__balanced__high__seed3__mp_lta_g060_sf050/vehicle_metrics.csv,5600,32.84,71.0,152.409464,256.0,69.2765,7.566914,439.560287,142.016932,5600,5600,0,0.0,9094.0,96.0,0.0,0.0,0.0,0.0,0.0,0.0,0.0,0.0,0.0,0.0,0.0,0.0,0.0,0.0,0.0,0.0,0.0,0.0,0.0,0.0,0.0,0.0,0.0
manhattan8x8_100pc__balanced__high__seed3__mp_fair_mu5_w20,manhattan8x8_100pc,manhattan8x8_100pc,high,5600,0.0,3600.0,balanced,3,mp_fair_mu5_w20,mp,--fairness --fairness-mu 5.0 --fairness-w-half 20.0,human_light,/home/jakubhomoncik/sumo-traffic-control/logs/ablation/runs/run_0028_20260612_131724/populations/manhattan8x8_100pc_balanced_high_seed3.yaml,ok,521.881,/home/jakubhomoncik/sumo-traffic-control/logs/ablation/runs/run_0028_20260612_131724/runs/manhattan8x8_100pc__balanced__high__seed3__mp_fair_mu5_w20/vehicle_metrics.csv,5600,31.786786,66.0,151.953214,251.0,68.819646,7.567252,444.167864,143.500828,5600,5600,0,0.0,10207.0,18.0,0.0,0.0,0.0,0.0,0.0,9590.0,8424.443072,0.0,0.0,0.0,0.0,0.0,0.0,0.0,0.0,0.0,0.0,0.0,0.0,0.0,0.0,0.0,0.0
manhattan8x8_100pc__balanced__high__seed3__mp_downstream_b04,manhattan8x8_100pc,manhattan8x8_100pc,high,5600,0.0,3600.0,balanced,3,mp_downstream_b04,mp,--downstream-penalty --downstream-beta 0.4 --downstream-alpha 0.30,human_light,/home/jakubhomoncik/sumo-traffic-control/logs/ablation/runs/run_0028_20260612_131724/populations/manhattan8x8_100pc_balanced_high_seed3.yaml,ok,605.68,/home/jakubhomoncik/sumo-traffic-control/logs/ablation/runs/run_0028_20260612_131724/runs/manhattan8x8_100pc__balanced__high__seed3__mp_downstream_b04/vehicle_metrics.csv,5600,34.9875,72.0,157.138214,264.0,74.012743,7.341972,456.747359,147.568781,5600,5600,0,0.0,12672.0,1.0,0.0,0.0,0.0,0.0,0.0,0.0,0.0,0.0,0.0,0.0,0.0,0.0,0.0,0.0,0.0,0.0,0.0,0.0,0.0,0.0,0.0,0.0,0.0
manhattan8x8_100pc__balanced__high__seed3__mp_spillback_on90_off80,manhattan8x8_100pc,manhattan8x8_100pc,high,5600,0.0,3600.0,balanced,3,mp_spillback_on90_off80,mp,--spillback --spillback-on 0.90 --spillback-off 0.80 --spillback-min-halts 3 --spillback-alpha 0.30,human_light,/home/jakubhomoncik/sumo-traffic-control/logs/ablation/runs/run_0028_20260612_131724/populations/manhattan8x8_100pc_balanced_high_seed3.yaml,ok,955.745,/home/jakubhomoncik/sumo-traffic-control/logs/ablation/runs/run_0028_20260612_131724/runs/manhattan8x8_100pc__balanced__high__seed3__mp_spillback_on90_off80/vehicle_metrics.csv,5600,32.39375,67.0,152.816964,254.05,69.687868,7.544717,445.114185,143.808756,5600,5600,0,0.0,10225.0,20.0,0.0,0.0,0.0,0.0,0.0,0.0,0.0,0.0,0.0,0.0,0.0,0.0,0.0,0.0,0.0,0.0,0.0,0.0,0.0,0.0,0.0,0.0,0.0
manhattan8x8_100pc__balanced__high__seed3__mp_switch_rel005,manhattan8x8_100pc,manhattan8x8_100pc,high,5600,0.0,3600.0,balanced,3,mp_switch_rel005,mp,--switch-epsilon-rel 0.05,human_light,/home/jakubhomoncik/sumo-traffic-control/logs/ablation/runs/run_0028_20260612_131724/populations/manhattan8x8_100pc_balanced_high_seed3.yaml,ok,516.0,/home/jakubhomoncik/sumo-traffic-control/logs/ablation/runs/run_0028_20260612_131724/runs/manhattan8x8_100pc__balanced__high__seed3__mp_switch_rel005/vehicle_metrics.csv,5600,32.39375,67.0,152.816964,254.05,69.687868,7.544717,445.114185,143.808756,5600,5600,0,0.0,10225.0,20.0,0.0,0.0,0.0,0.0,0.0,0.0,0.0,0.0,0.0,0.0,0.0,0.0,0.0,0.0,0.0,0.0,0.0,0.0,0.0,0.0,0.0,0.0,0.0
manhattan8x8_100pc__balanced__high__seed3__fixed_program0,manhattan8x8_100pc,manhattan8x8_100pc,high,5600,0.0,3600.0,balanced,3,fixed_program0,fixed,--fixed-program-id 0,human_light,/home/jakubhomoncik/sumo-traffic-control/logs/ablation/runs/run_0028_20260612_131724/populations/manhattan8x8_100pc_balanced_high_seed3.yaml,ok,246.899,/home/jakubhomoncik/sumo-traffic-control/logs/ablation/runs/run_0028_20260612_131724/runs/manhattan8x8_100pc__balanced__high__seed3__fixed_program0/vehicle_metrics.csv,5600,67.929286,143.0,184.301607,310.0,101.163036,6.42119,464.274759,150.038435,5600,5600,0,0.0,0.0,0.0,0.0,0.0,0.0,0.0,0.0,0.0,0.0,0.0,0.0,0.0,0.0,0.0,0.0,0.0,0.0,0.0,0.0,0.0,0.0,0.0,0.0,0.0,0.0
manhattan8x8_100pc__balanced__high__seed3__mp_platoon_x4,manhattan8x8_100pc,manhattan8x8_100pc,high,5600,0.0,3600.0,balanced,3,mp_platoon_x4,mp,--platoon-extension --platoon-headway-threshold 2.1 --platoon-gap-out-seconds 2.1 --platoon-max-extra-green 4.0 --platoon-guard-occ 0.90,human_light,/home/jakubhomoncik/sumo-traffic-control/logs/ablation/runs/run_0028_20260612_131724/populations/manhattan8x8_100pc_balanced_high_seed3.yaml,ok,827.177,/home/jakubhomoncik/sumo-traffic-control/logs/ablation/runs/run_0028_20260612_131724/runs/manhattan8x8_100pc__balanced__high__seed3__mp_platoon_x4/vehicle_metrics.csv,5600,31.977143,67.0,152.265179,253.0,69.135125,7.554394,444.767626,143.695016,5600,5600,0,0.0,10206.0,31.0,0.0,0.0,0.0,0.0,253.0,0.0,0.0,0.0,0.0,0.0,0.0,0.0,0.0,0.0,0.0,0.0,0.0,0.0,0.0,0.0,0.0,0.0,0.0
manhattan8x8_100pc__balanced__high__seed4__mp_nmin_a080_f2,manhattan8x8_100pc,manhattan8x8_100pc,high,5600,0.0,3600.0,balanced,4,mp_nmin_a080_f2,mp,--nmin-dynamic --lost-time-sat-flow 0.50 --nmin-alpha 0.80 --nmin-floor 2 --nmin-min-green 4.0 --nmin-demand-gain 0.25 --nmin-empty-release-seconds 1.0,human_light,/home/jakubhomoncik/sumo-traffic-control/logs/ablation/runs/run_0028_20260612_131724/populations/manhattan8x8_100pc_balanced_high_seed4.yaml,ok,502.947,/home/jakubhomoncik/sumo-traffic-control/logs/ablation/runs/run_0028_20260612_131724/runs/manhattan8x8_100pc__balanced__high__seed4__mp_nmin_a080_f2/vehicle_metrics.csv,5600,31.84,65.0,154.5225,255.0,71.59647,7.458278,462.907987,149.537086,5600,5600,0,0.0,13081.0,18.0,21.0,0.0,0.0,0.0,0.0,0.0,0.0,0.0,0.0,0.0,0.0,0.0,0.0,0.0,0.0,0.0,0.0,0.0,0.0,0.0,0.0,0.0,0.0
manhattan8x8_100pc__balanced__high__seed4__mp_base,manhattan8x8_100pc,manhattan8x8_100pc,high,5600,0.0,3600.0,balanced,4,mp_base,mp,,human_light,/home/jakubhomoncik/sumo-traffic-control/logs/ablation/runs/run_0028_20260612_131724/populations/manhattan8x8_100pc_balanced_high_seed4.yaml,ok,517.028,/home/jakubhomoncik/sumo-traffic-control/logs/ablation/runs/run_0028_20260612_131724/runs/manhattan8x8_100pc__balanced__high__seed4__mp_base/vehicle_metrics.csv,5600,32.064464,67.0,152.080179,251.0,69.109748,7.551743,451.130574,145.735425,5600,5600,0,0.0,10150.0,12.0,0.0,0.0,0.0,0.0,0.0,0.0,0.0,0.0,0.0,0.0,0.0,0.0,0.0,0.0,0.0,0.0,0.0,0.0,0.0,0.0,0.0,0.0,0.0
manhattan8x8_100pc__balanced__high__seed4__mp_lta_g060_sf050,manhattan8x8_100pc,manhattan8x8_100pc,high,5600,0.0,3600.0,balanced,4,mp_lta_g060_sf050,mp,--lost-time-aware --lost-time-sat-flow 0.50 --lost-time-gain 0.60,human_light,/home/jakubhomoncik/sumo-traffic-control/logs/ablation/runs/run_0028_20260612_131724/populations/manhattan8x8_100pc_balanced_high_seed4.yaml,ok,530.393,/home/jakubhomoncik/sumo-traffic-control/logs/ablation/runs/run_0028_20260612_131724/runs/manhattan8x8_100pc__balanced__high__seed4__mp_lta_g060_sf050/vehicle_metrics.csv,5600,32.965536,70.0,152.331964,253.0,69.363718,7.562408,447.882235,144.688036,5600,5600,0,0.0,9071.0,91.0,0.0,0.0,0.0,0.0,0.0,0.0,0.0,0.0,0.0,0.0,0.0,0.0,0.0,0.0,0.0,0.0,0.0,0.0,0.0,0.0,0.0,0.0,0.0
manhattan8x8_100pc__balanced__high__seed4__mp_fair_mu5_w20,manhattan8x8_100pc,manhattan8x8_100pc,high,5600,0.0,3600.0,balanced,4,mp_fair_mu5_w20,mp,--fairness --fairness-mu 5.0 --fairness-w-half 20.0,human_light,/home/jakubhomoncik/sumo-traffic-control/logs/ablation/runs/run_0028_20260612_131724/populations/manhattan8x8_100pc_balanced_high_seed4.yaml,ok,527.744,/home/jakubhomoncik/sumo-traffic-control/logs/ablation/runs/run_0028_20260612_131724/runs/manhattan8x8_100pc__balanced__high__seed4__mp_fair_mu5_w20/vehicle_metrics.csv,5600,31.86125,65.0,151.936964,251.0,68.979538,7.56658,452.505098,146.176198,5600,5600,0,0.0,10189.0,12.0,0.0,0.0,0.0,0.0,0.0,9527.0,8329.579339,0.0,0.0,0.0,0.0,0.0,0.0,0.0,0.0,0.0,0.0,0.0,0.0,0.0,0.0,0.0,0.0
manhattan8x8_100pc__balanced__high__seed4__mp_downstream_b04,manhattan8x8_100pc,manhattan8x8_100pc,high,5600,0.0,3600.0,balanced,4,mp_downstream_b04,mp,--downstream-penalty --downstream-beta 0.4 --downstream-alpha 0.30,human_light,/home/jakubhomoncik/sumo-traffic-control/logs/ablation/runs/run_0028_20260612_131724/populations/manhattan8x8_100pc_balanced_high_seed4.yaml,ok,604.019,/home/jakubhomoncik/sumo-traffic-control/logs/ablation/runs/run_0028_20260612_131724/runs/manhattan8x8_100pc__balanced__high__seed4__mp_downstream_b04/vehicle_metrics.csv,5600,34.3225,71.0,155.969286,261.0,73.013312,7.373216,462.524733,149.416425,5600,5600,0,0.0,12625.0,4.0,0.0,0.0,0.0,0.0,0.0,0.0,0.0,0.0,0.0,0.0,0.0,0.0,0.0,0.0,0.0,0.0,0.0,0.0,0.0,0.0,0.0,0.0,0.0
manhattan8x8_100pc__balanced__high__seed4__mp_spillback_on90_off80,manhattan8x8_100pc,manhattan8x8_100pc,high,5600,0.0,3600.0,balanced,4,mp_spillback_on90_off80,mp,--spillback --spillback-on 0.90 --spillback-off 0.80 --spillback-min-halts 3 --spillback-alpha 0.30,human_light,/home/jakubhomoncik/sumo-traffic-control/logs/ablation/runs/run_0028_20260612_131724/populations/manhattan8x8_100pc_balanced_high_seed4.yaml,ok,945.703,/home/jakubhomoncik/sumo-traffic-control/logs/ablation/runs/run_0028_20260612_131724/runs/manhattan8x8_100pc__balanced__high__seed4__mp_spillback_on90_off80/vehicle_metrics.csv,5600,32.064464,67.0,152.080179,251.0,69.109748,7.551743,451.130574,145.735425,5600,5600,0,0.0,10150.0,12.0,0.0,0.0,0.0,0.0,0.0,0.0,0.0,0.0,0.0,0.0,0.0,0.0,0.0,0.0,0.0,0.0,0.0,0.0,0.0,0.0,0.0,0.0,0.0
manhattan8x8_100pc__balanced__high__seed4__mp_switch_rel005,manhattan8x8_100pc,manhattan8x8_100pc,high,5600,0.0,3600.0,balanced,4,mp_switch_rel005,mp,--switch-epsilon-rel 0.05,human_light,/home/jakubhomoncik/sumo-traffic-control/logs/ablation/runs/run_0028_20260612_131724/populations/manhattan8x8_100pc_balanced_high_seed4.yaml,ok,513.054,/home/jakubhomoncik/sumo-traffic-control/logs/ablation/runs/run_0028_20260612_131724/runs/manhattan8x8_100pc__balanced__high__seed4__mp_switch_rel005/vehicle_metrics.csv,5600,32.064464,67.0,152.080179,251.0,69.109748,7.551743,451.130574,145.735425,5600,5600,0,0.0,10150.0,12.0,0.0,0.0,0.0,0.0,0.0,0.0,0.0,0.0,0.0,0.0,0.0,0.0,0.0,0.0,0.0,0.0,0.0,0.0,0.0,0.0,0.0,0.0,0.0
manhattan8x8_100pc__balanced__high__seed4__fixed_program0,manhattan8x8_100pc,manhattan8x8_100pc,high,5600,0.0,3600.0,balanced,4,fixed_program0,fixed,--fixed-program-id 0,human_light,/home/jakubhomoncik/sumo-traffic-control/logs/ablation/runs/run_0028_20260612_131724/populations/manhattan8x8_100pc_balanced_high_seed4.yaml,ok,240.745,/home/jakubhomoncik/sumo-traffic-control/logs/ablation/runs/run_0028_20260612_131724/runs/manhattan8x8_100pc__balanced__high__seed4__fixed_program0/vehicle_metrics.csv,5600,66.944286,138.0,182.745536,304.0,99.768652,6.475054,471.557399,152.367726,5600,5600,0,0.0,0.0,0.0,0.0,0.0,0.0,0.0,0.0,0.0,0.0,0.0,0.0,0.0,0.0,0.0,0.0,0.0,0.0,0.0,0.0,0.0,0.0,0.0,0.0,0.0,0.0
manhattan8x8_100pc__balanced__high__seed4__mp_platoon_x4,manhattan8x8_100pc,manhattan8x8_100pc,high,5600,0.0,3600.0,balanced,4,mp_platoon_x4,mp,--platoon-extension --platoon-headway-threshold 2.1 --platoon-gap-out-seconds 2.1 --platoon-max-extra-green 4.0 --platoon-guard-occ 0.90,human_light,/home/jakubhomoncik/sumo-traffic-control/logs/ablation/runs/run_0028_20260612_131724/populations/manhattan8x8_100pc_balanced_high_seed4.yaml,ok,823.268,/home/jakubhomoncik/sumo-traffic-control/logs/ablation/runs/run_0028_20260612_131724/runs/manhattan8x8_100pc__balanced__high__seed4__mp_platoon_x4/vehicle_metrics.csv,5600,31.440536,66.0,151.277679,251.0,68.316027,7.59682,450.119115,145.406887,5600,5600,0,0.0,10097.0,18.0,0.0,0.0,0.0,0.0,294.0,0.0,0.0,0.0,0.0,0.0,0.0,0.0,0.0,0.0,0.0,0.0,0.0,0.0,0.0,0.0,0.0,0.0,0.0
manhattan8x8_100pc__balanced__high__seed5__mp_nmin_a080_f2,manhattan8x8_100pc,manhattan8x8_100pc,high,5600,0.0,3600.0,balanced,5,mp_nmin_a080_f2,mp,--nmin-dynamic --lost-time-sat-flow 0.50 --nmin-alpha 0.80 --nmin-floor 2 --nmin-min-green 4.0 --nmin-demand-gain 0.25 --nmin-empty-release-seconds 1.0,human_light,/home/jakubhomoncik/sumo-traffic-control/logs/ablation/runs/run_0028_20260612_131724/populations/manhattan8x8_100pc_balanced_high_seed5.yaml,ok,500.29,/home/jakubhomoncik/sumo-traffic-control/logs/ablation/runs/run_0028_20260612_131724/runs/manhattan8x8_100pc__balanced__high__seed5__mp_nmin_a080_f2/vehicle_metrics.csv,5600,31.503393,63.0,154.321071,254.0,71.026779,7.478447,458.867901,148.238173,5600,5600,0,0.0,13030.0,18.0,22.0,0.0,0.0,0.0,0.0,0.0,0.0,0.0,0.0,0.0,0.0,0.0,0.0,0.0,0.0,0.0,0.0,0.0,0.0,0.0,0.0,0.0,0.0
manhattan8x8_100pc__balanced__high__seed5__mp_base,manhattan8x8_100pc,manhattan8x8_100pc,high,5600,0.0,3600.0,balanced,5,mp_base,mp,,human_light,/home/jakubhomoncik/sumo-traffic-control/logs/ablation/runs/run_0028_20260612_131724/populations/manhattan8x8_100pc_balanced_high_seed5.yaml,ok,513.197,/home/jakubhomoncik/sumo-traffic-control/logs/ablation/runs/run_0028_20260612_131724/runs/manhattan8x8_100pc__balanced__high__seed5__mp_base/vehicle_metrics.csv,5600,32.110179,67.0,152.634821,252.0,69.304704,7.559102,450.711487,145.603022,5600,5600,0,0.0,10215.0,22.0,0.0,0.0,0.0,0.0,0.0,0.0,0.0,0.0,0.0,0.0,0.0,0.0,0.0,0.0,0.0,0.0,0.0,0.0,0.0,0.0,0.0,0.0,0.0
manhattan8x8_100pc__balanced__high__seed5__mp_lta_g060_sf050,manhattan8x8_100pc,manhattan8x8_100pc,high,5600,0.0,3600.0,balanced,5,mp_lta_g060_sf050,mp,--lost-time-aware --lost-time-sat-flow 0.50 --lost-time-gain 0.60,human_light,/home/jakubhomoncik/sumo-traffic-control/logs/ablation/runs/run_0028_20260612_131724/populations/manhattan8x8_100pc_balanced_high_seed5.yaml,ok,538.681,/home/jakubhomoncik/sumo-traffic-control/logs/ablation/runs/run_0028_20260612_131724/runs/manhattan8x8_100pc__balanced__high__seed5__mp_lta_g060_sf050/vehicle_metrics.csv,5600,32.800536,71.0,152.62375,252.0,69.282518,7.570363,447.770092,144.654443,5600,5600,0,0.0,9173.0,85.0,0.0,0.0,0.0,0.0,0.0,0.0,0.0,0.0,0.0,0.0,0.0,0.0,0.0,0.0,0.0,0.0,0.0,0.0,0.0,0.0,0.0,0.0,0.0
manhattan8x8_100pc__balanced__high__seed5__mp_fair_mu5_w20,manhattan8x8_100pc,manhattan8x8_100pc,high,5600,0.0,3600.0,balanced,5,mp_fair_mu5_w20,mp,--fairness --fairness-mu 5.0 --fairness-w-half 20.0,human_light,/home/jakubhomoncik/sumo-traffic-control/logs/ablation/runs/run_0028_20260612_131724/populations/manhattan8x8_100pc_balanced_high_seed5.yaml,ok,526.699,/home/jakubhomoncik/sumo-traffic-control/logs/ablation/runs/run_0028_20260612_131724/runs/manhattan8x8_100pc__balanced__high__seed5__mp_fair_mu5_w20/vehicle_metrics.csv,5600,31.910536,66.0,152.325893,252.0,68.996345,7.570422,449.955257,145.358974,5600,5600,0,0.0,10203.0,24.0,0.0,0.0,0.0,0.0,0.0,9540.0,8384.005763,0.0,0.0,0.0,0.0,0.0,0.0,0.0,0.0,0.0,0.0,0.0,0.0,0.0,0.0,0.0,0.0
manhattan8x8_100pc__balanced__high__seed5__mp_downstream_b04,manhattan8x8_100pc,manhattan8x8_100pc,high,5600,0.0,3600.0,balanced,5,mp_downstream_b04,mp,--downstream-penalty --downstream-beta 0.4 --downstream-alpha 0.30,human_light,/home/jakubhomoncik/sumo-traffic-control/logs/ablation/runs/run_0028_20260612_131724/populations/manhattan8x8_100pc_balanced_high_seed5.yaml,ok,607.095,/home/jakubhomoncik/sumo-traffic-control/logs/ablation/runs/run_0028_20260612_131724/runs/manhattan8x8_100pc__balanced__high__seed5__mp_downstream_b04/vehicle_metrics.csv,5600,34.660714,71.0,156.580536,263.0,73.251886,7.370585,459.837846,148.556523,5600,5600,0,0.0,12708.0,5.0,0.0,0.0,0.0,0.0,0.0,0.0,0.0,0.0,0.0,0.0,0.0,0.0,0.0,0.0,0.0,0.0,0.0,0.0,0.0,0.0,0.0,0.0,0.0
manhattan8x8_100pc__balanced__high__seed5__mp_spillback_on90_off80,manhattan8x8_100pc,manhattan8x8_100pc,high,5600,0.0,3600.0,balanced,5,mp_spillback_on90_off80,mp,--spillback --spillback-on 0.90 --spillback-off 0.80 --spillback-min-halts 3 --spillback-alpha 0.30,human_light,/home/jakubhomoncik/sumo-traffic-control/logs/ablation/runs/run_0028_20260612_131724/populations/manhattan8x8_100pc_balanced_high_seed5.yaml,ok,955.947,/home/jakubhomoncik/sumo-traffic-control/logs/ablation/runs/run_0028_20260612_131724/runs/manhattan8x8_100pc__balanced__high__seed5__mp_spillback_on90_off80/vehicle_metrics.csv,5600,32.110179,67.0,152.634821,252.0,69.304704,7.559102,450.711487,145.603022,5600,5600,0,0.0,10215.0,22.0,0.0,0.0,0.0,0.0,0.0,0.0,0.0,0.0,0.0,0.0,0.0,0.0,0.0,0.0,0.0,0.0,0.0,0.0,0.0,0.0,0.0,0.0,0.0
manhattan8x8_100pc__balanced__high__seed5__mp_switch_rel005,manhattan8x8_100pc,manhattan8x8_100pc,high,5600,0.0,3600.0,balanced,5,mp_switch_rel005,mp,--switch-epsilon-rel 0.05,human_light,/home/jakubhomoncik/sumo-traffic-control/logs/ablation/runs/run_0028_20260612_131724/populations/manhattan8x8_100pc_balanced_high_seed5.yaml,ok,506.234,/home/jakubhomoncik/sumo-traffic-control/logs/ablation/runs/run_0028_20260612_131724/runs/manhattan8x8_100pc__balanced__high__seed5__mp_switch_rel005/vehicle_metrics.csv,5600,32.110179,67.0,152.634821,252.0,69.304704,7.559102,450.711487,145.603022,5600,5600,0,0.0,10215.0,22.0,0.0,0.0,0.0,0.0,0.0,0.0,0.0,0.0,0.0,0.0,0.0,0.0,0.0,0.0,0.0,0.0,0.0,0.0,0.0,0.0,0.0,0.0,0.0
manhattan8x8_100pc__balanced__high__seed5__fixed_program0,manhattan8x8_100pc,manhattan8x8_100pc,high,5600,0.0,3600.0,balanced,5,fixed_program0,fixed,--fixed-program-id 0,human_light,/home/jakubhomoncik/sumo-traffic-control/logs/ablation/runs/run_0028_20260612_131724/populations/manhattan8x8_100pc_balanced_high_seed5.yaml,ok,245.974,/home/jakubhomoncik/sumo-traffic-control/logs/ablation/runs/run_0028_20260612_131724/runs/manhattan8x8_100pc__balanced__high__seed5__fixed_program0/vehicle_metrics.csv,5600,67.919286,140.0,184.716607,308.0,101.364661,6.408521,473.724743,153.072239,5600,5600,0,0.0,0.0,0.0,0.0,0.0,0.0,0.0,0.0,0.0,0.0,0.0,0.0,0.0,0.0,0.0,0.0,0.0,0.0,0.0,0.0,0.0,0.0,0.0,0.0,0.0,0.0
manhattan8x8_100pc__balanced__high__seed5__mp_platoon_x4,manhattan8x8_100pc,manhattan8x8_100pc,high,5600,0.0,3600.0,balanced,5,mp_platoon_x4,mp,--platoon-extension --platoon-headway-threshold 2.1 --platoon-gap-out-seconds 2.1 --platoon-max-extra-green 4.0 --platoon-guard-occ 0.90,human_light,/home/jakubhomoncik/sumo-traffic-control/logs/ablation/runs/run_0028_20260612_131724/populations/manhattan8x8_100pc_balanced_high_seed5.yaml,ok,830.814,/home/jakubhomoncik/sumo-traffic-control/logs/ablation/runs/run_0028_20260612_131724/runs/manhattan8x8_100pc__balanced__high__seed5__mp_platoon_x4/vehicle_metrics.csv,5600,32.362321,68.0,152.986786,255.0,69.650596,7.539887,451.125275,145.738348,5600,5600,0,0.0,10194.0,25.0,0.0,0.0,0.0,0.0,330.0,0.0,0.0,0.0,0.0,0.0,0.0,0.0,0.0,0.0,0.0,0.0,0.0,0.0,0.0,0.0,0.0,0.0,0.0
