run_id,map,effective_map,demand,demand_vehicles,demand_start_time,demand_end_time,population_set,pop_seed,scenario,controller,flags,driver_profile,population_file,status,wall_seconds,log_file,vehicles_count,mean_wait_s,p95_wait_s,mean_travel_s,p95_travel_s,mean_time_loss_s,mean_speed_mps,mean_co2_g,mean_fuel_g,planned_trips,completed_trips,unfinished_trips,censoring_rate,mp_switch_margin_count,mp_switch_max_green_count,mp_nmin_hold_step_count,mp_spillback_block_event_count,mp_spillback_release_event_count,mp_spillback_block_step_count,mp_platoon_extend_step_count,mp_fairness_positive_bonus_count,mp_fairness_bonus_sum
bologna__balanced__low__seed1__mp_program0,bologna,bologna,low,1500,0.0,3600.0,balanced,1,mp_program0,mp,--program0-hybrid --program0-load-ref 3.5 --program0-enter-mp-load 0.60 --program0-exit-fixed-load 0.40 --program0-mode-streak 4,human_light,/home/lugozzi/Desktop/tirocinio/Codice/sumo-traffic-control/logs/ablation/runs/run_0023_20260526_151234/populations/bologna_balanced_low_seed1.yaml,ok,155.427,/home/lugozzi/Desktop/tirocinio/Codice/sumo-traffic-control/logs/ablation/runs/run_0023_20260526_151234/runs/bologna__balanced__low__seed1__mp_program0/vehicle_metrics.csv,1500,194.095333,464.35,463.247333,919.1,293.61246,8.636784,-13330.155055,-14482.438033,1500,1500,0,0.0,13.0,0.0,0.0,0.0,0.0,0.0,0.0,0.0,0.0
bologna__balanced__low__seed1__mp_fair_mu5_w20,bologna,bologna,low,1500,0.0,3600.0,balanced,1,mp_fair_mu5_w20,mp,--fairness --fairness-mu 5.0 --fairness-w-half 20.0,human_light,/home/lugozzi/Desktop/tirocinio/Codice/sumo-traffic-control/logs/ablation/runs/run_0023_20260526_151234/populations/bologna_balanced_low_seed1.yaml,ok,248.689,/home/lugozzi/Desktop/tirocinio/Codice/sumo-traffic-control/logs/ablation/runs/run_0023_20260526_151234/runs/bologna__balanced__low__seed1__mp_fair_mu5_w20/vehicle_metrics.csv,1500,336.199333,1295.35,597.088667,1683.05,426.45488,9.006202,-1195728.480331,-1196981.803376,1500,1500,0,0.0,3983.0,1066.0,0.0,0.0,0.0,0.0,0.0,6982.0,10946.57593
bologna__balanced__low__seed1__mp_lta_g040_sf050,bologna,bologna,low,1500,0.0,3600.0,balanced,1,mp_lta_g040_sf050,mp,--lost-time-aware --lost-time-sat-flow 0.50 --lost-time-gain 0.40,human_light,/home/lugozzi/Desktop/tirocinio/Codice/sumo-traffic-control/logs/ablation/runs/run_0023_20260526_151234/populations/bologna_balanced_low_seed1.yaml,ok,254.065,/home/lugozzi/Desktop/tirocinio/Codice/sumo-traffic-control/logs/ablation/runs/run_0023_20260526_151234/runs/bologna__balanced__low__seed1__mp_lta_g040_sf050/vehicle_metrics.csv,1500,394.223333,1556.15,660.511333,2003.3,488.321967,8.547685,-2994535.062143,-2995834.918132,1500,1500,0,0.0,2690.0,1516.0,0.0,0.0,0.0,0.0,0.0,0.0,0.0
bologna__balanced__low__seed1__mp_fair_mu3_w30,bologna,bologna,low,1500,0.0,3600.0,balanced,1,mp_fair_mu3_w30,mp,--fairness --fairness-mu 3.0 --fairness-w-half 30.0,human_light,/home/lugozzi/Desktop/tirocinio/Codice/sumo-traffic-control/logs/ablation/runs/run_0023_20260526_151234/populations/bologna_balanced_low_seed1.yaml,ok,261.186,/home/lugozzi/Desktop/tirocinio/Codice/sumo-traffic-control/logs/ablation/runs/run_0023_20260526_151234/runs/bologna__balanced__low__seed1__mp_fair_mu3_w30/vehicle_metrics.csv,1500,380.382,1537.15,644.054667,1886.55,472.653773,8.91756,-2097600.453455,-2098901.90966,1500,1500,0,0.0,3930.0,1088.0,0.0,0.0,0.0,0.0,0.0,9047.0,9658.96235
bologna__balanced__low__seed1__mp_switch_eps1,bologna,bologna,low,1500,0.0,3600.0,balanced,1,mp_switch_eps1,mp,--switch-epsilon 1.0,human_light,/home/lugozzi/Desktop/tirocinio/Codice/sumo-traffic-control/logs/ablation/runs/run_0023_20260526_151234/populations/bologna_balanced_low_seed1.yaml,ok,272.917,/home/lugozzi/Desktop/tirocinio/Codice/sumo-traffic-control/logs/ablation/runs/run_0023_20260526_151234/runs/bologna__balanced__low__seed1__mp_switch_eps1/vehicle_metrics.csv,1500,414.323333,1660.95,680.378667,2143.35,507.908213,8.525371,-3327369.040044,-3328686.459214,1500,1500,0,0.0,2703.0,1533.0,0.0,0.0,0.0,0.0,0.0,0.0,0.0
bologna__balanced__low__seed1__mp_nmin_a120_f4,bologna,bologna,low,1500,0.0,3600.0,balanced,1,mp_nmin_a120_f4,mp,--nmin-dynamic --lost-time-sat-flow 0.50 --nmin-alpha 1.20 --nmin-floor 4 --nmin-min-green 4.0 --nmin-demand-gain 0.40 --nmin-empty-release-seconds 1.5,human_light,/home/lugozzi/Desktop/tirocinio/Codice/sumo-traffic-control/logs/ablation/runs/run_0023_20260526_151234/populations/bologna_balanced_low_seed1.yaml,ok,279.617,/home/lugozzi/Desktop/tirocinio/Codice/sumo-traffic-control/logs/ablation/runs/run_0023_20260526_151234/runs/bologna__balanced__low__seed1__mp_nmin_a120_f4/vehicle_metrics.csv,1500,429.506,1827.25,696.121333,2310.15,523.515707,8.775174,-3494117.171756,-3495461.515517,1500,1500,0,0.0,3852.0,1108.0,5815.0,0.0,0.0,0.0,0.0,0.0,0.0
bologna__balanced__low__seed1__fixed_program0,bologna,bologna,low,1500,0.0,3600.0,balanced,1,fixed_program0,fixed,--fixed-program-id 0,human_light,/home/lugozzi/Desktop/tirocinio/Codice/sumo-traffic-control/logs/ablation/runs/run_0023_20260526_151234/populations/bologna_balanced_low_seed1.yaml,ok,32.858,/home/lugozzi/Desktop/tirocinio/Codice/sumo-traffic-control/logs/ablation/runs/run_0023_20260526_151234/runs/bologna__balanced__low__seed1__fixed_program0/vehicle_metrics.csv,1500,203.371333,492.0,475.541333,964.0,305.921973,8.479445,-9019.47185,-10182.385273,1500,1500,0,0.0,0.0,0.0,0.0,0.0,0.0,0.0,0.0,0.0,0.0
bologna__balanced__low__seed1__mp_base,bologna,bologna,low,1500,0.0,3600.0,balanced,1,mp_base,mp,,human_light,/home/lugozzi/Desktop/tirocinio/Codice/sumo-traffic-control/logs/ablation/runs/run_0023_20260526_151234/populations/bologna_balanced_low_seed1.yaml,ok,290.426,/home/lugozzi/Desktop/tirocinio/Codice/sumo-traffic-control/logs/ablation/runs/run_0023_20260526_151234/runs/bologna__balanced__low__seed1__mp_base/vehicle_metrics.csv,1497,431.402806,1650.6,696.496994,2199.2,524.323961,8.730434,-3182655.461885,-3184002.147279,1500,1497,3,0.2,3683.0,1100.0,0.0,0.0,0.0,0.0,0.0,0.0,0.0
bologna__balanced__low__seed1__mp_lta_g060_sf050,bologna,bologna,low,1500,0.0,3600.0,balanced,1,mp_lta_g060_sf050,mp,--lost-time-aware --lost-time-sat-flow 0.50 --lost-time-gain 0.60,human_light,/home/lugozzi/Desktop/tirocinio/Codice/sumo-traffic-control/logs/ablation/runs/run_0023_20260526_151234/populations/bologna_balanced_low_seed1.yaml,ok,292.457,/home/lugozzi/Desktop/tirocinio/Codice/sumo-traffic-control/logs/ablation/runs/run_0023_20260526_151234/runs/bologna__balanced__low__seed1__mp_lta_g060_sf050/vehicle_metrics.csv,1497,416.629259,1383.0,682.784235,1858.2,510.896921,8.16891,-2834104.521662,-2835425.053671,1500,1497,3,0.2,1733.0,2091.0,0.0,0.0,0.0,0.0,0.0,0.0,0.0
bologna__balanced__low__seed1__mp_nmin_a080_f2,bologna,bologna,low,1500,0.0,3600.0,balanced,1,mp_nmin_a080_f2,mp,--nmin-dynamic --lost-time-sat-flow 0.50 --nmin-alpha 0.80 --nmin-floor 2 --nmin-min-green 4.0 --nmin-demand-gain 0.25 --nmin-empty-release-seconds 1.0,human_light,/home/lugozzi/Desktop/tirocinio/Codice/sumo-traffic-control/logs/ablation/runs/run_0023_20260526_151234/populations/bologna_balanced_low_seed1.yaml,ok,296.769,/home/lugozzi/Desktop/tirocinio/Codice/sumo-traffic-control/logs/ablation/runs/run_0023_20260526_151234/runs/bologna__balanced__low__seed1__mp_nmin_a080_f2/vehicle_metrics.csv,1499,481.113409,2035.0,750.842562,2537.8,577.914103,8.639949,-3915411.634666,-3916807.728057,1500,1499,1,0.066667,3909.0,1098.0,405.0,0.0,0.0,0.0,0.0,0.0,0.0
bologna__balanced__low__seed1__fixed_tuned,bologna,bologna,low,1500,0.0,3600.0,balanced,1,fixed_tuned,fixed,--fixed-program-id 0 --fixed-main-green-seconds 30,human_light,/home/lugozzi/Desktop/tirocinio/Codice/sumo-traffic-control/logs/ablation/runs/run_0023_20260526_151234/populations/bologna_balanced_low_seed1.yaml,ok,36.499,/home/lugozzi/Desktop/tirocinio/Codice/sumo-traffic-control/logs/ablation/runs/run_0023_20260526_151234/runs/bologna__balanced__low__seed1__fixed_tuned/vehicle_metrics.csv,1500,263.068667,588.2,538.274,1036.1,368.643167,7.540757,-2469.262688,-3705.090005,1500,1500,0,0.0,0.0,0.0,0.0,0.0,0.0,0.0,0.0,0.0,0.0
bologna__balanced__low__seed1__mp_downstream_b04,bologna,bologna,low,1500,0.0,3600.0,balanced,1,mp_downstream_b04,mp,--downstream-penalty --downstream-beta 0.4 --downstream-alpha 0.30,human_light,/home/lugozzi/Desktop/tirocinio/Codice/sumo-traffic-control/logs/ablation/runs/run_0023_20260526_151234/populations/bologna_balanced_low_seed1.yaml,ok,342.846,/home/lugozzi/Desktop/tirocinio/Codice/sumo-traffic-control/logs/ablation/runs/run_0023_20260526_151234/runs/bologna__balanced__low__seed1__mp_downstream_b04/vehicle_metrics.csv,1467,562.65576,2249.3,865.653715,2902.2,696.752059,6.999557,-1275596.455925,-1277189.682811,1500,1467,33,2.2,18684.0,1238.0,0.0,0.0,0.0,0.0,0.0,0.0,0.0
bologna__balanced__low__seed1__mp_downstream_b08,bologna,bologna,low,1500,0.0,3600.0,balanced,1,mp_downstream_b08,mp,--downstream-penalty --downstream-beta 0.8 --downstream-alpha 0.30,human_light,/home/lugozzi/Desktop/tirocinio/Codice/sumo-traffic-control/logs/ablation/runs/run_0023_20260526_151234/populations/bologna_balanced_low_seed1.yaml,ok,347.073,/home/lugozzi/Desktop/tirocinio/Codice/sumo-traffic-control/logs/ablation/runs/run_0023_20260526_151234/runs/bologna__balanced__low__seed1__mp_downstream_b08/vehicle_metrics.csv,1447,568.803041,2465.4,873.177609,3126.2,705.569302,7.170297,-1472903.000554,-1474450.22754,1500,1447,53,3.533333,18918.0,1286.0,0.0,0.0,0.0,0.0,0.0,0.0,0.0
bologna__balanced__low__seed1__mp_platoon_x4,bologna,bologna,low,1500,0.0,3600.0,balanced,1,mp_platoon_x4,mp,--platoon-extension --platoon-headway-threshold 2.1 --platoon-gap-out-seconds 2.1 --platoon-max-extra-green 4.0 --platoon-guard-occ 0.90,human_light,/home/lugozzi/Desktop/tirocinio/Codice/sumo-traffic-control/logs/ablation/runs/run_0023_20260526_151234/populations/bologna_balanced_low_seed1.yaml,ok,439.898,/home/lugozzi/Desktop/tirocinio/Codice/sumo-traffic-control/logs/ablation/runs/run_0023_20260526_151234/runs/bologna__balanced__low__seed1__mp_platoon_x4/vehicle_metrics.csv,1500,433.876667,1808.9,701.862667,2261.3,529.039027,8.692371,-3743220.154253,-3744567.993826,1500,1500,0,0.0,3568.0,1107.0,0.0,0.0,0.0,0.0,203.0,0.0,0.0
bologna__balanced__low__seed1__mp_switch_rel005,bologna,bologna,low,1500,0.0,3600.0,balanced,1,mp_switch_rel005,mp,--switch-epsilon-rel 0.05,human_light,/home/lugozzi/Desktop/tirocinio/Codice/sumo-traffic-control/logs/ablation/runs/run_0023_20260526_151234/populations/bologna_balanced_low_seed1.yaml,ok,294.035,/home/lugozzi/Desktop/tirocinio/Codice/sumo-traffic-control/logs/ablation/runs/run_0023_20260526_151234/runs/bologna__balanced__low__seed1__mp_switch_rel005/vehicle_metrics.csv,1497,431.402806,1650.6,696.496994,2199.2,524.323961,8.730434,-3182655.461885,-3184002.147279,1500,1497,3,0.2,3683.0,1100.0,0.0,0.0,0.0,0.0,0.0,0.0,0.0
bologna__skewed__low__seed1__mp_program0,bologna,bologna,low,1500,0.0,3600.0,skewed,1,mp_program0,mp,--program0-hybrid --program0-load-ref 3.5 --program0-enter-mp-load 0.60 --program0-exit-fixed-load 0.40 --program0-mode-streak 4,human_light,/home/lugozzi/Desktop/tirocinio/Codice/sumo-traffic-control/logs/ablation/runs/run_0023_20260526_151234/populations/bologna_skewed_low_seed1.yaml,ok,172.191,/home/lugozzi/Desktop/tirocinio/Codice/sumo-traffic-control/logs/ablation/runs/run_0023_20260526_151234/runs/bologna__skewed__low__seed1__mp_program0/vehicle_metrics.csv,1500,276.558,610.1,632.18,1201.1,428.703513,7.815335,-21512.507044,-22940.535452,1500,1500,0,0.0,72.0,0.0,0.0,0.0,0.0,0.0,0.0,0.0,0.0
bologna__balanced__low__seed1__mp_platoon_x2,bologna,bologna,low,1500,0.0,3600.0,balanced,1,mp_platoon_x2,mp,--platoon-extension --platoon-headway-threshold 2.1 --platoon-gap-out-seconds 2.1 --platoon-max-extra-green 2.0 --platoon-guard-occ 0.90,human_light,/home/lugozzi/Desktop/tirocinio/Codice/sumo-traffic-control/logs/ablation/runs/run_0023_20260526_151234/populations/bologna_balanced_low_seed1.yaml,ok,452.906,/home/lugozzi/Desktop/tirocinio/Codice/sumo-traffic-control/logs/ablation/runs/run_0023_20260526_151234/runs/bologna__balanced__low__seed1__mp_platoon_x2/vehicle_metrics.csv,1500,402.287333,1535.75,667.564667,2041.0,495.02812,8.87232,-3424732.653188,-3426042.669478,1500,1500,0,0.0,3654.0,1100.0,0.0,0.0,0.0,0.0,172.0,0.0,0.0
bologna__balanced__low__seed1__mp_super,bologna,bologna,low,1500,0.0,3600.0,balanced,1,mp_super,mp,--super-router --super-load-ref 3.5 --super-low-load 0.40 --super-high-load 0.65 --super-imbalance-threshold 0.55 --super-platoon-threshold 0.70 --super-downstream-threshold 0.92 --super-mode-streak 4 --super-nmin-load 0.78 --super-lta-gain 0.60 --super-lta-sat-flow 0.50 --super-nmin-alpha 1.20 --super-nmin-floor 4 --super-nmin-min-green 4.0 --super-nmin-demand-gain 0.40 --super-nmin-empty-release-seconds 1.5,human_light,/home/lugozzi/Desktop/tirocinio/Codice/sumo-traffic-control/logs/ablation/runs/run_0023_20260526_151234/populations/bologna_balanced_low_seed1.yaml,ok,492.197,/home/lugozzi/Desktop/tirocinio/Codice/sumo-traffic-control/logs/ablation/runs/run_0023_20260526_151234/runs/bologna__balanced__low__seed1__mp_super/vehicle_metrics.csv,1500,197.899333,475.0,471.857333,974.25,302.23884,8.591453,-12606.360039,-13764.003592,1500,1500,0,0.0,74.0,0.0,0.0,0.0,0.0,0.0,0.0,94.0,186.3612
bologna__balanced__low__seed1__mp_spillback_on85_off70,bologna,bologna,low,1500,0.0,3600.0,balanced,1,mp_spillback_on85_off70,mp,--spillback --spillback-on 0.85 --spillback-off 0.70 --spillback-min-halts 2 --spillback-alpha 0.30,human_light,/home/lugozzi/Desktop/tirocinio/Codice/sumo-traffic-control/logs/ablation/runs/run_0023_20260526_151234/populations/bologna_balanced_low_seed1.yaml,ok,494.667,/home/lugozzi/Desktop/tirocinio/Codice/sumo-traffic-control/logs/ablation/runs/run_0023_20260526_151234/runs/bologna__balanced__low__seed1__mp_spillback_on85_off70/vehicle_metrics.csv,1500,413.572,1657.4,678.583333,2156.05,506.579367,8.749152,-2792628.125518,-2793957.430731,1500,1500,0,0.0,3677.0,1093.0,0.0,15.0,15.0,541.0,0.0,0.0,0.0
bologna__balanced__low__seed1__mp_spillback_on90_off80,bologna,bologna,low,1500,0.0,3600.0,balanced,1,mp_spillback_on90_off80,mp,--spillback --spillback-on 0.90 --spillback-off 0.80 --spillback-min-halts 3 --spillback-alpha 0.30,human_light,/home/lugozzi/Desktop/tirocinio/Codice/sumo-traffic-control/logs/ablation/runs/run_0023_20260526_151234/populations/bologna_balanced_low_seed1.yaml,ok,540.169,/home/lugozzi/Desktop/tirocinio/Codice/sumo-traffic-control/logs/ablation/runs/run_0023_20260526_151234/runs/bologna__balanced__low__seed1__mp_spillback_on90_off80/vehicle_metrics.csv,1500,431.765333,1814.35,698.232,2268.15,525.970473,8.729126,-3099684.423711,-3101036.648139,1500,1500,0,0.0,3646.0,1101.0,0.0,3.0,3.0,341.0,0.0,0.0,0.0
bologna__balanced__low__seed1__mp_switch_rel010,bologna,bologna,low,1500,0.0,3600.0,balanced,1,mp_switch_rel010,mp,--switch-epsilon-rel 0.10,human_light,/home/lugozzi/Desktop/tirocinio/Codice/sumo-traffic-control/logs/ablation/runs/run_0023_20260526_151234/populations/bologna_balanced_low_seed1.yaml,ok,297.759,/home/lugozzi/Desktop/tirocinio/Codice/sumo-traffic-control/logs/ablation/runs/run_0023_20260526_151234/runs/bologna__balanced__low__seed1__mp_switch_rel010/vehicle_metrics.csv,1496,431.835561,1705.5,696.581551,2163.5,524.290989,8.75163,-3380013.927203,-3381357.95507,1500,1496,4,0.266667,3650.0,1139.0,0.0,0.0,0.0,0.0,0.0,0.0,0.0
bologna__skewed__low__seed1__mp_base,bologna,bologna,low,1500,0.0,3600.0,skewed,1,mp_base,mp,,human_light,/home/lugozzi/Desktop/tirocinio/Codice/sumo-traffic-control/logs/ablation/runs/run_0023_20260526_151234/populations/bologna_skewed_low_seed1.yaml,ok,273.728,/home/lugozzi/Desktop/tirocinio/Codice/sumo-traffic-control/logs/ablation/runs/run_0023_20260526_151234/runs/bologna__skewed__low__seed1__mp_base/vehicle_metrics.csv,1500,672.088,2099.0,1032.998667,2591.75,827.46218,7.214164,-2511384.526244,-2513146.122376,1500,1500,0,0.0,3663.0,1137.0,0.0,0.0,0.0,0.0,0.0,0.0,0.0
bologna__skewed__low__seed1__mp_nmin_a120_f4,bologna,bologna,low,1500,0.0,3600.0,skewed,1,mp_nmin_a120_f4,mp,--nmin-dynamic --lost-time-sat-flow 0.50 --nmin-alpha 1.20 --nmin-floor 4 --nmin-min-green 4.0 --nmin-demand-gain 0.40 --nmin-empty-release-seconds 1.5,human_light,/home/lugozzi/Desktop/tirocinio/Codice/sumo-traffic-control/logs/ablation/runs/run_0023_20260526_151234/populations/bologna_skewed_low_seed1.yaml,ok,272.043,/home/lugozzi/Desktop/tirocinio/Codice/sumo-traffic-control/logs/ablation/runs/run_0023_20260526_151234/runs/bologna__skewed__low__seed1__mp_nmin_a120_f4/vehicle_metrics.csv,1500,662.572,2340.85,1029.442,2964.85,823.479953,7.489175,-2939440.781405,-2941208.347086,1500,1500,0,0.0,3949.0,1113.0,6425.0,0.0,0.0,0.0,0.0,0.0,0.0
bologna__skewed__low__seed1__mp_lta_g060_sf050,bologna,bologna,low,1500,0.0,3600.0,skewed,1,mp_lta_g060_sf050,mp,--lost-time-aware --lost-time-sat-flow 0.50 --lost-time-gain 0.60,human_light,/home/lugozzi/Desktop/tirocinio/Codice/sumo-traffic-control/logs/ablation/runs/run_0023_20260526_151234/populations/bologna_skewed_low_seed1.yaml,ok,280.626,/home/lugozzi/Desktop/tirocinio/Codice/sumo-traffic-control/logs/ablation/runs/run_0023_20260526_151234/runs/bologna__skewed__low__seed1__mp_lta_g060_sf050/vehicle_metrics.csv,1500,588.067333,1904.05,945.662667,2353.8,740.52122,7.117374,-2018301.673768,-2019980.37413,1500,1500,0,0.0,1772.0,2048.0,0.0,0.0,0.0,0.0,0.0,0.0,0.0
bologna__skewed__low__seed1__mp_nmin_a080_f2,bologna,bologna,low,1500,0.0,3600.0,skewed,1,mp_nmin_a080_f2,mp,--nmin-dynamic --lost-time-sat-flow 0.50 --nmin-alpha 0.80 --nmin-floor 2 --nmin-min-green 4.0 --nmin-demand-gain 0.25 --nmin-empty-release-seconds 1.0,human_light,/home/lugozzi/Desktop/tirocinio/Codice/sumo-traffic-control/logs/ablation/runs/run_0023_20260526_151234/populations/bologna_skewed_low_seed1.yaml,ok,289.398,/home/lugozzi/Desktop/tirocinio/Codice/sumo-traffic-control/logs/ablation/runs/run_0023_20260526_151234/runs/bologna__skewed__low__seed1__mp_nmin_a080_f2/vehicle_metrics.csv,1500,713.599333,2403.0,1078.851333,2896.3,873.44986,7.13245,-2345957.71139,-2347767.009292,1500,1500,0,0.0,4046.0,1109.0,799.0,0.0,0.0,0.0,0.0,0.0,0.0
bologna__skewed__low__seed1__mp_lta_g040_sf050,bologna,bologna,low,1500,0.0,3600.0,skewed,1,mp_lta_g040_sf050,mp,--lost-time-aware --lost-time-sat-flow 0.50 --lost-time-gain 0.40,human_light,/home/lugozzi/Desktop/tirocinio/Codice/sumo-traffic-control/logs/ablation/runs/run_0023_20260526_151234/populations/bologna_skewed_low_seed1.yaml,ok,310.714,/home/lugozzi/Desktop/tirocinio/Codice/sumo-traffic-control/logs/ablation/runs/run_0023_20260526_151234/runs/bologna__skewed__low__seed1__mp_lta_g040_sf050/vehicle_metrics.csv,1500,663.693333,2058.75,1030.761333,2689.15,825.330487,7.13346,-2348884.256276,-2350650.811558,1500,1500,0,0.0,2712.0,1492.0,0.0,0.0,0.0,0.0,0.0,0.0,0.0
bologna__skewed__low__seed1__fixed_program0,bologna,bologna,low,1500,0.0,3600.0,skewed,1,fixed_program0,fixed,--fixed-program-id 0,human_light,/home/lugozzi/Desktop/tirocinio/Codice/sumo-traffic-control/logs/ablation/runs/run_0023_20260526_151234/populations/bologna_skewed_low_seed1.yaml,ok,52.711,/home/lugozzi/Desktop/tirocinio/Codice/sumo-traffic-control/logs/ablation/runs/run_0023_20260526_151234/runs/bologna__skewed__low__seed1__fixed_program0/vehicle_metrics.csv,1500,404.602,1518.3,781.496,2271.15,578.02844,7.237042,-8397.100702,-9981.101711,1500,1500,0,0.0,0.0,0.0,0.0,0.0,0.0,0.0,0.0,0.0,0.0
bologna__skewed__low__seed1__fixed_tuned,bologna,bologna,low,1500,0.0,3600.0,skewed,1,fixed_tuned,fixed,--fixed-program-id 0 --fixed-main-green-seconds 30,human_light,/home/lugozzi/Desktop/tirocinio/Codice/sumo-traffic-control/logs/ablation/runs/run_0023_20260526_151234/populations/bologna_skewed_low_seed1.yaml,ok,57.916,/home/lugozzi/Desktop/tirocinio/Codice/sumo-traffic-control/logs/ablation/runs/run_0023_20260526_151234/runs/bologna__skewed__low__seed1__fixed_tuned/vehicle_metrics.csv,1500,485.292667,1641.55,872.76,2461.3,669.295607,6.362666,-8249.27744,-9933.307456,1500,1500,0,0.0,0.0,0.0,0.0,0.0,0.0,0.0,0.0,0.0,0.0
bologna__skewed__low__seed1__mp_fair_mu5_w20,bologna,bologna,low,1500,0.0,3600.0,skewed,1,mp_fair_mu5_w20,mp,--fairness --fairness-mu 5.0 --fairness-w-half 20.0,human_light,/home/lugozzi/Desktop/tirocinio/Codice/sumo-traffic-control/logs/ablation/runs/run_0023_20260526_151234/populations/bologna_skewed_low_seed1.yaml,ok,273.267,/home/lugozzi/Desktop/tirocinio/Codice/sumo-traffic-control/logs/ablation/runs/run_0023_20260526_151234/runs/bologna__skewed__low__seed1__mp_fair_mu5_w20/vehicle_metrics.csv,1500,628.776667,1970.25,985.519333,2521.6,780.47392,7.366913,-1928762.412403,-1930482.216393,1500,1500,0,0.0,4121.0,1119.0,0.0,0.0,0.0,0.0,0.0,12740.0,32532.673059
bologna__skewed__low__seed1__mp_downstream_b04,bologna,bologna,low,1500,0.0,3600.0,skewed,1,mp_downstream_b04,mp,--downstream-penalty --downstream-beta 0.4 --downstream-alpha 0.30,human_light,/home/lugozzi/Desktop/tirocinio/Codice/sumo-traffic-control/logs/ablation/runs/run_0023_20260526_151234/populations/bologna_skewed_low_seed1.yaml,ok,406.418,/home/lugozzi/Desktop/tirocinio/Codice/sumo-traffic-control/logs/ablation/runs/run_0023_20260526_151234/runs/bologna__skewed__low__seed1__mp_downstream_b04/vehicle_metrics.csv,1213,773.787304,3077.4,1144.1723,3851.0,945.03136,6.455379,-8779986.751182,-8781963.362884,1500,1213,287,19.133333,18663.0,1241.0,0.0,0.0,0.0,0.0,0.0,0.0,0.0
bologna__skewed__low__seed1__mp_fair_mu3_w30,bologna,bologna,low,1500,0.0,3600.0,skewed,1,mp_fair_mu3_w30,mp,--fairness --fairness-mu 3.0 --fairness-w-half 30.0,human_light,/home/lugozzi/Desktop/tirocinio/Codice/sumo-traffic-control/logs/ablation/runs/run_0023_20260526_151234/populations/bologna_skewed_low_seed1.yaml,ok,306.276,/home/lugozzi/Desktop/tirocinio/Codice/sumo-traffic-control/logs/ablation/runs/run_0023_20260526_151234/runs/bologna__skewed__low__seed1__mp_fair_mu3_w30/vehicle_metrics.csv,1500,696.628,2377.6,1067.380667,3006.15,862.063607,7.375244,-2202073.069376,-2203884.625461,1500,1500,0,0.0,3895.0,1083.0,0.0,0.0,0.0,0.0,0.0,14715.0,21629.868192
bologna__skewed__low__seed1__mp_downstream_b08,bologna,bologna,low,1500,0.0,3600.0,skewed,1,mp_downstream_b08,mp,--downstream-penalty --downstream-beta 0.8 --downstream-alpha 0.30,human_light,/home/lugozzi/Desktop/tirocinio/Codice/sumo-traffic-control/logs/ablation/runs/run_0023_20260526_151234/populations/bologna_skewed_low_seed1.yaml,ok,411.144,/home/lugozzi/Desktop/tirocinio/Codice/sumo-traffic-control/logs/ablation/runs/run_0023_20260526_151234/runs/bologna__skewed__low__seed1__mp_downstream_b08/vehicle_metrics.csv,1191,871.151973,3275.5,1243.08984,3957.5,1044.435088,6.051174,-8512915.160365,-8515008.253333,1500,1191,309,20.6,18968.0,1271.0,0.0,0.0,0.0,0.0,0.0,0.0,0.0
bologna__skewed__low__seed1__mp_super,bologna,bologna,low,1500,0.0,3600.0,skewed,1,mp_super,mp,--super-router --super-load-ref 3.5 --super-low-load 0.40 --super-high-load 0.65 --super-imbalance-threshold 0.55 --super-platoon-threshold 0.70 --super-downstream-threshold 0.92 --super-mode-streak 4 --super-nmin-load 0.78 --super-lta-gain 0.60 --super-lta-sat-flow 0.50 --super-nmin-alpha 1.20 --super-nmin-floor 4 --super-nmin-min-green 4.0 --super-nmin-demand-gain 0.40 --super-nmin-empty-release-seconds 1.5,human_light,/home/lugozzi/Desktop/tirocinio/Codice/sumo-traffic-control/logs/ablation/runs/run_0023_20260526_151234/populations/bologna_skewed_low_seed1.yaml,ok,515.257,/home/lugozzi/Desktop/tirocinio/Codice/sumo-traffic-control/logs/ablation/runs/run_0023_20260526_151234/runs/bologna__skewed__low__seed1__mp_super/vehicle_metrics.csv,1500,253.896,528.1,607.134667,1108.1,403.673767,7.971203,-6498.366036,-7914.067613,1500,1500,0,0.0,164.0,0.0,0.0,0.0,0.0,0.0,0.0,162.0,276.994406
bologna__skewed__low__seed1__mp_switch_eps1,bologna,bologna,low,1500,0.0,3600.0,skewed,1,mp_switch_eps1,mp,--switch-epsilon 1.0,human_light,/home/lugozzi/Desktop/tirocinio/Codice/sumo-traffic-control/logs/ablation/runs/run_0023_20260526_151234/populations/bologna_skewed_low_seed1.yaml,ok,270.626,/home/lugozzi/Desktop/tirocinio/Codice/sumo-traffic-control/logs/ablation/runs/run_0023_20260526_151234/runs/bologna__skewed__low__seed1__mp_switch_eps1/vehicle_metrics.csv,1500,631.191333,1967.45,982.008667,2422.05,776.76786,7.184019,-2159256.494055,-2160978.012542,1500,1500,0,0.0,2695.0,1556.0,0.0,0.0,0.0,0.0,0.0,0.0,0.0
bologna__skewed__low__seed1__mp_switch_rel005,bologna,bologna,low,1500,0.0,3600.0,skewed,1,mp_switch_rel005,mp,--switch-epsilon-rel 0.05,human_light,/home/lugozzi/Desktop/tirocinio/Codice/sumo-traffic-control/logs/ablation/runs/run_0023_20260526_151234/populations/bologna_skewed_low_seed1.yaml,ok,278.413,/home/lugozzi/Desktop/tirocinio/Codice/sumo-traffic-control/logs/ablation/runs/run_0023_20260526_151234/runs/bologna__skewed__low__seed1__mp_switch_rel005/vehicle_metrics.csv,1500,672.088,2099.0,1032.998667,2591.75,827.46218,7.214164,-2511384.526244,-2513146.122376,1500,1500,0,0.0,3663.0,1137.0,0.0,0.0,0.0,0.0,0.0,0.0,0.0
bologna__peak__low__seed1__mp_program0,bologna,bologna,low,1500,0.0,3600.0,peak,1,mp_program0,mp,--program0-hybrid --program0-load-ref 3.5 --program0-enter-mp-load 0.60 --program0-exit-fixed-load 0.40 --program0-mode-streak 4,human_light,/home/lugozzi/Desktop/tirocinio/Codice/sumo-traffic-control/logs/ablation/runs/run_0023_20260526_151234/populations/bologna_peak_low_seed1.yaml,ok,228.463,/home/lugozzi/Desktop/tirocinio/Codice/sumo-traffic-control/logs/ablation/runs/run_0023_20260526_151234/runs/bologna__peak__low__seed1__mp_program0/vehicle_metrics.csv,1500,461.791333,1580.2,862.796,2280.2,658.198907,6.750542,-1195780.185221,-1197482.847758,1500,1500,0,0.0,134.0,0.0,0.0,0.0,0.0,0.0,0.0,0.0,0.0
bologna__skewed__low__seed1__mp_switch_rel010,bologna,bologna,low,1500,0.0,3600.0,skewed,1,mp_switch_rel010,mp,--switch-epsilon-rel 0.10,human_light,/home/lugozzi/Desktop/tirocinio/Codice/sumo-traffic-control/logs/ablation/runs/run_0023_20260526_151234/populations/bologna_skewed_low_seed1.yaml,ok,288.602,/home/lugozzi/Desktop/tirocinio/Codice/sumo-traffic-control/logs/ablation/runs/run_0023_20260526_151234/runs/bologna__skewed__low__seed1__mp_switch_rel010/vehicle_metrics.csv,1500,668.381333,2152.65,1029.628667,2722.6,824.172627,7.257983,-2412591.153095,-2414358.932846,1500,1500,0,0.0,3673.0,1153.0,0.0,0.0,0.0,0.0,0.0,0.0,0.0
bologna__peak__low__seed1__mp_base,bologna,bologna,low,1500,0.0,3600.0,peak,1,mp_base,mp,,human_light,/home/lugozzi/Desktop/tirocinio/Codice/sumo-traffic-control/logs/ablation/runs/run_0023_20260526_151234/populations/bologna_peak_low_seed1.yaml,ok,328.521,/home/lugozzi/Desktop/tirocinio/Codice/sumo-traffic-control/logs/ablation/runs/run_0023_20260526_151234/runs/bologna__peak__low__seed1__mp_base/vehicle_metrics.csv,1481,735.158677,2237.0,1123.704929,2958.0,917.551634,7.01204,-3396755.711162,-3398665.944169,1500,1481,19,1.266667,3368.0,985.0,0.0,0.0,0.0,0.0,0.0,0.0,0.0
bologna__skewed__low__seed1__mp_spillback_on85_off70,bologna,bologna,low,1500,0.0,3600.0,skewed,1,mp_spillback_on85_off70,mp,--spillback --spillback-on 0.85 --spillback-off 0.70 --spillback-min-halts 2 --spillback-alpha 0.30,human_light,/home/lugozzi/Desktop/tirocinio/Codice/sumo-traffic-control/logs/ablation/runs/run_0023_20260526_151234/populations/bologna_skewed_low_seed1.yaml,ok,480.733,/home/lugozzi/Desktop/tirocinio/Codice/sumo-traffic-control/logs/ablation/runs/run_0023_20260526_151234/runs/bologna__skewed__low__seed1__mp_spillback_on85_off70/vehicle_metrics.csv,1500,664.654667,2062.2,1027.991333,2610.1,822.701893,7.20106,-2210723.116483,-2212494.014331,1500,1500,0,0.0,3601.0,1107.0,0.0,43.0,43.0,5164.0,0.0,0.0,0.0
bologna__skewed__low__seed1__mp_platoon_x2,bologna,bologna,low,1500,0.0,3600.0,skewed,1,mp_platoon_x2,mp,--platoon-extension --platoon-headway-threshold 2.1 --platoon-gap-out-seconds 2.1 --platoon-max-extra-green 2.0 --platoon-guard-occ 0.90,human_light,/home/lugozzi/Desktop/tirocinio/Codice/sumo-traffic-control/logs/ablation/runs/run_0023_20260526_151234/populations/bologna_skewed_low_seed1.yaml,ok,438.547,/home/lugozzi/Desktop/tirocinio/Codice/sumo-traffic-control/logs/ablation/runs/run_0023_20260526_151234/runs/bologna__skewed__low__seed1__mp_platoon_x2/vehicle_metrics.csv,1500,644.274,2108.2,994.086667,2577.05,788.815947,7.429917,-2195751.526774,-2197481.256164,1500,1500,0,0.0,3617.0,1133.0,0.0,0.0,0.0,0.0,292.0,0.0,0.0
bologna__skewed__low__seed1__mp_platoon_x4,bologna,bologna,low,1500,0.0,3600.0,skewed,1,mp_platoon_x4,mp,--platoon-extension --platoon-headway-threshold 2.1 --platoon-gap-out-seconds 2.1 --platoon-max-extra-green 4.0 --platoon-guard-occ 0.90,human_light,/home/lugozzi/Desktop/tirocinio/Codice/sumo-traffic-control/logs/ablation/runs/run_0023_20260526_151234/populations/bologna_skewed_low_seed1.yaml,ok,456.091,/home/lugozzi/Desktop/tirocinio/Codice/sumo-traffic-control/logs/ablation/runs/run_0023_20260526_151234/runs/bologna__skewed__low__seed1__mp_platoon_x4/vehicle_metrics.csv,1500,560.870667,1779.15,913.071333,2310.9,707.971727,7.674482,-1989708.989933,-1991360.349382,1500,1500,0,0.0,3608.0,1050.0,0.0,0.0,0.0,0.0,496.0,0.0,0.0
bologna__skewed__low__seed1__mp_spillback_on90_off80,bologna,bologna,low,1500,0.0,3600.0,skewed,1,mp_spillback_on90_off80,mp,--spillback --spillback-on 0.90 --spillback-off 0.80 --spillback-min-halts 3 --spillback-alpha 0.30,human_light,/home/lugozzi/Desktop/tirocinio/Codice/sumo-traffic-control/logs/ablation/runs/run_0023_20260526_151234/populations/bologna_skewed_low_seed1.yaml,ok,502.561,/home/lugozzi/Desktop/tirocinio/Codice/sumo-traffic-control/logs/ablation/runs/run_0023_20260526_151234/runs/bologna__skewed__low__seed1__mp_spillback_on90_off80/vehicle_metrics.csv,1500,646.634,1963.9,1008.517333,2483.05,803.259287,7.239626,-2173547.784994,-2175286.372334,1500,1500,0,0.0,3662.0,1125.0,0.0,17.0,17.0,2376.0,0.0,0.0,0.0
bologna__peak__low__seed1__mp_lta_g040_sf050,bologna,bologna,low,1500,0.0,3600.0,peak,1,mp_lta_g040_sf050,mp,--lost-time-aware --lost-time-sat-flow 0.50 --lost-time-gain 0.40,human_light,/home/lugozzi/Desktop/tirocinio/Codice/sumo-traffic-control/logs/ablation/runs/run_0023_20260526_151234/populations/bologna_peak_low_seed1.yaml,ok,324.5,/home/lugozzi/Desktop/tirocinio/Codice/sumo-traffic-control/logs/ablation/runs/run_0023_20260526_151234/runs/bologna__peak__low__seed1__mp_lta_g040_sf050/vehicle_metrics.csv,1496,754.58623,2430.5,1136.760027,3054.25,930.300455,6.854736,-3591628.759152,-3593538.917001,1500,1496,4,0.266667,2495.0,1307.0,0.0,0.0,0.0,0.0,0.0,0.0,0.0
bologna__peak__low__seed1__fixed_program0,bologna,bologna,low,1500,0.0,3600.0,peak,1,fixed_program0,fixed,--fixed-program-id 0,human_light,/home/lugozzi/Desktop/tirocinio/Codice/sumo-traffic-control/logs/ablation/runs/run_0023_20260526_151234/populations/bologna_peak_low_seed1.yaml,ok,72.171,/home/lugozzi/Desktop/tirocinio/Codice/sumo-traffic-control/logs/ablation/runs/run_0023_20260526_151234/runs/bologna__peak__low__seed1__fixed_program0/vehicle_metrics.csv,1494,698.902276,2847.05,1117.52008,3618.3,913.171526,6.249264,-1492010.355663,-1493967.059126,1500,1494,6,0.4,0.0,0.0,0.0,0.0,0.0,0.0,0.0,0.0,0.0
bologna__peak__low__seed1__mp_lta_g060_sf050,bologna,bologna,low,1500,0.0,3600.0,peak,1,mp_lta_g060_sf050,mp,--lost-time-aware --lost-time-sat-flow 0.50 --lost-time-gain 0.60,human_light,/home/lugozzi/Desktop/tirocinio/Codice/sumo-traffic-control/logs/ablation/runs/run_0023_20260526_151234/populations/bologna_peak_low_seed1.yaml,ok,303.362,/home/lugozzi/Desktop/tirocinio/Codice/sumo-traffic-control/logs/ablation/runs/run_0023_20260526_151234/runs/bologna__peak__low__seed1__mp_lta_g060_sf050/vehicle_metrics.csv,1500,702.983333,2213.2,1083.764667,2928.4,877.9879,6.952195,-2639395.948059,-2641239.913802,1500,1500,0,0.0,1662.0,1793.0,0.0,0.0,0.0,0.0,0.0,0.0,0.0
bologna__peak__low__seed1__mp_nmin_a080_f2,bologna,bologna,low,1500,0.0,3600.0,peak,1,mp_nmin_a080_f2,mp,--nmin-dynamic --lost-time-sat-flow 0.50 --nmin-alpha 0.80 --nmin-floor 2 --nmin-min-green 4.0 --nmin-demand-gain 0.25 --nmin-empty-release-seconds 1.0,human_light,/home/lugozzi/Desktop/tirocinio/Codice/sumo-traffic-control/logs/ablation/runs/run_0023_20260526_151234/populations/bologna_peak_low_seed1.yaml,ok,323.32,/home/lugozzi/Desktop/tirocinio/Codice/sumo-traffic-control/logs/ablation/runs/run_0023_20260526_151234/runs/bologna__peak__low__seed1__mp_nmin_a080_f2/vehicle_metrics.csv,1469,738.855003,2268.4,1135.695711,2950.2,929.329176,6.778722,-3607225.046276,-3609158.815105,1500,1469,31,2.066667,3803.0,928.0,1151.0,0.0,0.0,0.0,0.0,0.0,0.0
bologna__peak__low__seed1__mp_nmin_a120_f4,bologna,bologna,low,1500,0.0,3600.0,peak,1,mp_nmin_a120_f4,mp,--nmin-dynamic --lost-time-sat-flow 0.50 --nmin-alpha 1.20 --nmin-floor 4 --nmin-min-green 4.0 --nmin-demand-gain 0.40 --nmin-empty-release-seconds 1.5,human_light,/home/lugozzi/Desktop/tirocinio/Codice/sumo-traffic-control/logs/ablation/runs/run_0023_20260526_151234/populations/bologna_peak_low_seed1.yaml,ok,318.475,/home/lugozzi/Desktop/tirocinio/Codice/sumo-traffic-control/logs/ablation/runs/run_0023_20260526_151234/runs/bologna__peak__low__seed1__mp_nmin_a120_f4/vehicle_metrics.csv,1500,830.31,2761.75,1226.935333,3463.15,1020.13268,6.75111,-3817379.999293,-3819405.877514,1500,1500,0,0.0,3637.0,942.0,6070.0,0.0,0.0,0.0,0.0,0.0,0.0
bologna__peak__low__seed1__fixed_tuned,bologna,bologna,low,1500,0.0,3600.0,peak,1,fixed_tuned,fixed,--fixed-program-id 0 --fixed-main-green-seconds 30,human_light,/home/lugozzi/Desktop/tirocinio/Codice/sumo-traffic-control/logs/ablation/runs/run_0023_20260526_151234/populations/bologna_peak_low_seed1.yaml,ok,70.072,/home/lugozzi/Desktop/tirocinio/Codice/sumo-traffic-control/logs/ablation/runs/run_0023_20260526_151234/runs/bologna__peak__low__seed1__fixed_tuned/vehicle_metrics.csv,1496,727.909091,2627.5,1149.546791,3445.5,945.785702,5.501836,-555432.608847,-557443.055167,1500,1496,4,0.266667,0.0,0.0,0.0,0.0,0.0,0.0,0.0,0.0,0.0
bologna__peak__low__seed1__mp_fair_mu5_w20,bologna,bologna,low,1500,0.0,3600.0,peak,1,mp_fair_mu5_w20,mp,--fairness --fairness-mu 5.0 --fairness-w-half 20.0,human_light,/home/lugozzi/Desktop/tirocinio/Codice/sumo-traffic-control/logs/ablation/runs/run_0023_20260526_151234/populations/bologna_peak_low_seed1.yaml,ok,290.004,/home/lugozzi/Desktop/tirocinio/Codice/sumo-traffic-control/logs/ablation/runs/run_0023_20260526_151234/runs/bologna__peak__low__seed1__mp_fair_mu5_w20/vehicle_metrics.csv,1500,734.720667,2144.5,1122.659333,2841.2,916.243027,6.779356,-3338688.535055,-3340580.776904,1500,1500,0,0.0,3616.0,907.0,0.0,0.0,0.0,0.0,0.0,14015.0,38812.679074
bologna__peak__low__seed1__mp_fair_mu3_w30,bologna,bologna,low,1500,0.0,3600.0,peak,1,mp_fair_mu3_w30,mp,--fairness --fairness-mu 3.0 --fairness-w-half 30.0,human_light,/home/lugozzi/Desktop/tirocinio/Codice/sumo-traffic-control/logs/ablation/runs/run_0023_20260526_151234/populations/bologna_peak_low_seed1.yaml,ok,299.384,/home/lugozzi/Desktop/tirocinio/Codice/sumo-traffic-control/logs/ablation/runs/run_0023_20260526_151234/runs/bologna__peak__low__seed1__mp_fair_mu3_w30/vehicle_metrics.csv,1500,745.916,2239.6,1133.496667,2895.95,928.120273,6.792343,-2199070.153711,-2200976.156538,1500,1500,0,0.0,3601.0,946.0,0.0,0.0,0.0,0.0,0.0,15051.0,22748.579292
bologna__peak__low__seed1__mp_downstream_b04,bologna,bologna,low,1500,0.0,3600.0,peak,1,mp_downstream_b04,mp,--downstream-penalty --downstream-beta 0.4 --downstream-alpha 0.30,human_light,/home/lugozzi/Desktop/tirocinio/Codice/sumo-traffic-control/logs/ablation/runs/run_0023_20260526_151234/populations/bologna_peak_low_seed1.yaml,ok,408.755,/home/lugozzi/Desktop/tirocinio/Codice/sumo-traffic-control/logs/ablation/runs/run_0023_20260526_151234/runs/bologna__peak__low__seed1__mp_downstream_b04/vehicle_metrics.csv,1218,914.44335,3432.9,1309.666667,4264.0,1112.555755,5.90225,-6898613.545864,-6900732.364596,1500,1218,282,18.8,17251.0,1124.0,0.0,0.0,0.0,0.0,0.0,0.0,0.0
bologna__peak__low__seed1__mp_downstream_b08,bologna,bologna,low,1500,0.0,3600.0,peak,1,mp_downstream_b08,mp,--downstream-penalty --downstream-beta 0.8 --downstream-alpha 0.30,human_light,/home/lugozzi/Desktop/tirocinio/Codice/sumo-traffic-control/logs/ablation/runs/run_0023_20260526_151234/populations/bologna_peak_low_seed1.yaml,ok,396.092,/home/lugozzi/Desktop/tirocinio/Codice/sumo-traffic-control/logs/ablation/runs/run_0023_20260526_151234/runs/bologna__peak__low__seed1__mp_downstream_b08/vehicle_metrics.csv,1189,901.215307,3322.8,1287.454163,4032.2,1089.496863,5.973129,-8887572.484347,-8889658.253394,1500,1189,311,20.733333,17421.0,1217.0,0.0,0.0,0.0,0.0,0.0,0.0,0.0
bologna__peak__low__seed1__mp_switch_eps1,bologna,bologna,low,1500,0.0,3600.0,peak,1,mp_switch_eps1,mp,--switch-epsilon 1.0,human_light,/home/lugozzi/Desktop/tirocinio/Codice/sumo-traffic-control/logs/ablation/runs/run_0023_20260526_151234/populations/bologna_peak_low_seed1.yaml,ok,275.007,/home/lugozzi/Desktop/tirocinio/Codice/sumo-traffic-control/logs/ablation/runs/run_0023_20260526_151234/runs/bologna__peak__low__seed1__mp_switch_eps1/vehicle_metrics.csv,1500,783.818,2579.25,1158.472667,3220.4,951.773153,6.914612,-3725190.453231,-3727113.183346,1500,1500,0,0.0,2522.0,1349.0,0.0,0.0,0.0,0.0,0.0,0.0,0.0
bologna__peak__low__seed1__mp_super,bologna,bologna,low,1500,0.0,3600.0,peak,1,mp_super,mp,--super-router --super-load-ref 3.5 --super-low-load 0.40 --super-high-load 0.65 --super-imbalance-threshold 0.55 --super-platoon-threshold 0.70 --super-downstream-threshold 0.92 --super-mode-streak 4 --super-nmin-load 0.78 --super-lta-gain 0.60 --super-lta-sat-flow 0.50 --super-nmin-alpha 1.20 --super-nmin-floor 4 --super-nmin-min-green 4.0 --super-nmin-demand-gain 0.40 --super-nmin-empty-release-seconds 1.5,human_light,/home/lugozzi/Desktop/tirocinio/Codice/sumo-traffic-control/logs/ablation/runs/run_0023_20260526_151234/populations/bologna_peak_low_seed1.yaml,ok,597.309,/home/lugozzi/Desktop/tirocinio/Codice/sumo-traffic-control/logs/ablation/runs/run_0023_20260526_151234/runs/bologna__peak__low__seed1__mp_super/vehicle_metrics.csv,1500,445.511333,1411.05,852.179333,2199.0,647.784593,6.765065,-977466.951026,-979159.971517,1500,1500,0,0.0,265.0,0.0,0.0,1.0,0.0,4.0,0.0,642.0,1114.115986
bologna__peak__low__seed1__mp_switch_rel010,bologna,bologna,low,1500,0.0,3600.0,peak,1,mp_switch_rel010,mp,--switch-epsilon-rel 0.10,human_light,/home/lugozzi/Desktop/tirocinio/Codice/sumo-traffic-control/logs/ablation/runs/run_0023_20260526_151234/populations/bologna_peak_low_seed1.yaml,ok,290.115,/home/lugozzi/Desktop/tirocinio/Codice/sumo-traffic-control/logs/ablation/runs/run_0023_20260526_151234/runs/bologna__peak__low__seed1__mp_switch_rel010/vehicle_metrics.csv,1500,764.562667,2328.05,1150.857333,3008.45,944.45138,6.936947,-3359406.927606,-3361326.608744,1500,1500,0,0.0,3342.0,968.0,0.0,0.0,0.0,0.0,0.0,0.0,0.0
bologna__peak__low__seed1__mp_switch_rel005,bologna,bologna,low,1500,0.0,3600.0,peak,1,mp_switch_rel005,mp,--switch-epsilon-rel 0.05,human_light,/home/lugozzi/Desktop/tirocinio/Codice/sumo-traffic-control/logs/ablation/runs/run_0023_20260526_151234/populations/bologna_peak_low_seed1.yaml,ok,292.194,/home/lugozzi/Desktop/tirocinio/Codice/sumo-traffic-control/logs/ablation/runs/run_0023_20260526_151234/runs/bologna__peak__low__seed1__mp_switch_rel005/vehicle_metrics.csv,1481,735.158677,2237.0,1123.704929,2958.0,917.551634,7.01204,-3396755.711162,-3398665.944169,1500,1481,19,1.266667,3368.0,985.0,0.0,0.0,0.0,0.0,0.0,0.0,0.0
bologna__peak__low__seed1__mp_spillback_on90_off80,bologna,bologna,low,1500,0.0,3600.0,peak,1,mp_spillback_on90_off80,mp,--spillback --spillback-on 0.90 --spillback-off 0.80 --spillback-min-halts 3 --spillback-alpha 0.30,human_light,/home/lugozzi/Desktop/tirocinio/Codice/sumo-traffic-control/logs/ablation/runs/run_0023_20260526_151234/populations/bologna_peak_low_seed1.yaml,ok,489.711,/home/lugozzi/Desktop/tirocinio/Codice/sumo-traffic-control/logs/ablation/runs/run_0023_20260526_151234/runs/bologna__peak__low__seed1__mp_spillback_on90_off80/vehicle_metrics.csv,1500,727.879333,2250.1,1117.237333,2912.9,911.21518,6.963211,-2909915.138001,-2911802.283515,1500,1500,0,0.0,3297.0,923.0,0.0,32.0,32.0,2622.0,0.0,0.0,0.0
bologna__peak__low__seed1__mp_spillback_on85_off70,bologna,bologna,low,1500,0.0,3600.0,peak,1,mp_spillback_on85_off70,mp,--spillback --spillback-on 0.85 --spillback-off 0.70 --spillback-min-halts 2 --spillback-alpha 0.30,human_light,/home/lugozzi/Desktop/tirocinio/Codice/sumo-traffic-control/logs/ablation/runs/run_0023_20260526_151234/populations/bologna_peak_low_seed1.yaml,ok,527.568,/home/lugozzi/Desktop/tirocinio/Codice/sumo-traffic-control/logs/ablation/runs/run_0023_20260526_151234/runs/bologna__peak__low__seed1__mp_spillback_on85_off70/vehicle_metrics.csv,1493,774.909578,2332.6,1164.03282,3089.0,958.207897,6.90829,-2996136.685937,-2998072.805803,1500,1493,7,0.466667,3352.0,952.0,0.0,56.0,56.0,4857.0,0.0,0.0,0.0
bologna__peak__low__seed1__mp_platoon_x2,bologna,bologna,low,1500,0.0,3600.0,peak,1,mp_platoon_x2,mp,--platoon-extension --platoon-headway-threshold 2.1 --platoon-gap-out-seconds 2.1 --platoon-max-extra-green 2.0 --platoon-guard-occ 0.90,human_light,/home/lugozzi/Desktop/tirocinio/Codice/sumo-traffic-control/logs/ablation/runs/run_0023_20260526_151234/populations/bologna_peak_low_seed1.yaml,ok,440.411,/home/lugozzi/Desktop/tirocinio/Codice/sumo-traffic-control/logs/ablation/runs/run_0023_20260526_151234/runs/bologna__peak__low__seed1__mp_platoon_x2/vehicle_metrics.csv,1477,699.896412,2062.6,1085.747461,2783.0,879.715538,6.976883,-3415485.571424,-3417346.744373,1500,1477,23,1.533333,3274.0,948.0,0.0,0.0,0.0,0.0,317.0,0.0,0.0
bologna__peak__low__seed1__mp_platoon_x4,bologna,bologna,low,1500,0.0,3600.0,peak,1,mp_platoon_x4,mp,--platoon-extension --platoon-headway-threshold 2.1 --platoon-gap-out-seconds 2.1 --platoon-max-extra-green 4.0 --platoon-guard-occ 0.90,human_light,/home/lugozzi/Desktop/tirocinio/Codice/sumo-traffic-control/logs/ablation/runs/run_0023_20260526_151234/populations/bologna_peak_low_seed1.yaml,ok,443.063,/home/lugozzi/Desktop/tirocinio/Codice/sumo-traffic-control/logs/ablation/runs/run_0023_20260526_151234/runs/bologna__peak__low__seed1__mp_platoon_x4/vehicle_metrics.csv,1495,807.723746,2371.0,1193.208696,3057.3,986.465003,6.965091,-3867574.281234,-3869553.021297,1500,1495,5,0.333333,3298.0,988.0,0.0,0.0,0.0,0.0,576.0,0.0,0.0
bologna__balanced__medium__seed1__mp_program0,bologna,bologna,medium,3000,0.0,3600.0,balanced,1,mp_program0,mp,--program0-hybrid --program0-load-ref 3.5 --program0-enter-mp-load 0.60 --program0-exit-fixed-load 0.40 --program0-mode-streak 4,human_light,/home/lugozzi/Desktop/tirocinio/Codice/sumo-traffic-control/logs/ablation/runs/run_0023_20260526_151234/populations/bologna_balanced_medium_seed1.yaml,ok,281.454,/home/lugozzi/Desktop/tirocinio/Codice/sumo-traffic-control/logs/ablation/runs/run_0023_20260526_151234/runs/bologna__balanced__medium__seed1__mp_program0/vehicle_metrics.csv,2995,435.511853,1942.8,753.904841,2447.0,578.631519,6.938137,-4995554.176596,-4996972.489642,3000,2995,5,0.166667,239.0,0.0,0.0,0.0,0.0,0.0,0.0,0.0,0.0
bologna__balanced__medium__seed1__mp_lta_g040_sf050,bologna,bologna,medium,3000,0.0,3600.0,balanced,1,mp_lta_g040_sf050,mp,--lost-time-aware --lost-time-sat-flow 0.50 --lost-time-gain 0.40,human_light,/home/lugozzi/Desktop/tirocinio/Codice/sumo-traffic-control/logs/ablation/runs/run_0023_20260526_151234/populations/bologna_balanced_medium_seed1.yaml,ok,369.568,/home/lugozzi/Desktop/tirocinio/Codice/sumo-traffic-control/logs/ablation/runs/run_0023_20260526_151234/runs/bologna__balanced__medium__seed1__mp_lta_g040_sf050/vehicle_metrics.csv,2929,616.112666,2490.8,923.903039,3035.2,745.489601,7.471673,-9658446.801733,-9660001.335062,3000,2929,71,2.366667,4416.0,1700.0,0.0,0.0,0.0,0.0,0.0,0.0,0.0
bologna__balanced__medium__seed1__mp_lta_g060_sf050,bologna,bologna,medium,3000,0.0,3600.0,balanced,1,mp_lta_g060_sf050,mp,--lost-time-aware --lost-time-sat-flow 0.50 --lost-time-gain 0.60,human_light,/home/lugozzi/Desktop/tirocinio/Codice/sumo-traffic-control/logs/ablation/runs/run_0023_20260526_151234/populations/bologna_balanced_medium_seed1.yaml,ok,371.287,/home/lugozzi/Desktop/tirocinio/Codice/sumo-traffic-control/logs/ablation/runs/run_0023_20260526_151234/runs/bologna__balanced__medium__seed1__mp_lta_g060_sf050/vehicle_metrics.csv,2932,615.200205,2823.9,921.063779,3381.65,742.919345,7.295691,-9269157.934477,-9270716.231577,3000,2932,68,2.266667,3228.0,2310.0,0.0,0.0,0.0,0.0,0.0,0.0,0.0
bologna__balanced__medium__seed1__mp_base,bologna,bologna,medium,3000,0.0,3600.0,balanced,1,mp_base,mp,,human_light,/home/lugozzi/Desktop/tirocinio/Codice/sumo-traffic-control/logs/ablation/runs/run_0023_20260526_151234/populations/bologna_balanced_medium_seed1.yaml,ok,375.003,/home/lugozzi/Desktop/tirocinio/Codice/sumo-traffic-control/logs/ablation/runs/run_0023_20260526_151234/runs/bologna__balanced__medium__seed1__mp_base/vehicle_metrics.csv,2902,635.19297,2654.9,947.567195,3223.95,769.224935,7.470086,-9880732.198969,-9882325.811925,3000,2902,98,3.266667,5762.0,1194.0,0.0,0.0,0.0,0.0,0.0,0.0,0.0
bologna__balanced__medium__seed1__mp_switch_eps1,bologna,bologna,medium,3000,0.0,3600.0,balanced,1,mp_switch_eps1,mp,--switch-epsilon 1.0,human_light,/home/lugozzi/Desktop/tirocinio/Codice/sumo-traffic-control/logs/ablation/runs/run_0023_20260526_151234/populations/bologna_balanced_medium_seed1.yaml,ok,377.841,/home/lugozzi/Desktop/tirocinio/Codice/sumo-traffic-control/logs/ablation/runs/run_0023_20260526_151234/runs/bologna__balanced__medium__seed1__mp_switch_eps1/vehicle_metrics.csv,2923,694.453644,2844.6,1007.016079,3461.0,829.22209,7.184705,-9260833.338754,-9262484.633854,3000,2923,77,2.566667,4319.0,1717.0,0.0,0.0,0.0,0.0,0.0,0.0,0.0
bologna__balanced__medium__seed1__mp_nmin_a080_f2,bologna,bologna,medium,3000,0.0,3600.0,balanced,1,mp_nmin_a080_f2,mp,--nmin-dynamic --lost-time-sat-flow 0.50 --nmin-alpha 0.80 --nmin-floor 2 --nmin-min-green 4.0 --nmin-demand-gain 0.25 --nmin-empty-release-seconds 1.0,human_light,/home/lugozzi/Desktop/tirocinio/Codice/sumo-traffic-control/logs/ablation/runs/run_0023_20260526_151234/populations/bologna_balanced_medium_seed1.yaml,ok,386.349,/home/lugozzi/Desktop/tirocinio/Codice/sumo-traffic-control/logs/ablation/runs/run_0023_20260526_151234/runs/bologna__balanced__medium__seed1__mp_nmin_a080_f2/vehicle_metrics.csv,2905,719.55284,2846.0,1042.769019,3497.4,863.808475,7.167482,-10503161.92762,-10504857.63685,3000,2905,95,3.166667,6656.0,1209.0,2449.0,0.0,0.0,0.0,0.0,0.0,0.0
bologna__balanced__medium__seed1__mp_fair_mu3_w30,bologna,bologna,medium,3000,0.0,3600.0,balanced,1,mp_fair_mu3_w30,mp,--fairness --fairness-mu 3.0 --fairness-w-half 30.0,human_light,/home/lugozzi/Desktop/tirocinio/Codice/sumo-traffic-control/logs/ablation/runs/run_0023_20260526_151234/populations/bologna_balanced_medium_seed1.yaml,ok,390.148,/home/lugozzi/Desktop/tirocinio/Codice/sumo-traffic-control/logs/ablation/runs/run_0023_20260526_151234/runs/bologna__balanced__medium__seed1__mp_fair_mu3_w30/vehicle_metrics.csv,2996,698.27737,2788.5,1022.285714,3380.25,844.845491,7.007437,-7487572.182509,-7489235.668756,3000,2996,4,0.133333,6483.0,1195.0,0.0,0.0,0.0,0.0,0.0,28578.0,44263.88695
bologna__balanced__medium__seed1__mp_nmin_a120_f4,bologna,bologna,medium,3000,0.0,3600.0,balanced,1,mp_nmin_a120_f4,mp,--nmin-dynamic --lost-time-sat-flow 0.50 --nmin-alpha 1.20 --nmin-floor 4 --nmin-min-green 4.0 --nmin-demand-gain 0.40 --nmin-empty-release-seconds 1.5,human_light,/home/lugozzi/Desktop/tirocinio/Codice/sumo-traffic-control/logs/ablation/runs/run_0023_20260526_151234/populations/bologna_balanced_medium_seed1.yaml,ok,390.879,/home/lugozzi/Desktop/tirocinio/Codice/sumo-traffic-control/logs/ablation/runs/run_0023_20260526_151234/runs/bologna__balanced__medium__seed1__mp_nmin_a120_f4/vehicle_metrics.csv,2892,738.870332,3109.8,1055.528008,3750.5,876.709948,7.313384,-10379206.734469,-10380915.79205,3000,2892,108,3.6,6603.0,1246.0,11490.0,0.0,0.0,0.0,0.0,0.0,0.0
bologna__balanced__medium__seed1__mp_fair_mu5_w20,bologna,bologna,medium,3000,0.0,3600.0,balanced,1,mp_fair_mu5_w20,mp,--fairness --fairness-mu 5.0 --fairness-w-half 20.0,human_light,/home/lugozzi/Desktop/tirocinio/Codice/sumo-traffic-control/logs/ablation/runs/run_0023_20260526_151234/populations/bologna_balanced_medium_seed1.yaml,ok,392.498,/home/lugozzi/Desktop/tirocinio/Codice/sumo-traffic-control/logs/ablation/runs/run_0023_20260526_151234/runs/bologna__balanced__medium__seed1__mp_fair_mu5_w20/vehicle_metrics.csv,2961,686.449848,2569.0,1003.387707,3159.0,825.147423,7.175453,-9281590.295616,-9283224.359711,3000,2961,39,1.3,6475.0,1194.0,0.0,0.0,0.0,0.0,0.0,25736.0,75018.600936
bologna__balanced__medium__seed1__fixed_program0,bologna,bologna,medium,3000,0.0,3600.0,balanced,1,fixed_program0,fixed,--fixed-program-id 0,human_light,/home/lugozzi/Desktop/tirocinio/Codice/sumo-traffic-control/logs/ablation/runs/run_0023_20260526_151234/populations/bologna_balanced_medium_seed1.yaml,ok,110.703,/home/lugozzi/Desktop/tirocinio/Codice/sumo-traffic-control/logs/ablation/runs/run_0023_20260526_151234/runs/bologna__balanced__medium__seed1__fixed_program0/vehicle_metrics.csv,2974,528.503362,2181.0,868.195696,2914.75,692.75348,6.741733,-5761049.308601,-5762592.299366,3000,2974,26,0.866667,0.0,0.0,0.0,0.0,0.0,0.0,0.0,0.0,0.0
bologna__balanced__medium__seed1__fixed_tuned,bologna,bologna,medium,3000,0.0,3600.0,balanced,1,fixed_tuned,fixed,--fixed-program-id 0 --fixed-main-green-seconds 30,human_light,/home/lugozzi/Desktop/tirocinio/Codice/sumo-traffic-control/logs/ablation/runs/run_0023_20260526_151234/populations/bologna_balanced_medium_seed1.yaml,ok,108.317,/home/lugozzi/Desktop/tirocinio/Codice/sumo-traffic-control/logs/ablation/runs/run_0023_20260526_151234/runs/bologna__balanced__medium__seed1__fixed_tuned/vehicle_metrics.csv,3000,535.978667,1686.15,873.681,2401.05,700.694367,5.950807,-2220319.174144,-2221893.783455,3000,3000,0,0.0,0.0,0.0,0.0,0.0,0.0,0.0,0.0,0.0,0.0
bologna__balanced__medium__seed1__mp_downstream_b04,bologna,bologna,medium,3000,0.0,3600.0,balanced,1,mp_downstream_b04,mp,--downstream-penalty --downstream-beta 0.4 --downstream-alpha 0.30,human_light,/home/lugozzi/Desktop/tirocinio/Codice/sumo-traffic-control/logs/ablation/runs/run_0023_20260526_151234/populations/bologna_balanced_medium_seed1.yaml,ok,502.191,/home/lugozzi/Desktop/tirocinio/Codice/sumo-traffic-control/logs/ablation/runs/run_0023_20260526_151234/runs/bologna__balanced__medium__seed1__mp_downstream_b04/vehicle_metrics.csv,2484,941.508454,3590.4,1272.390499,4255.15,1100.899533,5.799983,-10510717.11648,-10512604.219199,3000,2484,516,17.2,21700.0,1154.0,0.0,0.0,0.0,0.0,0.0,0.0,0.0
bologna__balanced__medium__seed1__mp_downstream_b08,bologna,bologna,medium,3000,0.0,3600.0,balanced,1,mp_downstream_b08,mp,--downstream-penalty --downstream-beta 0.8 --downstream-alpha 0.30,human_light,/home/lugozzi/Desktop/tirocinio/Codice/sumo-traffic-control/logs/ablation/runs/run_0023_20260526_151234/populations/bologna_balanced_medium_seed1.yaml,ok,516.311,/home/lugozzi/Desktop/tirocinio/Codice/sumo-traffic-control/logs/ablation/runs/run_0023_20260526_151234/runs/bologna__balanced__medium__seed1__mp_downstream_b08/vehicle_metrics.csv,2494,1105.40818,3809.15,1451.356055,4493.8,1275.523536,5.348551,-15958835.151442,-15960908.910949,3000,2494,506,16.866667,21799.0,1144.0,0.0,0.0,0.0,0.0,0.0,0.0,0.0
bologna__balanced__medium__seed1__mp_platoon_x4,bologna,bologna,medium,3000,0.0,3600.0,balanced,1,mp_platoon_x4,mp,--platoon-extension --platoon-headway-threshold 2.1 --platoon-gap-out-seconds 2.1 --platoon-max-extra-green 4.0 --platoon-guard-occ 0.90,human_light,/home/lugozzi/Desktop/tirocinio/Codice/sumo-traffic-control/logs/ablation/runs/run_0023_20260526_151234/populations/bologna_balanced_medium_seed1.yaml,ok,575.571,/home/lugozzi/Desktop/tirocinio/Codice/sumo-traffic-control/logs/ablation/runs/run_0023_20260526_151234/runs/bologna__balanced__medium__seed1__mp_platoon_x4/vehicle_metrics.csv,2927,679.187906,2708.1,997.394602,3331.7,820.49714,7.223072,-8022208.927612,-8023849.890531,3000,2927,73,2.433333,5785.0,1233.0,0.0,0.0,0.0,0.0,679.0,0.0,0.0
bologna__balanced__medium__seed1__mp_platoon_x2,bologna,bologna,medium,3000,0.0,3600.0,balanced,1,mp_platoon_x2,mp,--platoon-extension --platoon-headway-threshold 2.1 --platoon-gap-out-seconds 2.1 --platoon-max-extra-green 2.0 --platoon-guard-occ 0.90,human_light,/home/lugozzi/Desktop/tirocinio/Codice/sumo-traffic-control/logs/ablation/runs/run_0023_20260526_151234/populations/bologna_balanced_medium_seed1.yaml,ok,576.51,/home/lugozzi/Desktop/tirocinio/Codice/sumo-traffic-control/logs/ablation/runs/run_0023_20260526_151234/runs/bologna__balanced__medium__seed1__mp_platoon_x2/vehicle_metrics.csv,2929,689.903039,2636.6,1004.144418,3264.0,826.937426,7.29695,-8240699.485197,-8242351.570487,3000,2929,71,2.366667,5881.0,1204.0,0.0,0.0,0.0,0.0,397.0,0.0,0.0
bologna__balanced__medium__seed1__mp_spillback_on85_off70,bologna,bologna,medium,3000,0.0,3600.0,balanced,1,mp_spillback_on85_off70,mp,--spillback --spillback-on 0.85 --spillback-off 0.70 --spillback-min-halts 2 --spillback-alpha 0.30,human_light,/home/lugozzi/Desktop/tirocinio/Codice/sumo-traffic-control/logs/ablation/runs/run_0023_20260526_151234/populations/bologna_balanced_medium_seed1.yaml,ok,632.752,/home/lugozzi/Desktop/tirocinio/Codice/sumo-traffic-control/logs/ablation/runs/run_0023_20260526_151234/runs/bologna__balanced__medium__seed1__mp_spillback_on85_off70/vehicle_metrics.csv,2939,659.846546,2596.1,971.742429,3175.1,792.987125,7.346559,-10022985.957608,-10024596.446857,3000,2939,61,2.033333,5765.0,1191.0,0.0,82.0,82.0,6839.0,0.0,0.0,0.0
bologna__balanced__medium__seed1__mp_spillback_on90_off80,bologna,bologna,medium,3000,0.0,3600.0,balanced,1,mp_spillback_on90_off80,mp,--spillback --spillback-on 0.90 --spillback-off 0.80 --spillback-min-halts 3 --spillback-alpha 0.30,human_light,/home/lugozzi/Desktop/tirocinio/Codice/sumo-traffic-control/logs/ablation/runs/run_0023_20260526_151234/populations/bologna_balanced_medium_seed1.yaml,ok,638.514,/home/lugozzi/Desktop/tirocinio/Codice/sumo-traffic-control/logs/ablation/runs/run_0023_20260526_151234/runs/bologna__balanced__medium__seed1__mp_spillback_on90_off80/vehicle_metrics.csv,2928,622.60485,2334.85,934.027322,2951.85,756.279095,7.449943,-9032444.935113,-9034011.778721,3000,2928,72,2.4,5621.0,1167.0,0.0,65.0,65.0,6058.0,0.0,0.0,0.0
bologna__balanced__medium__seed1__mp_switch_rel005,bologna,bologna,medium,3000,0.0,3600.0,balanced,1,mp_switch_rel005,mp,--switch-epsilon-rel 0.05,human_light,/home/lugozzi/Desktop/tirocinio/Codice/sumo-traffic-control/logs/ablation/runs/run_0023_20260526_151234/populations/bologna_balanced_medium_seed1.yaml,ok,373.667,/home/lugozzi/Desktop/tirocinio/Codice/sumo-traffic-control/logs/ablation/runs/run_0023_20260526_151234/runs/bologna__balanced__medium__seed1__mp_switch_rel005/vehicle_metrics.csv,2918,639.174777,2552.75,948.566827,3134.95,770.53816,7.42899,-9573378.120022,-9574970.676863,3000,2918,82,2.733333,5755.0,1219.0,0.0,0.0,0.0,0.0,0.0,0.0,0.0
bologna__skewed__medium__seed1__mp_program0,bologna,bologna,medium,3000,0.0,3600.0,skewed,1,mp_program0,mp,--program0-hybrid --program0-load-ref 3.5 --program0-enter-mp-load 0.60 --program0-exit-fixed-load 0.40 --program0-mode-streak 4,human_light,/home/lugozzi/Desktop/tirocinio/Codice/sumo-traffic-control/logs/ablation/runs/run_0023_20260526_151234/populations/bologna_skewed_medium_seed1.yaml,ok,341.37,/home/lugozzi/Desktop/tirocinio/Codice/sumo-traffic-control/logs/ablation/runs/run_0023_20260526_151234/runs/bologna__skewed__medium__seed1__mp_program0/vehicle_metrics.csv,2946,678.458588,2522.25,1147.860489,3320.0,939.980591,5.706644,-5209809.781118,-5211775.346159,3000,2946,54,1.8,558.0,0.0,0.0,0.0,0.0,0.0,0.0,0.0,0.0
bologna__balanced__medium__seed1__mp_super,bologna,bologna,medium,3000,0.0,3600.0,balanced,1,mp_super,mp,--super-router --super-load-ref 3.5 --super-low-load 0.40 --super-high-load 0.65 --super-imbalance-threshold 0.55 --super-platoon-threshold 0.70 --super-downstream-threshold 0.92 --super-mode-streak 4 --super-nmin-load 0.78 --super-lta-gain 0.60 --super-lta-sat-flow 0.50 --super-nmin-alpha 1.20 --super-nmin-floor 4 --super-nmin-min-green 4.0 --super-nmin-demand-gain 0.40 --super-nmin-empty-release-seconds 1.5,human_light,/home/lugozzi/Desktop/tirocinio/Codice/sumo-traffic-control/logs/ablation/runs/run_0023_20260526_151234/populations/bologna_balanced_medium_seed1.yaml,ok,746.218,/home/lugozzi/Desktop/tirocinio/Codice/sumo-traffic-control/logs/ablation/runs/run_0023_20260526_151234/runs/bologna__balanced__medium__seed1__mp_super/vehicle_metrics.csv,3000,462.677667,2289.35,782.583333,2802.15,605.915527,6.927048,-6409875.051664,-6411332.373889,3000,3000,0,0.0,557.0,0.0,0.0,3.0,1.0,30.0,0.0,2031.0,4682.151983
bologna__balanced__medium__seed1__mp_switch_rel010,bologna,bologna,medium,3000,0.0,3600.0,balanced,1,mp_switch_rel010,mp,--switch-epsilon-rel 0.10,human_light,/home/lugozzi/Desktop/tirocinio/Codice/sumo-traffic-control/logs/ablation/runs/run_0023_20260526_151234/populations/bologna_balanced_medium_seed1.yaml,ok,378.979,/home/lugozzi/Desktop/tirocinio/Codice/sumo-traffic-control/logs/ablation/runs/run_0023_20260526_151234/runs/bologna__balanced__medium__seed1__mp_switch_rel010/vehicle_metrics.csv,2931,689.618219,2848.0,1006.199249,3465.0,828.914493,7.493198,-8419340.456121,-8420994.647918,3000,2931,69,2.3,5808.0,1199.0,0.0,0.0,0.0,0.0,0.0,0.0,0.0
bologna__skewed__medium__seed1__mp_base,bologna,bologna,medium,3000,0.0,3600.0,skewed,1,mp_base,mp,,human_light,/home/lugozzi/Desktop/tirocinio/Codice/sumo-traffic-control/logs/ablation/runs/run_0023_20260526_151234/populations/bologna_skewed_medium_seed1.yaml,ok,510.108,/home/lugozzi/Desktop/tirocinio/Codice/sumo-traffic-control/logs/ablation/runs/run_0023_20260526_151234/runs/bologna__skewed__medium__seed1__mp_base/vehicle_metrics.csv,2352,1190.67602,3884.45,1594.179422,4588.0,1389.054996,6.207405,-12528960.177264,-12531332.860886,3000,2352,648,21.6,5686.0,1317.0,0.0,0.0,0.0,0.0,0.0,0.0,0.0
bologna__skewed__medium__seed1__mp_lta_g060_sf050,bologna,bologna,medium,3000,0.0,3600.0,skewed,1,mp_lta_g060_sf050,mp,--lost-time-aware --lost-time-sat-flow 0.50 --lost-time-gain 0.60,human_light,/home/lugozzi/Desktop/tirocinio/Codice/sumo-traffic-control/logs/ablation/runs/run_0023_20260526_151234/populations/bologna_skewed_medium_seed1.yaml,ok,498.846,/home/lugozzi/Desktop/tirocinio/Codice/sumo-traffic-control/logs/ablation/runs/run_0023_20260526_151234/runs/bologna__skewed__medium__seed1__mp_lta_g060_sf050/vehicle_metrics.csv,2449,1132.17354,3542.2,1554.857085,4319.2,1349.726468,5.984929,-8803964.473293,-8806290.242249,3000,2449,551,18.366667,3308.0,2503.0,0.0,0.0,0.0,0.0,0.0,0.0,0.0
bologna__skewed__medium__seed1__mp_lta_g040_sf050,bologna,bologna,medium,3000,0.0,3600.0,skewed,1,mp_lta_g040_sf050,mp,--lost-time-aware --lost-time-sat-flow 0.50 --lost-time-gain 0.40,human_light,/home/lugozzi/Desktop/tirocinio/Codice/sumo-traffic-control/logs/ablation/runs/run_0023_20260526_151234/populations/bologna_skewed_medium_seed1.yaml,ok,511.302,/home/lugozzi/Desktop/tirocinio/Codice/sumo-traffic-control/logs/ablation/runs/run_0023_20260526_151234/runs/bologna__skewed__medium__seed1__mp_lta_g040_sf050/vehicle_metrics.csv,2428,1230.406919,4150.55,1650.004119,4802.65,1444.740638,5.998817,-12629701.184303,-12632117.12771,3000,2428,572,19.066667,4521.0,1920.0,0.0,0.0,0.0,0.0,0.0,0.0,0.0
bologna__skewed__medium__seed1__mp_nmin_a120_f4,bologna,bologna,medium,3000,0.0,3600.0,skewed,1,mp_nmin_a120_f4,mp,--nmin-dynamic --lost-time-sat-flow 0.50 --nmin-alpha 1.20 --nmin-floor 4 --nmin-min-green 4.0 --nmin-demand-gain 0.40 --nmin-empty-release-seconds 1.5,human_light,/home/lugozzi/Desktop/tirocinio/Codice/sumo-traffic-control/logs/ablation/runs/run_0023_20260526_151234/populations/bologna_skewed_medium_seed1.yaml,ok,524.124,/home/lugozzi/Desktop/tirocinio/Codice/sumo-traffic-control/logs/ablation/runs/run_0023_20260526_151234/runs/bologna__skewed__medium__seed1__mp_nmin_a120_f4/vehicle_metrics.csv,2347,1293.623775,4200.8,1714.535577,4976.8,1505.194069,6.041015,-15979383.184723,-15981872.120919,3000,2347,653,21.766667,6303.0,1309.0,12464.0,0.0,0.0,0.0,0.0,0.0,0.0
bologna__skewed__medium__seed1__mp_nmin_a080_f2,bologna,bologna,medium,3000,0.0,3600.0,skewed,1,mp_nmin_a080_f2,mp,--nmin-dynamic --lost-time-sat-flow 0.50 --nmin-alpha 0.80 --nmin-floor 2 --nmin-min-green 4.0 --nmin-demand-gain 0.25 --nmin-empty-release-seconds 1.0,human_light,/home/lugozzi/Desktop/tirocinio/Codice/sumo-traffic-control/logs/ablation/runs/run_0023_20260526_151234/populations/bologna_skewed_medium_seed1.yaml,ok,525.752,/home/lugozzi/Desktop/tirocinio/Codice/sumo-traffic-control/logs/ablation/runs/run_0023_20260526_151234/runs/bologna__skewed__medium__seed1__mp_nmin_a080_f2/vehicle_metrics.csv,2272,1188.108715,4048.45,1599.251761,4734.45,1397.219652,6.097156,-11483424.271471,-11485815.823808,3000,2272,728,24.266667,6858.0,1292.0,3565.0,0.0,0.0,0.0,0.0,0.0,0.0
bologna__skewed__medium__seed1__fixed_program0,bologna,bologna,medium,3000,0.0,3600.0,skewed,1,fixed_program0,fixed,--fixed-program-id 0,human_light,/home/lugozzi/Desktop/tirocinio/Codice/sumo-traffic-control/logs/ablation/runs/run_0023_20260526_151234/populations/bologna_skewed_medium_seed1.yaml,ok,183.501,/home/lugozzi/Desktop/tirocinio/Codice/sumo-traffic-control/logs/ablation/runs/run_0023_20260526_151234/runs/bologna__skewed__medium__seed1__fixed_program0/vehicle_metrics.csv,2706,750.691057,2502.25,1197.586475,3330.25,997.064054,5.583546,-4275342.351602,-4277345.217042,3000,2706,294,9.8,0.0,0.0,0.0,0.0,0.0,0.0,0.0,0.0,0.0
bologna__skewed__medium__seed1__fixed_tuned,bologna,bologna,medium,3000,0.0,3600.0,skewed,1,fixed_tuned,fixed,--fixed-program-id 0 --fixed-main-green-seconds 30,human_light,/home/lugozzi/Desktop/tirocinio/Codice/sumo-traffic-control/logs/ablation/runs/run_0023_20260526_151234/populations/bologna_skewed_medium_seed1.yaml,ok,212.962,/home/lugozzi/Desktop/tirocinio/Codice/sumo-traffic-control/logs/ablation/runs/run_0023_20260526_151234/runs/bologna__skewed__medium__seed1__fixed_tuned/vehicle_metrics.csv,2681,1005.800821,2959.0,1474.287206,3811.0,1274.917449,4.510574,-2033532.996822,-2035842.505965,3000,2681,319,10.633333,0.0,0.0,0.0,0.0,0.0,0.0,0.0,0.0,0.0
bologna__skewed__medium__seed1__mp_downstream_b08,bologna,bologna,medium,3000,0.0,3600.0,skewed,1,mp_downstream_b08,mp,--downstream-penalty --downstream-beta 0.8 --downstream-alpha 0.30,human_light,/home/lugozzi/Desktop/tirocinio/Codice/sumo-traffic-control/logs/ablation/runs/run_0023_20260526_151234/populations/bologna_skewed_medium_seed1.yaml,ok,612.98,/home/lugozzi/Desktop/tirocinio/Codice/sumo-traffic-control/logs/ablation/runs/run_0023_20260526_151234/runs/bologna__skewed__medium__seed1__mp_downstream_b08/vehicle_metrics.csv,1839,1213.362153,3891.7,1627.726482,4596.5,1426.20354,4.964435,-17480016.103505,-17482362.097998,3000,1839,1161,38.7,20588.0,1187.0,0.0,0.0,0.0,0.0,0.0,0.0,0.0
bologna__skewed__medium__seed1__mp_downstream_b04,bologna,bologna,medium,3000,0.0,3600.0,skewed,1,mp_downstream_b04,mp,--downstream-penalty --downstream-beta 0.4 --downstream-alpha 0.30,human_light,/home/lugozzi/Desktop/tirocinio/Codice/sumo-traffic-control/logs/ablation/runs/run_0023_20260526_151234/populations/bologna_skewed_medium_seed1.yaml,ok,627.29,/home/lugozzi/Desktop/tirocinio/Codice/sumo-traffic-control/logs/ablation/runs/run_0023_20260526_151234/runs/bologna__skewed__medium__seed1__mp_downstream_b04/vehicle_metrics.csv,1765,1271.881586,4029.0,1679.887819,4715.6,1478.736261,4.890371,-17892926.076316,-17895350.126458,3000,1765,1235,41.166667,20162.0,1174.0,0.0,0.0,0.0,0.0,0.0,0.0,0.0
bologna__skewed__medium__seed1__mp_fair_mu5_w20,bologna,bologna,medium,3000,0.0,3600.0,skewed,1,mp_fair_mu5_w20,mp,--fairness --fairness-mu 5.0 --fairness-w-half 20.0,human_light,/home/lugozzi/Desktop/tirocinio/Codice/sumo-traffic-control/logs/ablation/runs/run_0023_20260526_151234/populations/bologna_skewed_medium_seed1.yaml,ok,514.516,/home/lugozzi/Desktop/tirocinio/Codice/sumo-traffic-control/logs/ablation/runs/run_0023_20260526_151234/runs/bologna__skewed__medium__seed1__mp_fair_mu5_w20/vehicle_metrics.csv,2362,1082.145639,3418.75,1503.917866,4271.4,1298.828357,6.183223,-10503609.18605,-10505863.996995,3000,2362,638,21.266667,6644.0,1291.0,0.0,0.0,0.0,0.0,0.0,55971.0,204082.968171
bologna__skewed__medium__seed1__mp_fair_mu3_w30,bologna,bologna,medium,3000,0.0,3600.0,skewed,1,mp_fair_mu3_w30,mp,--fairness --fairness-mu 3.0 --fairness-w-half 30.0,human_light,/home/lugozzi/Desktop/tirocinio/Codice/sumo-traffic-control/logs/ablation/runs/run_0023_20260526_151234/populations/bologna_skewed_medium_seed1.yaml,ok,522.161,/home/lugozzi/Desktop/tirocinio/Codice/sumo-traffic-control/logs/ablation/runs/run_0023_20260526_151234/runs/bologna__skewed__medium__seed1__mp_fair_mu3_w30/vehicle_metrics.csv,2464,1257.346997,4065.25,1681.149756,4735.55,1476.78039,6.006737,-11016642.129435,-11019072.886149,3000,2464,536,17.866667,6535.0,1301.0,0.0,0.0,0.0,0.0,0.0,54787.0,108670.398036
bologna__skewed__medium__seed1__mp_super,bologna,bologna,medium,3000,0.0,3600.0,skewed,1,mp_super,mp,--super-router --super-load-ref 3.5 --super-low-load 0.40 --super-high-load 0.65 --super-imbalance-threshold 0.55 --super-platoon-threshold 0.70 --super-downstream-threshold 0.92 --super-mode-streak 4 --super-nmin-load 0.78 --super-lta-gain 0.60 --super-lta-sat-flow 0.50 --super-nmin-alpha 1.20 --super-nmin-floor 4 --super-nmin-min-green 4.0 --super-nmin-demand-gain 0.40 --super-nmin-empty-release-seconds 1.5,human_light,/home/lugozzi/Desktop/tirocinio/Codice/sumo-traffic-control/logs/ablation/runs/run_0023_20260526_151234/populations/bologna_skewed_medium_seed1.yaml,ok,836.461,/home/lugozzi/Desktop/tirocinio/Codice/sumo-traffic-control/logs/ablation/runs/run_0023_20260526_151234/runs/bologna__skewed__medium__seed1__mp_super/vehicle_metrics.csv,2921,731.408764,2541.0,1214.685724,3473.0,1007.108559,5.549488,-5390332.30532,-5392366.432301,3000,2921,79,2.633333,937.0,0.0,0.0,100.0,94.0,4436.0,0.0,3155.0,6333.295236
bologna__skewed__medium__seed1__mp_switch_rel005,bologna,bologna,medium,3000,0.0,3600.0,skewed,1,mp_switch_rel005,mp,--switch-epsilon-rel 0.05,human_light,/home/lugozzi/Desktop/tirocinio/Codice/sumo-traffic-control/logs/ablation/runs/run_0023_20260526_151234/populations/bologna_skewed_medium_seed1.yaml,ok,511.253,/home/lugozzi/Desktop/tirocinio/Codice/sumo-traffic-control/logs/ablation/runs/run_0023_20260526_151234/runs/bologna__skewed__medium__seed1__mp_switch_rel005/vehicle_metrics.csv,2352,1190.67602,3884.45,1594.179422,4588.0,1389.054996,6.207405,-12528960.177264,-12531332.860886,3000,2352,648,21.6,5683.0,1320.0,0.0,0.0,0.0,0.0,0.0,0.0,0.0
bologna__skewed__medium__seed1__mp_switch_eps1,bologna,bologna,medium,3000,0.0,3600.0,skewed,1,mp_switch_eps1,mp,--switch-epsilon 1.0,human_light,/home/lugozzi/Desktop/tirocinio/Codice/sumo-traffic-control/logs/ablation/runs/run_0023_20260526_151234/populations/bologna_skewed_medium_seed1.yaml,ok,517.041,/home/lugozzi/Desktop/tirocinio/Codice/sumo-traffic-control/logs/ablation/runs/run_0023_20260526_151234/runs/bologna__skewed__medium__seed1__mp_switch_eps1/vehicle_metrics.csv,2342,1243.342869,4137.6,1654.393681,4928.8,1451.095124,6.057715,-10657677.550656,-10660137.111827,3000,2342,658,21.933333,4407.0,1918.0,0.0,0.0,0.0,0.0,0.0,0.0,0.0
bologna__skewed__medium__seed1__mp_spillback_on85_off70,bologna,bologna,medium,3000,0.0,3600.0,skewed,1,mp_spillback_on85_off70,mp,--spillback --spillback-on 0.85 --spillback-off 0.70 --spillback-min-halts 2 --spillback-alpha 0.30,human_light,/home/lugozzi/Desktop/tirocinio/Codice/sumo-traffic-control/logs/ablation/runs/run_0023_20260526_151234/populations/bologna_skewed_medium_seed1.yaml,ok,758.937,/home/lugozzi/Desktop/tirocinio/Codice/sumo-traffic-control/logs/ablation/runs/run_0023_20260526_151234/runs/bologna__skewed__medium__seed1__mp_spillback_on85_off70/vehicle_metrics.csv,2337,1154.453145,3744.0,1554.390672,4486.6,1353.811819,6.20589,-8529015.825263,-8531375.829063,3000,2337,663,22.1,5820.0,1286.0,0.0,304.0,294.0,30976.0,0.0,0.0,0.0
bologna__skewed__medium__seed1__mp_spillback_on90_off80,bologna,bologna,medium,3000,0.0,3600.0,skewed,1,mp_spillback_on90_off80,mp,--spillback --spillback-on 0.90 --spillback-off 0.80 --spillback-min-halts 3 --spillback-alpha 0.30,human_light,/home/lugozzi/Desktop/tirocinio/Codice/sumo-traffic-control/logs/ablation/runs/run_0023_20260526_151234/populations/bologna_skewed_medium_seed1.yaml,ok,766.683,/home/lugozzi/Desktop/tirocinio/Codice/sumo-traffic-control/logs/ablation/runs/run_0023_20260526_151234/runs/bologna__skewed__medium__seed1__mp_spillback_on90_off80/vehicle_metrics.csv,2225,1042.484944,3537.4,1425.34382,4269.4,1226.89636,6.533976,-8762398.301105,-8764560.923607,3000,2225,775,25.833333,5800.0,1283.0,0.0,260.0,252.0,26328.0,0.0,0.0,0.0
bologna__skewed__medium__seed1__mp_platoon_x2,bologna,bologna,medium,3000,0.0,3600.0,skewed,1,mp_platoon_x2,mp,--platoon-extension --platoon-headway-threshold 2.1 --platoon-gap-out-seconds 2.1 --platoon-max-extra-green 2.0 --platoon-guard-occ 0.90,human_light,/home/lugozzi/Desktop/tirocinio/Codice/sumo-traffic-control/logs/ablation/runs/run_0023_20260526_151234/populations/bologna_skewed_medium_seed1.yaml,ok,728.224,/home/lugozzi/Desktop/tirocinio/Codice/sumo-traffic-control/logs/ablation/runs/run_0023_20260526_151234/runs/bologna__skewed__medium__seed1__mp_platoon_x2/vehicle_metrics.csv,2409,1188.044002,3895.6,1607.854711,4714.6,1397.840091,6.26146,-14646903.552218,-14649271.436267,3000,2409,591,19.7,5820.0,1283.0,0.0,0.0,0.0,0.0,536.0,0.0,0.0
bologna__peak__medium__seed1__mp_program0,bologna,bologna,medium,3000,0.0,3600.0,peak,1,mp_program0,mp,--program0-hybrid --program0-load-ref 3.5 --program0-enter-mp-load 0.60 --program0-exit-fixed-load 0.40 --program0-mode-streak 4,human_light,/home/lugozzi/Desktop/tirocinio/Codice/sumo-traffic-control/logs/ablation/runs/run_0023_20260526_151234/populations/bologna_peak_medium_seed1.yaml,ok,390.298,/home/lugozzi/Desktop/tirocinio/Codice/sumo-traffic-control/logs/ablation/runs/run_0023_20260526_151234/runs/bologna__peak__medium__seed1__mp_program0/vehicle_metrics.csv,2817,901.633298,2826.2,1446.065673,3925.2,1241.684061,4.886831,-5171860.950163,-5174037.333,3000,2817,183,6.1,845.0,0.0,0.0,0.0,0.0,0.0,0.0,0.0,0.0
bologna__skewed__medium__seed1__mp_switch_rel010,bologna,bologna,medium,3000,0.0,3600.0,skewed,1,mp_switch_rel010,mp,--switch-epsilon-rel 0.10,human_light,/home/lugozzi/Desktop/tirocinio/Codice/sumo-traffic-control/logs/ablation/runs/run_0023_20260526_151234/populations/bologna_skewed_medium_seed1.yaml,ok,531.312,/home/lugozzi/Desktop/tirocinio/Codice/sumo-traffic-control/logs/ablation/runs/run_0023_20260526_151234/runs/bologna__skewed__medium__seed1__mp_switch_rel010/vehicle_metrics.csv,2134,1145.105904,4328.05,1533.212746,5062.75,1329.672268,6.500488,-13789285.87687,-13791529.338251,3000,2134,866,28.866667,5689.0,1238.0,0.0,0.0,0.0,0.0,0.0,0.0,0.0
bologna__skewed__medium__seed1__mp_platoon_x4,bologna,bologna,medium,3000,0.0,3600.0,skewed,1,mp_platoon_x4,mp,--platoon-extension --platoon-headway-threshold 2.1 --platoon-gap-out-seconds 2.1 --platoon-max-extra-green 4.0 --platoon-guard-occ 0.90,human_light,/home/lugozzi/Desktop/tirocinio/Codice/sumo-traffic-control/logs/ablation/runs/run_0023_20260526_151234/populations/bologna_skewed_medium_seed1.yaml,ok,719.145,/home/lugozzi/Desktop/tirocinio/Codice/sumo-traffic-control/logs/ablation/runs/run_0023_20260526_151234/runs/bologna__skewed__medium__seed1__mp_platoon_x4/vehicle_metrics.csv,2436,1123.341544,3526.25,1539.080049,4228.25,1332.74647,6.0952,-11548985.199077,-11551310.906737,3000,2436,564,18.8,5847.0,1339.0,0.0,0.0,0.0,0.0,899.0,0.0,0.0
bologna__peak__medium__seed1__mp_base,bologna,bologna,medium,3000,0.0,3600.0,peak,1,mp_base,mp,,human_light,/home/lugozzi/Desktop/tirocinio/Codice/sumo-traffic-control/logs/ablation/runs/run_0023_20260526_151234/populations/bologna_peak_medium_seed1.yaml,ok,520.114,/home/lugozzi/Desktop/tirocinio/Codice/sumo-traffic-control/logs/ablation/runs/run_0023_20260526_151234/runs/bologna__peak__medium__seed1__mp_base/vehicle_metrics.csv,2363,1255.093102,4001.0,1681.071519,4787.6,1479.271968,5.808433,-11774071.972543,-11776414.908209,3000,2363,637,21.233333,5407.0,1166.0,0.0,0.0,0.0,0.0,0.0,0.0,0.0
bologna__peak__medium__seed1__mp_lta_g040_sf050,bologna,bologna,medium,3000,0.0,3600.0,peak,1,mp_lta_g040_sf050,mp,--lost-time-aware --lost-time-sat-flow 0.50 --lost-time-gain 0.40,human_light,/home/lugozzi/Desktop/tirocinio/Codice/sumo-traffic-control/logs/ablation/runs/run_0023_20260526_151234/populations/bologna_peak_medium_seed1.yaml,ok,532.598,/home/lugozzi/Desktop/tirocinio/Codice/sumo-traffic-control/logs/ablation/runs/run_0023_20260526_151234/runs/bologna__peak__medium__seed1__mp_lta_g040_sf050/vehicle_metrics.csv,2364,1334.274535,3926.05,1763.131134,4754.85,1557.851151,5.587153,-16150616.103267,-16153090.728006,3000,2364,636,21.2,4223.0,1667.0,0.0,0.0,0.0,0.0,0.0,0.0,0.0
bologna__peak__medium__seed1__mp_lta_g060_sf050,bologna,bologna,medium,3000,0.0,3600.0,peak,1,mp_lta_g060_sf050,mp,--lost-time-aware --lost-time-sat-flow 0.50 --lost-time-gain 0.60,human_light,/home/lugozzi/Desktop/tirocinio/Codice/sumo-traffic-control/logs/ablation/runs/run_0023_20260526_151234/populations/bologna_peak_medium_seed1.yaml,ok,543.128,/home/lugozzi/Desktop/tirocinio/Codice/sumo-traffic-control/logs/ablation/runs/run_0023_20260526_151234/runs/bologna__peak__medium__seed1__mp_lta_g060_sf050/vehicle_metrics.csv,2097,1025.8536,3821.4,1411.904149,4509.0,1211.416848,6.017597,-15607948.065755,-15610004.791625,3000,2097,903,30.1,2982.0,2056.0,0.0,0.0,0.0,0.0,0.0,0.0,0.0
bologna__peak__medium__seed1__mp_nmin_a120_f4,bologna,bologna,medium,3000,0.0,3600.0,peak,1,mp_nmin_a120_f4,mp,--nmin-dynamic --lost-time-sat-flow 0.50 --nmin-alpha 1.20 --nmin-floor 4 --nmin-min-green 4.0 --nmin-demand-gain 0.40 --nmin-empty-release-seconds 1.5,human_light,/home/lugozzi/Desktop/tirocinio/Codice/sumo-traffic-control/logs/ablation/runs/run_0023_20260526_151234/populations/bologna_peak_medium_seed1.yaml,ok,529.67,/home/lugozzi/Desktop/tirocinio/Codice/sumo-traffic-control/logs/ablation/runs/run_0023_20260526_151234/runs/bologna__peak__medium__seed1__mp_nmin_a120_f4/vehicle_metrics.csv,2437,1348.048831,3933.0,1805.119409,4770.0,1595.934346,5.451823,-17519420.687977,-17521907.832489,3000,2437,563,18.766667,6272.0,1168.0,13784.0,0.0,0.0,0.0,0.0,0.0,0.0
bologna__peak__medium__seed1__mp_nmin_a080_f2,bologna,bologna,medium,3000,0.0,3600.0,peak,1,mp_nmin_a080_f2,mp,--nmin-dynamic --lost-time-sat-flow 0.50 --nmin-alpha 0.80 --nmin-floor 2 --nmin-min-green 4.0 --nmin-demand-gain 0.25 --nmin-empty-release-seconds 1.0,human_light,/home/lugozzi/Desktop/tirocinio/Codice/sumo-traffic-control/logs/ablation/runs/run_0023_20260526_151234/populations/bologna_peak_medium_seed1.yaml,ok,553.298,/home/lugozzi/Desktop/tirocinio/Codice/sumo-traffic-control/logs/ablation/runs/run_0023_20260526_151234/runs/bologna__peak__medium__seed1__mp_nmin_a080_f2/vehicle_metrics.csv,2190,1258.727854,3992.55,1696.209589,4788.55,1493.695087,5.39179,-15031831.763301,-15034196.994298,3000,2190,810,27.0,6623.0,1144.0,4911.0,0.0,0.0,0.0,0.0,0.0,0.0
bologna__peak__medium__seed1__mp_downstream_b04,bologna,bologna,medium,3000,0.0,3600.0,peak,1,mp_downstream_b04,mp,--downstream-penalty --downstream-beta 0.4 --downstream-alpha 0.30,human_light,/home/lugozzi/Desktop/tirocinio/Codice/sumo-traffic-control/logs/ablation/runs/run_0023_20260526_151234/populations/bologna_peak_medium_seed1.yaml,ok,644.318,/home/lugozzi/Desktop/tirocinio/Codice/sumo-traffic-control/logs/ablation/runs/run_0023_20260526_151234/runs/bologna__peak__medium__seed1__mp_downstream_b04/vehicle_metrics.csv,1698,1261.469965,3832.15,1680.028857,4463.6,1478.283145,4.576193,-21481482.342706,-21483831.633641,3000,1698,1302,43.4,18543.0,1041.0,0.0,0.0,0.0,0.0,0.0,0.0,0.0
bologna__peak__medium__seed1__mp_fair_mu3_w30,bologna,bologna,medium,3000,0.0,3600.0,peak,1,mp_fair_mu3_w30,mp,--fairness --fairness-mu 3.0 --fairness-w-half 30.0,human_light,/home/lugozzi/Desktop/tirocinio/Codice/sumo-traffic-control/logs/ablation/runs/run_0023_20260526_151234/populations/bologna_peak_medium_seed1.yaml,ok,521.929,/home/lugozzi/Desktop/tirocinio/Codice/sumo-traffic-control/logs/ablation/runs/run_0023_20260526_151234/runs/bologna__peak__medium__seed1__mp_fair_mu3_w30/vehicle_metrics.csv,2442,1232.264947,3841.7,1687.300983,4597.6,1485.803309,5.464383,-10679890.36586,-10682221.32928,3000,2442,558,18.6,6197.0,1142.0,0.0,0.0,0.0,0.0,0.0,60590.0,120373.766604
bologna__peak__medium__seed1__mp_downstream_b08,bologna,bologna,medium,3000,0.0,3600.0,peak,1,mp_downstream_b08,mp,--downstream-penalty --downstream-beta 0.8 --downstream-alpha 0.30,human_light,/home/lugozzi/Desktop/tirocinio/Codice/sumo-traffic-control/logs/ablation/runs/run_0023_20260526_151234/populations/bologna_peak_medium_seed1.yaml,ok,636.251,/home/lugozzi/Desktop/tirocinio/Codice/sumo-traffic-control/logs/ablation/runs/run_0023_20260526_151234/runs/bologna__peak__medium__seed1__mp_downstream_b08/vehicle_metrics.csv,1764,1278.087868,3759.85,1713.731293,4442.4,1509.584212,4.425136,-23714351.69708,-23716742.936123,3000,1764,1236,41.2,18883.0,1097.0,0.0,0.0,0.0,0.0,0.0,0.0,0.0
bologna__peak__medium__seed1__fixed_program0,bologna,bologna,medium,3000,0.0,3600.0,peak,1,fixed_program0,fixed,--fixed-program-id 0,human_light,/home/lugozzi/Desktop/tirocinio/Codice/sumo-traffic-control/logs/ablation/runs/run_0023_20260526_151234/populations/bologna_peak_medium_seed1.yaml,ok,215.507,/home/lugozzi/Desktop/tirocinio/Codice/sumo-traffic-control/logs/ablation/runs/run_0023_20260526_151234/runs/bologna__peak__medium__seed1__fixed_program0/vehicle_metrics.csv,2604,998.771121,3178.65,1498.384409,3943.55,1297.481601,4.957799,-7336472.472165,-7338663.057309,3000,2604,396,13.2,0.0,0.0,0.0,0.0,0.0,0.0,0.0,0.0,0.0
bologna__peak__medium__seed1__mp_fair_mu5_w20,bologna,bologna,medium,3000,0.0,3600.0,peak,1,mp_fair_mu5_w20,mp,--fairness --fairness-mu 5.0 --fairness-w-half 20.0,human_light,/home/lugozzi/Desktop/tirocinio/Codice/sumo-traffic-control/logs/ablation/runs/run_0023_20260526_151234/populations/bologna_peak_medium_seed1.yaml,ok,536.479,/home/lugozzi/Desktop/tirocinio/Codice/sumo-traffic-control/logs/ablation/runs/run_0023_20260526_151234/runs/bologna__peak__medium__seed1__mp_fair_mu5_w20/vehicle_metrics.csv,2265,1257.178808,4118.6,1682.375717,4843.2,1483.336954,5.607704,-13332789.204449,-13335100.592527,3000,2265,735,24.5,6381.0,1140.0,0.0,0.0,0.0,0.0,0.0,56305.0,206348.656712
bologna__peak__medium__seed1__fixed_tuned,bologna,bologna,medium,3000,0.0,3600.0,peak,1,fixed_tuned,fixed,--fixed-program-id 0 --fixed-main-green-seconds 30,human_light,/home/lugozzi/Desktop/tirocinio/Codice/sumo-traffic-control/logs/ablation/runs/run_0023_20260526_151234/populations/bologna_peak_medium_seed1.yaml,ok,229.526,/home/lugozzi/Desktop/tirocinio/Codice/sumo-traffic-control/logs/ablation/runs/run_0023_20260526_151234/runs/bologna__peak__medium__seed1__fixed_tuned/vehicle_metrics.csv,2558,1180.152072,3203.6,1678.676701,4168.3,1477.327498,4.118228,-7343015.636641,-7345448.109321,3000,2558,442,14.733333,0.0,0.0,0.0,0.0,0.0,0.0,0.0,0.0,0.0
bologna__peak__medium__seed1__mp_switch_eps1,bologna,bologna,medium,3000,0.0,3600.0,peak,1,mp_switch_eps1,mp,--switch-epsilon 1.0,human_light,/home/lugozzi/Desktop/tirocinio/Codice/sumo-traffic-control/logs/ablation/runs/run_0023_20260526_151234/populations/bologna_peak_medium_seed1.yaml,ok,501.966,/home/lugozzi/Desktop/tirocinio/Codice/sumo-traffic-control/logs/ablation/runs/run_0023_20260526_151234/runs/bologna__peak__medium__seed1__mp_switch_eps1/vehicle_metrics.csv,2398,1270.017515,3819.75,1706.021268,4656.5,1501.614441,5.65381,-13861124.162646,-13863484.726949,3000,2398,602,20.066667,4217.0,1706.0,0.0,0.0,0.0,0.0,0.0,0.0,0.0
bologna__peak__medium__seed1__mp_super,bologna,bologna,medium,3000,0.0,3600.0,peak,1,mp_super,mp,--super-router --super-load-ref 3.5 --super-low-load 0.40 --super-high-load 0.65 --super-imbalance-threshold 0.55 --super-platoon-threshold 0.70 --super-downstream-threshold 0.92 --super-mode-streak 4 --super-nmin-load 0.78 --super-lta-gain 0.60 --super-lta-sat-flow 0.50 --super-nmin-alpha 1.20 --super-nmin-floor 4 --super-nmin-min-green 4.0 --super-nmin-demand-gain 0.40 --super-nmin-empty-release-seconds 1.5,human_light,/home/lugozzi/Desktop/tirocinio/Codice/sumo-traffic-control/logs/ablation/runs/run_0023_20260526_151234/populations/bologna_peak_medium_seed1.yaml,ok,859.688,/home/lugozzi/Desktop/tirocinio/Codice/sumo-traffic-control/logs/ablation/runs/run_0023_20260526_151234/runs/bologna__peak__medium__seed1__mp_super/vehicle_metrics.csv,2860,957.076573,3066.7,1506.751399,4168.4,1303.262084,4.779842,-3706783.193584,-3708987.342172,3000,2860,140,4.666667,1293.0,0.0,0.0,139.0,130.0,5978.0,0.0,5231.0,10165.601626
bologna__peak__medium__seed1__mp_switch_rel005,bologna,bologna,medium,3000,0.0,3600.0,peak,1,mp_switch_rel005,mp,--switch-epsilon-rel 0.05,human_light,/home/lugozzi/Desktop/tirocinio/Codice/sumo-traffic-control/logs/ablation/runs/run_0023_20260526_151234/populations/bologna_peak_medium_seed1.yaml,ok,497.815,/home/lugozzi/Desktop/tirocinio/Codice/sumo-traffic-control/logs/ablation/runs/run_0023_20260526_151234/runs/bologna__peak__medium__seed1__mp_switch_rel005/vehicle_metrics.csv,2312,1251.208045,4105.45,1668.799308,4837.9,1468.13061,5.880372,-12213593.914379,-12215942.055276,3000,2312,688,22.933333,5297.0,1162.0,0.0,0.0,0.0,0.0,0.0,0.0,0.0
bologna__peak__medium__seed1__mp_spillback_on85_off70,bologna,bologna,medium,3000,0.0,3600.0,peak,1,mp_spillback_on85_off70,mp,--spillback --spillback-on 0.85 --spillback-off 0.70 --spillback-min-halts 2 --spillback-alpha 0.30,human_light,/home/lugozzi/Desktop/tirocinio/Codice/sumo-traffic-control/logs/ablation/runs/run_0023_20260526_151234/populations/bologna_peak_medium_seed1.yaml,ok,748.006,/home/lugozzi/Desktop/tirocinio/Codice/sumo-traffic-control/logs/ablation/runs/run_0023_20260526_151234/runs/bologna__peak__medium__seed1__mp_spillback_on85_off70/vehicle_metrics.csv,2228,1225.68088,4013.3,1638.9614,4753.9,1441.023829,5.567763,-11105061.788472,-11107391.690942,3000,2228,772,25.733333,5418.0,1125.0,0.0,444.0,442.0,38285.0,0.0,0.0,0.0
bologna__peak__medium__seed1__mp_spillback_on90_off80,bologna,bologna,medium,3000,0.0,3600.0,peak,1,mp_spillback_on90_off80,mp,--spillback --spillback-on 0.90 --spillback-off 0.80 --spillback-min-halts 3 --spillback-alpha 0.30,human_light,/home/lugozzi/Desktop/tirocinio/Codice/sumo-traffic-control/logs/ablation/runs/run_0023_20260526_151234/populations/bologna_peak_medium_seed1.yaml,ok,746.813,/home/lugozzi/Desktop/tirocinio/Codice/sumo-traffic-control/logs/ablation/runs/run_0023_20260526_151234/runs/bologna__peak__medium__seed1__mp_spillback_on90_off80/vehicle_metrics.csv,2025,960.201975,3943.0,1333.48642,4576.4,1134.274183,6.347097,-15165215.76191,-15167186.192077,3000,2025,975,32.5,5165.0,1100.0,0.0,333.0,329.0,31781.0,0.0,0.0,0.0
bologna__peak__medium__seed1__mp_switch_rel010,bologna,bologna,medium,3000,0.0,3600.0,peak,1,mp_switch_rel010,mp,--switch-epsilon-rel 0.10,human_light,/home/lugozzi/Desktop/tirocinio/Codice/sumo-traffic-control/logs/ablation/runs/run_0023_20260526_151234/populations/bologna_peak_medium_seed1.yaml,ok,486.813,/home/lugozzi/Desktop/tirocinio/Codice/sumo-traffic-control/logs/ablation/runs/run_0023_20260526_151234/runs/bologna__peak__medium__seed1__mp_switch_rel010/vehicle_metrics.csv,2136,1074.888109,3910.25,1467.935861,4584.25,1270.210679,5.853085,-12790766.571681,-12792897.257291,3000,2136,864,28.8,5297.0,1142.0,0.0,0.0,0.0,0.0,0.0,0.0,0.0
bologna__peak__medium__seed1__mp_platoon_x4,bologna,bologna,medium,3000,0.0,3600.0,peak,1,mp_platoon_x4,mp,--platoon-extension --platoon-headway-threshold 2.1 --platoon-gap-out-seconds 2.1 --platoon-max-extra-green 4.0 --platoon-guard-occ 0.90,human_light,/home/lugozzi/Desktop/tirocinio/Codice/sumo-traffic-control/logs/ablation/runs/run_0023_20260526_151234/populations/bologna_peak_medium_seed1.yaml,ok,653.773,/home/lugozzi/Desktop/tirocinio/Codice/sumo-traffic-control/logs/ablation/runs/run_0023_20260526_151234/runs/bologna__peak__medium__seed1__mp_platoon_x4/vehicle_metrics.csv,2538,1189.891253,3560.3,1647.058708,4391.05,1441.657136,5.298586,-10629936.685671,-10632242.09933,3000,2538,462,15.4,5548.0,1223.0,0.0,0.0,0.0,0.0,968.0,0.0,0.0
bologna__peak__medium__seed1__mp_platoon_x2,bologna,bologna,medium,3000,0.0,3600.0,peak,1,mp_platoon_x2,mp,--platoon-extension --platoon-headway-threshold 2.1 --platoon-gap-out-seconds 2.1 --platoon-max-extra-green 2.0 --platoon-guard-occ 0.90,human_light,/home/lugozzi/Desktop/tirocinio/Codice/sumo-traffic-control/logs/ablation/runs/run_0023_20260526_151234/populations/bologna_peak_medium_seed1.yaml,ok,686.835,/home/lugozzi/Desktop/tirocinio/Codice/sumo-traffic-control/logs/ablation/runs/run_0023_20260526_151234/runs/bologna__peak__medium__seed1__mp_platoon_x2/vehicle_metrics.csv,2289,1198.609436,3764.6,1635.074268,4589.0,1427.738637,5.766227,-13350076.610241,-13352406.923996,3000,2289,711,23.7,5281.0,1154.0,0.0,0.0,0.0,0.0,528.0,0.0,0.0
bologna__balanced__high__seed1__mp_program0,bologna,bologna,high,5000,0.0,3600.0,balanced,1,mp_program0,mp,--program0-hybrid --program0-load-ref 3.5 --program0-enter-mp-load 0.60 --program0-exit-fixed-load 0.40 --program0-mode-streak 4,human_light,/home/lugozzi/Desktop/tirocinio/Codice/sumo-traffic-control/logs/ablation/runs/run_0023_20260526_151234/populations/bologna_balanced_high_seed1.yaml,ok,435.694,/home/lugozzi/Desktop/tirocinio/Codice/sumo-traffic-control/logs/ablation/runs/run_0023_20260526_151234/runs/bologna__balanced__high__seed1__mp_program0/vehicle_metrics.csv,4724,711.300381,2405.4,1114.493014,3168.85,932.167214,5.571582,-13901875.970634,-13903684.086147,5000,4724,276,5.52,1069.0,0.0,0.0,0.0,0.0,0.0,0.0,0.0,0.0
bologna__balanced__high__seed1__mp_base,bologna,bologna,high,5000,0.0,3600.0,balanced,1,mp_base,mp,,human_light,/home/lugozzi/Desktop/tirocinio/Codice/sumo-traffic-control/logs/ablation/runs/run_0023_20260526_151234/populations/bologna_balanced_high_seed1.yaml,ok,614.288,/home/lugozzi/Desktop/tirocinio/Codice/sumo-traffic-control/logs/ablation/runs/run_0023_20260526_151234/runs/bologna__balanced__high__seed1__mp_base/vehicle_metrics.csv,4021,1043.291221,3539.0,1404.225317,4203.0,1223.797894,5.887894,-20382946.362469,-20384927.349858,5000,4021,979,19.58,8087.0,1302.0,0.0,0.0,0.0,0.0,0.0,0.0,0.0
bologna__balanced__high__seed1__mp_fair_mu5_w20,bologna,bologna,high,5000,0.0,3600.0,balanced,1,mp_fair_mu5_w20,mp,--fairness --fairness-mu 5.0 --fairness-w-half 20.0,human_light,/home/lugozzi/Desktop/tirocinio/Codice/sumo-traffic-control/logs/ablation/runs/run_0023_20260526_151234/populations/bologna_balanced_high_seed1.yaml,ok,618.136,/home/lugozzi/Desktop/tirocinio/Codice/sumo-traffic-control/logs/ablation/runs/run_0023_20260526_151234/runs/bologna__balanced__high__seed1__mp_fair_mu5_w20/vehicle_metrics.csv,4061,969.359517,3599.0,1332.978823,4325.0,1152.64802,6.040612,-20268464.709448,-20270364.832061,5000,4061,939,18.78,9859.0,1248.0,0.0,0.0,0.0,0.0,0.0,114590.0,431824.302252
bologna__balanced__high__seed1__mp_switch_eps1,bologna,bologna,high,5000,0.0,3600.0,balanced,1,mp_switch_eps1,mp,--switch-epsilon 1.0,human_light,/home/lugozzi/Desktop/tirocinio/Codice/sumo-traffic-control/logs/ablation/runs/run_0023_20260526_151234/populations/bologna_balanced_high_seed1.yaml,ok,627.121,/home/lugozzi/Desktop/tirocinio/Codice/sumo-traffic-control/logs/ablation/runs/run_0023_20260526_151234/runs/bologna__balanced__high__seed1__mp_switch_eps1/vehicle_metrics.csv,3934,1036.177682,3481.0,1388.405948,4151.9,1206.817382,5.798326,-22671456.822134,-22673450.727778,5000,3934,1066,21.32,6339.0,1966.0,0.0,0.0,0.0,0.0,0.0,0.0,0.0
bologna__balanced__high__seed1__mp_fair_mu3_w30,bologna,bologna,high,5000,0.0,3600.0,balanced,1,mp_fair_mu3_w30,mp,--fairness --fairness-mu 3.0 --fairness-w-half 30.0,human_light,/home/lugozzi/Desktop/tirocinio/Codice/sumo-traffic-control/logs/ablation/runs/run_0023_20260526_151234/populations/bologna_balanced_high_seed1.yaml,ok,629.403,/home/lugozzi/Desktop/tirocinio/Codice/sumo-traffic-control/logs/ablation/runs/run_0023_20260526_151234/runs/bologna__balanced__high__seed1__mp_fair_mu3_w30/vehicle_metrics.csv,4010,964.766334,3555.0,1317.798254,4250.1,1140.784419,5.999638,-17934579.687076,-17936474.227958,5000,4010,990,19.8,9139.0,1227.0,0.0,0.0,0.0,0.0,0.0,128211.0,269356.951859
bologna__balanced__high__seed1__mp_lta_g040_sf050,bologna,bologna,high,5000,0.0,3600.0,balanced,1,mp_lta_g040_sf050,mp,--lost-time-aware --lost-time-sat-flow 0.50 --lost-time-gain 0.40,human_light,/home/lugozzi/Desktop/tirocinio/Codice/sumo-traffic-control/logs/ablation/runs/run_0023_20260526_151234/populations/bologna_balanced_high_seed1.yaml,ok,631.753,/home/lugozzi/Desktop/tirocinio/Codice/sumo-traffic-control/logs/ablation/runs/run_0023_20260526_151234/runs/bologna__balanced__high__seed1__mp_lta_g040_sf050/vehicle_metrics.csv,3924,1070.58002,3882.25,1416.650866,4529.0,1237.622564,5.847966,-19622157.760566,-19624126.506547,5000,3924,1076,21.52,6196.0,1839.0,0.0,0.0,0.0,0.0,0.0,0.0,0.0
bologna__balanced__high__seed1__mp_nmin_a120_f4,bologna,bologna,high,5000,0.0,3600.0,balanced,1,mp_nmin_a120_f4,mp,--nmin-dynamic --lost-time-sat-flow 0.50 --nmin-alpha 1.20 --nmin-floor 4 --nmin-min-green 4.0 --nmin-demand-gain 0.40 --nmin-empty-release-seconds 1.5,human_light,/home/lugozzi/Desktop/tirocinio/Codice/sumo-traffic-control/logs/ablation/runs/run_0023_20260526_151234/populations/bologna_balanced_high_seed1.yaml,ok,644.428,/home/lugozzi/Desktop/tirocinio/Codice/sumo-traffic-control/logs/ablation/runs/run_0023_20260526_151234/runs/bologna__balanced__high__seed1__mp_nmin_a120_f4/vehicle_metrics.csv,3911,1152.048837,3933.0,1519.699565,4600.5,1340.3446,5.56911,-21290264.307061,-21292360.989446,5000,3911,1089,21.78,9244.0,1242.0,22520.0,0.0,0.0,0.0,0.0,0.0,0.0
bologna__balanced__high__seed1__mp_lta_g060_sf050,bologna,bologna,high,5000,0.0,3600.0,balanced,1,mp_lta_g060_sf050,mp,--lost-time-aware --lost-time-sat-flow 0.50 --lost-time-gain 0.60,human_light,/home/lugozzi/Desktop/tirocinio/Codice/sumo-traffic-control/logs/ablation/runs/run_0023_20260526_151234/populations/bologna_balanced_high_seed1.yaml,ok,645.997,/home/lugozzi/Desktop/tirocinio/Codice/sumo-traffic-control/logs/ablation/runs/run_0023_20260526_151234/runs/bologna__balanced__high__seed1__mp_lta_g060_sf050/vehicle_metrics.csv,3733,1014.760782,3680.0,1353.406376,4251.8,1173.900785,5.907332,-23425078.968716,-23426973.586565,5000,3733,1267,25.34,4571.0,2442.0,0.0,0.0,0.0,0.0,0.0,0.0,0.0
bologna__balanced__high__seed1__mp_nmin_a080_f2,bologna,bologna,high,5000,0.0,3600.0,balanced,1,mp_nmin_a080_f2,mp,--nmin-dynamic --lost-time-sat-flow 0.50 --nmin-alpha 0.80 --nmin-floor 2 --nmin-min-green 4.0 --nmin-demand-gain 0.25 --nmin-empty-release-seconds 1.0,human_light,/home/lugozzi/Desktop/tirocinio/Codice/sumo-traffic-control/logs/ablation/runs/run_0023_20260526_151234/populations/bologna_balanced_high_seed1.yaml,ok,651.949,/home/lugozzi/Desktop/tirocinio/Codice/sumo-traffic-control/logs/ablation/runs/run_0023_20260526_151234/runs/bologna__balanced__high__seed1__mp_nmin_a080_f2/vehicle_metrics.csv,3878,1099.998711,3611.3,1481.195719,4304.65,1298.340663,5.694067,-25053230.395787,-25055296.27962,5000,3878,1122,22.44,10629.0,1300.0,9481.0,0.0,0.0,0.0,0.0,0.0,0.0
bologna__balanced__high__seed1__mp_downstream_b08,bologna,bologna,high,5000,0.0,3600.0,balanced,1,mp_downstream_b08,mp,--downstream-penalty --downstream-beta 0.8 --downstream-alpha 0.30,human_light,/home/lugozzi/Desktop/tirocinio/Codice/sumo-traffic-control/logs/ablation/runs/run_0023_20260526_151234/populations/bologna_balanced_high_seed1.yaml,ok,777.159,/home/lugozzi/Desktop/tirocinio/Codice/sumo-traffic-control/logs/ablation/runs/run_0023_20260526_151234/runs/bologna__balanced__high__seed1__mp_downstream_b08/vehicle_metrics.csv,3146,1179.929752,3986.75,1537.329307,4597.5,1360.873897,5.038844,-24270074.234983,-24272180.306508,5000,3146,1854,37.08,21856.0,1114.0,0.0,0.0,0.0,0.0,0.0,0.0,0.0
bologna__balanced__high__seed1__mp_downstream_b04,bologna,bologna,high,5000,0.0,3600.0,balanced,1,mp_downstream_b04,mp,--downstream-penalty --downstream-beta 0.4 --downstream-alpha 0.30,human_light,/home/lugozzi/Desktop/tirocinio/Codice/sumo-traffic-control/logs/ablation/runs/run_0023_20260526_151234/populations/bologna_balanced_high_seed1.yaml,ok,780.738,/home/lugozzi/Desktop/tirocinio/Codice/sumo-traffic-control/logs/ablation/runs/run_0023_20260526_151234/runs/bologna__balanced__high__seed1__mp_downstream_b04/vehicle_metrics.csv,3095,1155.45622,3808.9,1504.763489,4436.8,1327.904982,5.089247,-25677524.38371,-25679635.154777,5000,3095,1905,38.1,21778.0,1088.0,0.0,0.0,0.0,0.0,0.0,0.0,0.0
bologna__balanced__high__seed1__mp_platoon_x2,bologna,bologna,high,5000,0.0,3600.0,balanced,1,mp_platoon_x2,mp,--platoon-extension --platoon-headway-threshold 2.1 --platoon-gap-out-seconds 2.1 --platoon-max-extra-green 2.0 --platoon-guard-occ 0.90,human_light,/home/lugozzi/Desktop/tirocinio/Codice/sumo-traffic-control/logs/ablation/runs/run_0023_20260526_151234/populations/bologna_balanced_high_seed1.yaml,ok,812.494,/home/lugozzi/Desktop/tirocinio/Codice/sumo-traffic-control/logs/ablation/runs/run_0023_20260526_151234/runs/bologna__balanced__high__seed1__mp_platoon_x2/vehicle_metrics.csv,4457,1111.881086,3656.8,1496.041059,4315.0,1312.805973,5.684429,-19012275.989287,-19014371.465381,5000,4457,543,10.86,8191.0,1387.0,0.0,0.0,0.0,0.0,654.0,0.0,0.0
bologna__balanced__high__seed1__mp_platoon_x4,bologna,bologna,high,5000,0.0,3600.0,balanced,1,mp_platoon_x4,mp,--platoon-extension --platoon-headway-threshold 2.1 --platoon-gap-out-seconds 2.1 --platoon-max-extra-green 4.0 --platoon-guard-occ 0.90,human_light,/home/lugozzi/Desktop/tirocinio/Codice/sumo-traffic-control/logs/ablation/runs/run_0023_20260526_151234/populations/bologna_balanced_high_seed1.yaml,ok,820.562,/home/lugozzi/Desktop/tirocinio/Codice/sumo-traffic-control/logs/ablation/runs/run_0023_20260526_151234/runs/bologna__balanced__high__seed1__mp_platoon_x4/vehicle_metrics.csv,4439,1129.176842,3727.1,1507.033791,4443.1,1325.482068,5.689789,-16917915.770175,-16920035.868136,5000,4439,561,11.22,8120.0,1373.0,0.0,0.0,0.0,0.0,1140.0,0.0,0.0
bologna__balanced__high__seed1__mp_spillback_on90_off80,bologna,bologna,high,5000,0.0,3600.0,balanced,1,mp_spillback_on90_off80,mp,--spillback --spillback-on 0.90 --spillback-off 0.80 --spillback-min-halts 3 --spillback-alpha 0.30,human_light,/home/lugozzi/Desktop/tirocinio/Codice/sumo-traffic-control/logs/ablation/runs/run_0023_20260526_151234/populations/bologna_balanced_high_seed1.yaml,ok,846.302,/home/lugozzi/Desktop/tirocinio/Codice/sumo-traffic-control/logs/ablation/runs/run_0023_20260526_151234/runs/bologna__balanced__high__seed1__mp_spillback_on90_off80/vehicle_metrics.csv,4460,1194.567937,3613.2,1583.257399,4383.0,1402.585818,5.411673,-16362613.081672,-16364834.571857,5000,4460,540,10.8,7975.0,1324.0,0.0,321.0,320.0,32450.0,0.0,0.0,0.0
bologna__balanced__high__seed1__mp_spillback_on85_off70,bologna,bologna,high,5000,0.0,3600.0,balanced,1,mp_spillback_on85_off70,mp,--spillback --spillback-on 0.85 --spillback-off 0.70 --spillback-min-halts 2 --spillback-alpha 0.30,human_light,/home/lugozzi/Desktop/tirocinio/Codice/sumo-traffic-control/logs/ablation/runs/run_0023_20260526_151234/populations/bologna_balanced_high_seed1.yaml,ok,887.627,/home/lugozzi/Desktop/tirocinio/Codice/sumo-traffic-control/logs/ablation/runs/run_0023_20260526_151234/runs/bologna__balanced__high__seed1__mp_spillback_on85_off70/vehicle_metrics.csv,4035,1184.053036,3704.9,1553.933829,4403.9,1375.252568,5.675687,-17888791.233654,-17890943.371317,5000,4035,965,19.3,7722.0,1285.0,0.0,545.0,535.0,60922.0,0.0,0.0,0.0
bologna__balanced__high__seed1__fixed_program0,bologna,bologna,high,5000,0.0,3600.0,balanced,1,fixed_program0,fixed,--fixed-program-id 0,human_light,/home/lugozzi/Desktop/tirocinio/Codice/sumo-traffic-control/logs/ablation/runs/run_0023_20260526_151234/populations/bologna_balanced_high_seed1.yaml,ok,281.239,/home/lugozzi/Desktop/tirocinio/Codice/sumo-traffic-control/logs/ablation/runs/run_0023_20260526_151234/runs/bologna__balanced__high__seed1__fixed_program0/vehicle_metrics.csv,4393,746.37059,2824.6,1131.607102,3670.0,955.720426,5.811652,-10887543.607432,-10889328.825701,5000,4393,607,12.14,0.0,0.0,0.0,0.0,0.0,0.0,0.0,0.0,0.0
bologna__balanced__high__seed1__mp_super,bologna,bologna,high,5000,0.0,3600.0,balanced,1,mp_super,mp,--super-router --super-load-ref 3.5 --super-low-load 0.40 --super-high-load 0.65 --super-imbalance-threshold 0.55 --super-platoon-threshold 0.70 --super-downstream-threshold 0.92 --super-mode-streak 4 --super-nmin-load 0.78 --super-lta-gain 0.60 --super-lta-sat-flow 0.50 --super-nmin-alpha 1.20 --super-nmin-floor 4 --super-nmin-min-green 4.0 --super-nmin-demand-gain 0.40 --super-nmin-empty-release-seconds 1.5,human_light,/home/lugozzi/Desktop/tirocinio/Codice/sumo-traffic-control/logs/ablation/runs/run_0023_20260526_151234/populations/bologna_balanced_high_seed1.yaml,ok,937.376,/home/lugozzi/Desktop/tirocinio/Codice/sumo-traffic-control/logs/ablation/runs/run_0023_20260526_151234/runs/bologna__balanced__high__seed1__mp_super/vehicle_metrics.csv,4691,682.144319,2368.0,1082.687487,3113.5,900.568017,5.709573,-13883924.480175,-13885696.139317,5000,4691,309,6.18,1571.0,0.0,0.0,66.0,55.0,5698.0,0.0,8216.0,17999.716516
bologna__balanced__high__seed1__fixed_tuned,bologna,bologna,high,5000,0.0,3600.0,balanced,1,fixed_tuned,fixed,--fixed-program-id 0 --fixed-main-green-seconds 30,human_light,/home/lugozzi/Desktop/tirocinio/Codice/sumo-traffic-control/logs/ablation/runs/run_0023_20260526_151234/populations/bologna_balanced_high_seed1.yaml,ok,313.186,/home/lugozzi/Desktop/tirocinio/Codice/sumo-traffic-control/logs/ablation/runs/run_0023_20260526_151234/runs/bologna__balanced__high__seed1__fixed_tuned/vehicle_metrics.csv,4399,933.994772,2947.7,1334.850421,3778.1,1161.495547,4.729883,-7107590.2175,-7109572.224592,5000,4399,601,12.02,0.0,0.0,0.0,0.0,0.0,0.0,0.0,0.0,0.0
bologna__balanced__high__seed1__mp_switch_rel005,bologna,bologna,high,5000,0.0,3600.0,balanced,1,mp_switch_rel005,mp,--switch-epsilon-rel 0.05,human_light,/home/lugozzi/Desktop/tirocinio/Codice/sumo-traffic-control/logs/ablation/runs/run_0023_20260526_151234/populations/bologna_balanced_high_seed1.yaml,ok,599.544,/home/lugozzi/Desktop/tirocinio/Codice/sumo-traffic-control/logs/ablation/runs/run_0023_20260526_151234/runs/bologna__balanced__high__seed1__mp_switch_rel005/vehicle_metrics.csv,4056,962.408777,3309.75,1316.149408,4021.75,1135.108094,5.971169,-20465547.363224,-20467434.340994,5000,4056,944,18.88,8143.0,1302.0,0.0,0.0,0.0,0.0,0.0,0.0,0.0
bologna__balanced__high__seed1__mp_switch_rel010,bologna,bologna,high,5000,0.0,3600.0,balanced,1,mp_switch_rel010,mp,--switch-epsilon-rel 0.10,human_light,/home/lugozzi/Desktop/tirocinio/Codice/sumo-traffic-control/logs/ablation/runs/run_0023_20260526_151234/populations/bologna_balanced_high_seed1.yaml,ok,603.042,/home/lugozzi/Desktop/tirocinio/Codice/sumo-traffic-control/logs/ablation/runs/run_0023_20260526_151234/runs/bologna__balanced__high__seed1__mp_switch_rel010/vehicle_metrics.csv,4090,1031.237897,3431.55,1390.598533,4048.3,1211.717115,5.790237,-18450204.425734,-18452186.034861,5000,4090,910,18.2,8110.0,1350.0,0.0,0.0,0.0,0.0,0.0,0.0,0.0
bologna__skewed__high__seed1__mp_program0,bologna,bologna,high,5000,0.0,3600.0,skewed,1,mp_program0,mp,--program0-hybrid --program0-load-ref 3.5 --program0-enter-mp-load 0.60 --program0-exit-fixed-load 0.40 --program0-mode-streak 4,human_light,/home/lugozzi/Desktop/tirocinio/Codice/sumo-traffic-control/logs/ablation/runs/run_0023_20260526_151234/populations/bologna_skewed_high_seed1.yaml,ok,634.371,/home/lugozzi/Desktop/tirocinio/Codice/sumo-traffic-control/logs/ablation/runs/run_0023_20260526_151234/runs/bologna__skewed__high__seed1__mp_program0/vehicle_metrics.csv,3958,1203.844618,3266.45,1801.200606,4392.3,1600.477552,4.194777,-9189494.255393,-9192049.305537,5000,3958,1042,20.84,2400.0,0.0,0.0,0.0,0.0,0.0,0.0,0.0,0.0
bologna__skewed__high__seed1__mp_base,bologna,bologna,high,5000,0.0,3600.0,skewed,1,mp_base,mp,,human_light,/home/lugozzi/Desktop/tirocinio/Codice/sumo-traffic-control/logs/ablation/runs/run_0023_20260526_151234/populations/bologna_skewed_high_seed1.yaml,ok,818.446,/home/lugozzi/Desktop/tirocinio/Codice/sumo-traffic-control/logs/ablation/runs/run_0023_20260526_151234/runs/bologna__skewed__high__seed1__mp_base/vehicle_metrics.csv,2564,1022.532371,3969.7,1383.521841,4591.55,1180.659017,6.306522,-26638649.320951,-26640710.933763,5000,2564,2436,48.72,6901.0,1189.0,0.0,0.0,0.0,0.0,0.0,0.0,0.0
bologna__skewed__high__seed1__mp_lta_g040_sf050,bologna,bologna,high,5000,0.0,3600.0,skewed,1,mp_lta_g040_sf050,mp,--lost-time-aware --lost-time-sat-flow 0.50 --lost-time-gain 0.40,human_light,/home/lugozzi/Desktop/tirocinio/Codice/sumo-traffic-control/logs/ablation/runs/run_0023_20260526_151234/populations/bologna_skewed_high_seed1.yaml,ok,803.777,/home/lugozzi/Desktop/tirocinio/Codice/sumo-traffic-control/logs/ablation/runs/run_0023_20260526_151234/runs/bologna__skewed__high__seed1__mp_lta_g040_sf050/vehicle_metrics.csv,2629,920.354888,3654.6,1282.930011,4262.4,1079.930784,6.348026,-25026496.407097,-25028417.028271,5000,2629,2371,47.42,5505.0,1696.0,0.0,0.0,0.0,0.0,0.0,0.0,0.0
bologna__skewed__high__seed1__mp_lta_g060_sf050,bologna,bologna,high,5000,0.0,3600.0,skewed,1,mp_lta_g060_sf050,mp,--lost-time-aware --lost-time-sat-flow 0.50 --lost-time-gain 0.60,human_light,/home/lugozzi/Desktop/tirocinio/Codice/sumo-traffic-control/logs/ablation/runs/run_0023_20260526_151234/populations/bologna_skewed_high_seed1.yaml,ok,809.361,/home/lugozzi/Desktop/tirocinio/Codice/sumo-traffic-control/logs/ablation/runs/run_0023_20260526_151234/runs/bologna__skewed__high__seed1__mp_lta_g060_sf050/vehicle_metrics.csv,2590,913.414286,3633.1,1270.904633,4262.8,1065.94561,6.12641,-27547635.493487,-27549500.240098,5000,2590,2410,48.2,4354.0,2212.0,0.0,0.0,0.0,0.0,0.0,0.0,0.0
bologna__skewed__high__seed1__mp_nmin_a120_f4,bologna,bologna,high,5000,0.0,3600.0,skewed,1,mp_nmin_a120_f4,mp,--nmin-dynamic --lost-time-sat-flow 0.50 --nmin-alpha 1.20 --nmin-floor 4 --nmin-min-green 4.0 --nmin-demand-gain 0.40 --nmin-empty-release-seconds 1.5,human_light,/home/lugozzi/Desktop/tirocinio/Codice/sumo-traffic-control/logs/ablation/runs/run_0023_20260526_151234/populations/bologna_skewed_high_seed1.yaml,ok,823.217,/home/lugozzi/Desktop/tirocinio/Codice/sumo-traffic-control/logs/ablation/runs/run_0023_20260526_151234/runs/bologna__skewed__high__seed1__mp_nmin_a120_f4/vehicle_metrics.csv,2549,982.113378,3940.6,1360.778737,4584.2,1155.221267,6.051381,-28351143.955694,-28353153.73697,5000,2549,2451,49.02,8534.0,1184.0,20251.0,0.0,0.0,0.0,0.0,0.0,0.0
bologna__skewed__high__seed1__mp_nmin_a080_f2,bologna,bologna,high,5000,0.0,3600.0,skewed,1,mp_nmin_a080_f2,mp,--nmin-dynamic --lost-time-sat-flow 0.50 --nmin-alpha 0.80 --nmin-floor 2 --nmin-min-green 4.0 --nmin-demand-gain 0.25 --nmin-empty-release-seconds 1.0,human_light,/home/lugozzi/Desktop/tirocinio/Codice/sumo-traffic-control/logs/ablation/runs/run_0023_20260526_151234/populations/bologna_skewed_high_seed1.yaml,ok,832.216,/home/lugozzi/Desktop/tirocinio/Codice/sumo-traffic-control/logs/ablation/runs/run_0023_20260526_151234/runs/bologna__skewed__high__seed1__mp_nmin_a080_f2/vehicle_metrics.csv,2520,958.982937,3892.95,1340.499603,4512.45,1137.70179,6.091437,-26379227.754203,-26381166.102253,5000,2520,2480,49.6,9194.0,1130.0,8483.0,0.0,0.0,0.0,0.0,0.0,0.0
bologna__skewed__high__seed1__mp_fair_mu3_w30,bologna,bologna,high,5000,0.0,3600.0,skewed,1,mp_fair_mu3_w30,mp,--fairness --fairness-mu 3.0 --fairness-w-half 30.0,human_light,/home/lugozzi/Desktop/tirocinio/Codice/sumo-traffic-control/logs/ablation/runs/run_0023_20260526_151234/populations/bologna_skewed_high_seed1.yaml,ok,830.01,/home/lugozzi/Desktop/tirocinio/Codice/sumo-traffic-control/logs/ablation/runs/run_0023_20260526_151234/runs/bologna__skewed__high__seed1__mp_fair_mu3_w30/vehicle_metrics.csv,2635,994.263378,3682.6,1385.72334,4418.9,1185.108713,5.9476,-22849110.255881,-22851174.143813,5000,2635,2365,47.3,8541.0,1123.0,0.0,0.0,0.0,0.0,0.0,138385.0,295835.383493
bologna__skewed__high__seed1__mp_fair_mu5_w20,bologna,bologna,high,5000,0.0,3600.0,skewed,1,mp_fair_mu5_w20,mp,--fairness --fairness-mu 5.0 --fairness-w-half 20.0,human_light,/home/lugozzi/Desktop/tirocinio/Codice/sumo-traffic-control/logs/ablation/runs/run_0023_20260526_151234/populations/bologna_skewed_high_seed1.yaml,ok,825.577,/home/lugozzi/Desktop/tirocinio/Codice/sumo-traffic-control/logs/ablation/runs/run_0023_20260526_151234/runs/bologna__skewed__high__seed1__mp_fair_mu5_w20/vehicle_metrics.csv,2655,1014.763465,3660.8,1413.487759,4253.3,1215.833397,5.658332,-20834536.022303,-20836518.92016,5000,2655,2345,46.9,9487.0,1067.0,0.0,0.0,0.0,0.0,0.0,121995.0,461700.221572
bologna__skewed__high__seed1__mp_downstream_b04,bologna,bologna,high,5000,0.0,3600.0,skewed,1,mp_downstream_b04,mp,--downstream-penalty --downstream-beta 0.4 --downstream-alpha 0.30,human_light,/home/lugozzi/Desktop/tirocinio/Codice/sumo-traffic-control/logs/ablation/runs/run_0023_20260526_151234/populations/bologna_skewed_high_seed1.yaml,ok,964.528,/home/lugozzi/Desktop/tirocinio/Codice/sumo-traffic-control/logs/ablation/runs/run_0023_20260526_151234/runs/bologna__skewed__high__seed1__mp_downstream_b04/vehicle_metrics.csv,1953,1387.145929,4237.4,1814.105991,5030.8,1605.629688,4.582392,-37725116.118618,-37727648.092411,5000,1953,3047,60.94,19650.0,1066.0,0.0,0.0,0.0,0.0,0.0,0.0,0.0
bologna__skewed__high__seed1__mp_super,bologna,bologna,high,5000,0.0,3600.0,skewed,1,mp_super,mp,--super-router --super-load-ref 3.5 --super-low-load 0.40 --super-high-load 0.65 --super-imbalance-threshold 0.55 --super-platoon-threshold 0.70 --super-downstream-threshold 0.92 --super-mode-streak 4 --super-nmin-load 0.78 --super-lta-gain 0.60 --super-lta-sat-flow 0.50 --super-nmin-alpha 1.20 --super-nmin-floor 4 --super-nmin-min-green 4.0 --super-nmin-demand-gain 0.40 --super-nmin-empty-release-seconds 1.5,human_light,/home/lugozzi/Desktop/tirocinio/Codice/sumo-traffic-control/logs/ablation/runs/run_0023_20260526_151234/populations/bologna_skewed_high_seed1.yaml,ok,1136.67,/home/lugozzi/Desktop/tirocinio/Codice/sumo-traffic-control/logs/ablation/runs/run_0023_20260526_151234/runs/bologna__skewed__high__seed1__mp_super/vehicle_metrics.csv,4138,1086.538183,3059.15,1672.583132,4162.3,1469.206061,4.347143,-12125942.952019,-12128381.243529,5000,4138,862,17.24,2682.0,0.0,0.0,276.0,261.0,17239.0,0.0,14127.0,27872.065071
bologna__skewed__high__seed1__mp_downstream_b08,bologna,bologna,high,5000,0.0,3600.0,skewed,1,mp_downstream_b08,mp,--downstream-penalty --downstream-beta 0.8 --downstream-alpha 0.30,human_light,/home/lugozzi/Desktop/tirocinio/Codice/sumo-traffic-control/logs/ablation/runs/run_0023_20260526_151234/populations/bologna_skewed_high_seed1.yaml,ok,967.864,/home/lugozzi/Desktop/tirocinio/Codice/sumo-traffic-control/logs/ablation/runs/run_0023_20260526_151234/runs/bologna__skewed__high__seed1__mp_downstream_b08/vehicle_metrics.csv,1979,1470.800404,4466.2,1890.741283,5157.1,1686.062153,4.391163,-34660803.049208,-34663414.133069,5000,1979,3021,60.42,19713.0,1124.0,0.0,0.0,0.0,0.0,0.0,0.0,0.0
bologna__skewed__high__seed1__mp_spillback_on85_off70,bologna,bologna,high,5000,0.0,3600.0,skewed,1,mp_spillback_on85_off70,mp,--spillback --spillback-on 0.85 --spillback-off 0.70 --spillback-min-halts 2 --spillback-alpha 0.30,human_light,/home/lugozzi/Desktop/tirocinio/Codice/sumo-traffic-control/logs/ablation/runs/run_0023_20260526_151234/populations/bologna_skewed_high_seed1.yaml,ok,1067.491,/home/lugozzi/Desktop/tirocinio/Codice/sumo-traffic-control/logs/ablation/runs/run_0023_20260526_151234/runs/bologna__skewed__high__seed1__mp_spillback_on85_off70/vehicle_metrics.csv,2552,1051.783699,3793.45,1422.768025,4512.1,1226.108973,6.05569,-20256768.756231,-20258768.569947,5000,2552,2448,48.96,6671.0,1151.0,0.0,999.0,968.0,118434.0,0.0,0.0,0.0
bologna__skewed__high__seed1__fixed_program0,bologna,bologna,high,5000,0.0,3600.0,skewed,1,fixed_program0,fixed,--fixed-program-id 0,human_light,/home/lugozzi/Desktop/tirocinio/Codice/sumo-traffic-control/logs/ablation/runs/run_0023_20260526_151234/populations/bologna_skewed_high_seed1.yaml,ok,469.167,/home/lugozzi/Desktop/tirocinio/Codice/sumo-traffic-control/logs/ablation/runs/run_0023_20260526_151234/runs/bologna__skewed__high__seed1__fixed_program0/vehicle_metrics.csv,3705,1220.728745,3541.8,1749.207287,4631.2,1545.25092,4.228128,-15288886.417589,-15291422.411065,5000,3705,1295,25.9,0.0,0.0,0.0,0.0,0.0,0.0,0.0,0.0,0.0
bologna__skewed__high__seed1__mp_spillback_on90_off80,bologna,bologna,high,5000,0.0,3600.0,skewed,1,mp_spillback_on90_off80,mp,--spillback --spillback-on 0.90 --spillback-off 0.80 --spillback-min-halts 3 --spillback-alpha 0.30,human_light,/home/lugozzi/Desktop/tirocinio/Codice/sumo-traffic-control/logs/ablation/runs/run_0023_20260526_151234/populations/bologna_skewed_high_seed1.yaml,ok,1044.802,/home/lugozzi/Desktop/tirocinio/Codice/sumo-traffic-control/logs/ablation/runs/run_0023_20260526_151234/runs/bologna__skewed__high__seed1__mp_spillback_on90_off80/vehicle_metrics.csv,2658,969.08766,3572.15,1342.129421,4254.15,1136.024056,6.149763,-30281582.946751,-30283576.43643,5000,2658,2342,46.84,6921.0,1149.0,0.0,759.0,735.0,91510.0,0.0,0.0,0.0
bologna__skewed__high__seed1__fixed_tuned,bologna,bologna,high,5000,0.0,3600.0,skewed,1,fixed_tuned,fixed,--fixed-program-id 0 --fixed-main-green-seconds 30,human_light,/home/lugozzi/Desktop/tirocinio/Codice/sumo-traffic-control/logs/ablation/runs/run_0023_20260526_151234/populations/bologna_skewed_high_seed1.yaml,ok,500.621,/home/lugozzi/Desktop/tirocinio/Codice/sumo-traffic-control/logs/ablation/runs/run_0023_20260526_151234/runs/bologna__skewed__high__seed1__fixed_tuned/vehicle_metrics.csv,3497,1318.840149,3637.0,1822.561338,4580.0,1624.126008,3.737753,-11792293.87794,-11794879.459142,5000,3497,1503,30.06,0.0,0.0,0.0,0.0,0.0,0.0,0.0,0.0,0.0
bologna__skewed__high__seed1__mp_switch_eps1,bologna,bologna,high,5000,0.0,3600.0,skewed,1,mp_switch_eps1,mp,--switch-epsilon 1.0,human_light,/home/lugozzi/Desktop/tirocinio/Codice/sumo-traffic-control/logs/ablation/runs/run_0023_20260526_151234/populations/bologna_skewed_high_seed1.yaml,ok,814.302,/home/lugozzi/Desktop/tirocinio/Codice/sumo-traffic-control/logs/ablation/runs/run_0023_20260526_151234/runs/bologna__skewed__high__seed1__mp_switch_eps1/vehicle_metrics.csv,2549,916.154963,3545.2,1276.567281,4204.2,1079.616665,6.247538,-19216674.239592,-19218596.991789,5000,2549,2451,49.02,5432.0,1729.0,0.0,0.0,0.0,0.0,0.0,0.0,0.0
bologna__skewed__high__seed1__mp_platoon_x2,bologna,bologna,high,5000,0.0,3600.0,skewed,1,mp_platoon_x2,mp,--platoon-extension --platoon-headway-threshold 2.1 --platoon-gap-out-seconds 2.1 --platoon-max-extra-green 2.0 --platoon-guard-occ 0.90,human_light,/home/lugozzi/Desktop/tirocinio/Codice/sumo-traffic-control/logs/ablation/runs/run_0023_20260526_151234/populations/bologna_skewed_high_seed1.yaml,ok,1129.478,/home/lugozzi/Desktop/tirocinio/Codice/sumo-traffic-control/logs/ablation/runs/run_0023_20260526_151234/runs/bologna__skewed__high__seed1__mp_platoon_x2/vehicle_metrics.csv,2552,1035.215909,4170.05,1404.030172,4844.9,1199.045823,6.145931,-29728570.958301,-29730580.642555,5000,2552,2448,48.96,7026.0,1148.0,0.0,0.0,0.0,0.0,502.0,0.0,0.0
bologna__skewed__high__seed1__mp_switch_rel005,bologna,bologna,high,5000,0.0,3600.0,skewed,1,mp_switch_rel005,mp,--switch-epsilon-rel 0.05,human_light,/home/lugozzi/Desktop/tirocinio/Codice/sumo-traffic-control/logs/ablation/runs/run_0023_20260526_151234/populations/bologna_skewed_high_seed1.yaml,ok,818.018,/home/lugozzi/Desktop/tirocinio/Codice/sumo-traffic-control/logs/ablation/runs/run_0023_20260526_151234/runs/bologna__skewed__high__seed1__mp_switch_rel005/vehicle_metrics.csv,2524,978.487322,3790.1,1338.45523,4429.55,1133.908871,6.392603,-28170843.914419,-28172852.220913,5000,2524,2476,49.52,6633.0,1129.0,0.0,0.0,0.0,0.0,0.0,0.0,0.0
bologna__skewed__high__seed1__mp_platoon_x4,bologna,bologna,high,5000,0.0,3600.0,skewed,1,mp_platoon_x4,mp,--platoon-extension --platoon-headway-threshold 2.1 --platoon-gap-out-seconds 2.1 --platoon-max-extra-green 4.0 --platoon-guard-occ 0.90,human_light,/home/lugozzi/Desktop/tirocinio/Codice/sumo-traffic-control/logs/ablation/runs/run_0023_20260526_151234/populations/bologna_skewed_high_seed1.yaml,ok,1124.779,/home/lugozzi/Desktop/tirocinio/Codice/sumo-traffic-control/logs/ablation/runs/run_0023_20260526_151234/runs/bologna__skewed__high__seed1__mp_platoon_x4/vehicle_metrics.csv,2515,997.027435,3769.7,1360.549105,4438.0,1162.86705,6.090258,-21363936.578481,-21365889.027527,5000,2515,2485,49.7,7046.0,1153.0,0.0,0.0,0.0,0.0,854.0,0.0,0.0
bologna__skewed__high__seed1__mp_switch_rel010,bologna,bologna,high,5000,0.0,3600.0,skewed,1,mp_switch_rel010,mp,--switch-epsilon-rel 0.10,human_light,/home/lugozzi/Desktop/tirocinio/Codice/sumo-traffic-control/logs/ablation/runs/run_0023_20260526_151234/populations/bologna_skewed_high_seed1.yaml,ok,806.639,/home/lugozzi/Desktop/tirocinio/Codice/sumo-traffic-control/logs/ablation/runs/run_0023_20260526_151234/runs/bologna__skewed__high__seed1__mp_switch_rel010/vehicle_metrics.csv,2606,927.168457,3831.75,1289.996163,4540.75,1088.81538,6.292716,-24106058.135828,-24107997.455953,5000,2606,2394,47.88,7060.0,1168.0,0.0,0.0,0.0,0.0,0.0,0.0,0.0
bologna__peak__high__seed1__mp_program0,bologna,bologna,high,5000,0.0,3600.0,peak,1,mp_program0,mp,--program0-hybrid --program0-load-ref 3.5 --program0-enter-mp-load 0.60 --program0-exit-fixed-load 0.40 --program0-mode-streak 4,human_light,/home/lugozzi/Desktop/tirocinio/Codice/sumo-traffic-control/logs/ablation/runs/run_0023_20260526_151234/populations/bologna_peak_high_seed1.yaml,ok,694.003,/home/lugozzi/Desktop/tirocinio/Codice/sumo-traffic-control/logs/ablation/runs/run_0023_20260526_151234/runs/bologna__peak__high__seed1__mp_program0/vehicle_metrics.csv,3911,1432.3618,3479.0,2081.826898,4801.0,1880.673168,3.663556,-13663800.065779,-13666575.298979,5000,3911,1089,21.78,2770.0,0.0,0.0,0.0,0.0,0.0,0.0,0.0,0.0
bologna__peak__high__seed1__mp_base,bologna,bologna,high,5000,0.0,3600.0,peak,1,mp_base,mp,,human_light,/home/lugozzi/Desktop/tirocinio/Codice/sumo-traffic-control/logs/ablation/runs/run_0023_20260526_151234/populations/bologna_peak_high_seed1.yaml,ok,852.71,/home/lugozzi/Desktop/tirocinio/Codice/sumo-traffic-control/logs/ablation/runs/run_0023_20260526_151234/runs/bologna__peak__high__seed1__mp_base/vehicle_metrics.csv,2648,1184.748489,3879.3,1626.461103,4599.2,1423.864909,4.94003,-27289053.628551,-27291334.970464,5000,2648,2352,47.04,6646.0,1113.0,0.0,0.0,0.0,0.0,0.0,0.0,0.0
bologna__peak__high__seed1__mp_lta_g040_sf050,bologna,bologna,high,5000,0.0,3600.0,peak,1,mp_lta_g040_sf050,mp,--lost-time-aware --lost-time-sat-flow 0.50 --lost-time-gain 0.40,human_light,/home/lugozzi/Desktop/tirocinio/Codice/sumo-traffic-control/logs/ablation/runs/run_0023_20260526_151234/populations/bologna_peak_high_seed1.yaml,ok,852.158,/home/lugozzi/Desktop/tirocinio/Codice/sumo-traffic-control/logs/ablation/runs/run_0023_20260526_151234/runs/bologna__peak__high__seed1__mp_lta_g040_sf050/vehicle_metrics.csv,2720,1351.085294,4016.2,1805.595956,4723.05,1600.426993,4.761374,-29238494.337602,-29240930.985166,5000,2720,2280,45.6,5470.0,1627.0,0.0,0.0,0.0,0.0,0.0,0.0,0.0
bologna__peak__high__seed1__mp_nmin_a080_f2,bologna,bologna,high,5000,0.0,3600.0,peak,1,mp_nmin_a080_f2,mp,--nmin-dynamic --lost-time-sat-flow 0.50 --nmin-alpha 0.80 --nmin-floor 2 --nmin-min-green 4.0 --nmin-demand-gain 0.25 --nmin-empty-release-seconds 1.0,human_light,/home/lugozzi/Desktop/tirocinio/Codice/sumo-traffic-control/logs/ablation/runs/run_0023_20260526_151234/populations/bologna_peak_high_seed1.yaml,ok,860.303,/home/lugozzi/Desktop/tirocinio/Codice/sumo-traffic-control/logs/ablation/runs/run_0023_20260526_151234/runs/bologna__peak__high__seed1__mp_nmin_a080_f2/vehicle_metrics.csv,2575,1142.853204,3512.0,1612.852039,4339.1,1409.576113,4.782292,-27843080.396373,-27845326.567108,5000,2575,2425,48.5,8755.0,1132.0,10795.0,0.0,0.0,0.0,0.0,0.0,0.0
bologna__peak__high__seed1__mp_lta_g060_sf050,bologna,bologna,high,5000,0.0,3600.0,peak,1,mp_lta_g060_sf050,mp,--lost-time-aware --lost-time-sat-flow 0.50 --lost-time-gain 0.60,human_light,/home/lugozzi/Desktop/tirocinio/Codice/sumo-traffic-control/logs/ablation/runs/run_0023_20260526_151234/populations/bologna_peak_high_seed1.yaml,ok,869.048,/home/lugozzi/Desktop/tirocinio/Codice/sumo-traffic-control/logs/ablation/runs/run_0023_20260526_151234/runs/bologna__peak__high__seed1__mp_lta_g060_sf050/vehicle_metrics.csv,2590,1404.105792,3916.1,1843.710425,4604.35,1637.539459,4.720042,-31581325.758025,-31583816.949957,5000,2590,2410,48.2,4209.0,2131.0,0.0,0.0,0.0,0.0,0.0,0.0,0.0
bologna__peak__high__seed1__mp_nmin_a120_f4,bologna,bologna,high,5000,0.0,3600.0,peak,1,mp_nmin_a120_f4,mp,--nmin-dynamic --lost-time-sat-flow 0.50 --nmin-alpha 1.20 --nmin-floor 4 --nmin-min-green 4.0 --nmin-demand-gain 0.40 --nmin-empty-release-seconds 1.5,human_light,/home/lugozzi/Desktop/tirocinio/Codice/sumo-traffic-control/logs/ablation/runs/run_0023_20260526_151234/populations/bologna_peak_high_seed1.yaml,ok,865.496,/home/lugozzi/Desktop/tirocinio/Codice/sumo-traffic-control/logs/ablation/runs/run_0023_20260526_151234/runs/bologna__peak__high__seed1__mp_nmin_a120_f4/vehicle_metrics.csv,2436,1026.651888,3639.25,1439.582923,4334.5,1239.014023,5.39983,-27741863.356086,-27743946.900664,5000,2436,2564,51.28,7663.0,1018.0,21518.0,0.0,0.0,0.0,0.0,0.0,0.0
bologna__peak__high__seed1__mp_fair_mu3_w30,bologna,bologna,high,5000,0.0,3600.0,peak,1,mp_fair_mu3_w30,mp,--fairness --fairness-mu 3.0 --fairness-w-half 30.0,human_light,/home/lugozzi/Desktop/tirocinio/Codice/sumo-traffic-control/logs/ablation/runs/run_0023_20260526_151234/populations/bologna_peak_high_seed1.yaml,ok,862.892,/home/lugozzi/Desktop/tirocinio/Codice/sumo-traffic-control/logs/ablation/runs/run_0023_20260526_151234/runs/bologna__peak__high__seed1__mp_fair_mu3_w30/vehicle_metrics.csv,2683,1251.640701,3678.6,1710.877749,4409.8,1510.420637,4.670216,-25474641.053485,-25476952.227361,5000,2683,2317,46.34,8251.0,1031.0,0.0,0.0,0.0,0.0,0.0,145439.0,319243.615243
bologna__peak__high__seed1__mp_downstream_b08,bologna,bologna,high,5000,0.0,3600.0,peak,1,mp_downstream_b08,mp,--downstream-penalty --downstream-beta 0.8 --downstream-alpha 0.30,human_light,/home/lugozzi/Desktop/tirocinio/Codice/sumo-traffic-control/logs/ablation/runs/run_0023_20260526_151234/populations/bologna_peak_high_seed1.yaml,ok,979.362,/home/lugozzi/Desktop/tirocinio/Codice/sumo-traffic-control/logs/ablation/runs/run_0023_20260526_151234/runs/bologna__peak__high__seed1__mp_downstream_b08/vehicle_metrics.csv,1939,1468.844765,4003.5,1914.019598,4710.3,1710.086529,3.908051,-37545632.817051,-37548181.604889,5000,1939,3061,61.22,18451.0,1047.0,0.0,0.0,0.0,0.0,0.0,0.0,0.0
bologna__peak__high__seed1__mp_downstream_b04,bologna,bologna,high,5000,0.0,3600.0,peak,1,mp_downstream_b04,mp,--downstream-penalty --downstream-beta 0.4 --downstream-alpha 0.30,human_light,/home/lugozzi/Desktop/tirocinio/Codice/sumo-traffic-control/logs/ablation/runs/run_0023_20260526_151234/populations/bologna_peak_high_seed1.yaml,ok,992.74,/home/lugozzi/Desktop/tirocinio/Codice/sumo-traffic-control/logs/ablation/runs/run_0023_20260526_151234/runs/bologna__peak__high__seed1__mp_downstream_b04/vehicle_metrics.csv,1872,1484.786325,4113.35,1908.73344,4815.7,1711.441827,4.105465,-31363073.426863,-31365593.529206,5000,1872,3128,62.56,18249.0,969.0,0.0,0.0,0.0,0.0,0.0,0.0,0.0
bologna__peak__high__seed1__mp_fair_mu5_w20,bologna,bologna,high,5000,0.0,3600.0,peak,1,mp_fair_mu5_w20,mp,--fairness --fairness-mu 5.0 --fairness-w-half 20.0,human_light,/home/lugozzi/Desktop/tirocinio/Codice/sumo-traffic-control/logs/ablation/runs/run_0023_20260526_151234/populations/bologna_peak_high_seed1.yaml,ok,848.63,/home/lugozzi/Desktop/tirocinio/Codice/sumo-traffic-control/logs/ablation/runs/run_0023_20260526_151234/runs/bologna__peak__high__seed1__mp_fair_mu5_w20/vehicle_metrics.csv,2700,1239.252593,3803.05,1706.022222,4476.0,1507.357889,4.594311,-22071428.736953,-22073804.095475,5000,2700,2300,46.0,8904.0,1014.0,0.0,0.0,0.0,0.0,0.0,130629.0,503502.929991
bologna__peak__high__seed1__mp_super,bologna,bologna,high,5000,0.0,3600.0,peak,1,mp_super,mp,--super-router --super-load-ref 3.5 --super-low-load 0.40 --super-high-load 0.65 --super-imbalance-threshold 0.55 --super-platoon-threshold 0.70 --super-downstream-threshold 0.92 --super-mode-streak 4 --super-nmin-load 0.78 --super-lta-gain 0.60 --super-lta-sat-flow 0.50 --super-nmin-alpha 1.20 --super-nmin-floor 4 --super-nmin-min-green 4.0 --super-nmin-demand-gain 0.40 --super-nmin-empty-release-seconds 1.5,human_light,/home/lugozzi/Desktop/tirocinio/Codice/sumo-traffic-control/logs/ablation/runs/run_0023_20260526_151234/populations/bologna_peak_high_seed1.yaml,ok,1237.718,/home/lugozzi/Desktop/tirocinio/Codice/sumo-traffic-control/logs/ablation/runs/run_0023_20260526_151234/runs/bologna__peak__high__seed1__mp_super/vehicle_metrics.csv,3613,1426.840852,3498.8,2062.077775,4576.4,1857.645729,3.744019,-18574677.618834,-18577423.1547,5000,3613,1387,27.74,3705.0,0.0,0.0,327.0,299.0,29718.0,0.0,22435.0,48321.785337
bologna__peak__high__seed1__mp_spillback_on85_off70,bologna,bologna,high,5000,0.0,3600.0,peak,1,mp_spillback_on85_off70,mp,--spillback --spillback-on 0.85 --spillback-off 0.70 --spillback-min-halts 2 --spillback-alpha 0.30,human_light,/home/lugozzi/Desktop/tirocinio/Codice/sumo-traffic-control/logs/ablation/runs/run_0023_20260526_151234/populations/bologna_peak_high_seed1.yaml,ok,1054.591,/home/lugozzi/Desktop/tirocinio/Codice/sumo-traffic-control/logs/ablation/runs/run_0023_20260526_151234/runs/bologna__peak__high__seed1__mp_spillback_on85_off70/vehicle_metrics.csv,2761,1257.575516,3814.0,1712.068091,4558.0,1510.877606,4.72224,-24961301.956265,-24963661.647821,5000,2761,2239,44.78,6661.0,1084.0,0.0,875.0,853.0,98645.0,0.0,0.0,0.0
bologna__peak__high__seed1__mp_spillback_on90_off80,bologna,bologna,high,5000,0.0,3600.0,peak,1,mp_spillback_on90_off80,mp,--spillback --spillback-on 0.90 --spillback-off 0.80 --spillback-min-halts 3 --spillback-alpha 0.30,human_light,/home/lugozzi/Desktop/tirocinio/Codice/sumo-traffic-control/logs/ablation/runs/run_0023_20260526_151234/populations/bologna_peak_high_seed1.yaml,ok,1063.477,/home/lugozzi/Desktop/tirocinio/Codice/sumo-traffic-control/logs/ablation/runs/run_0023_20260526_151234/runs/bologna__peak__high__seed1__mp_spillback_on90_off80/vehicle_metrics.csv,2644,1245.048411,3833.7,1689.42587,4524.0,1490.554474,4.835675,-23671635.094164,-23673989.190076,5000,2644,2356,47.12,6580.0,1054.0,0.0,838.0,813.0,88326.0,0.0,0.0,0.0
bologna__peak__high__seed1__mp_switch_eps1,bologna,bologna,high,5000,0.0,3600.0,peak,1,mp_switch_eps1,mp,--switch-epsilon 1.0,human_light,/home/lugozzi/Desktop/tirocinio/Codice/sumo-traffic-control/logs/ablation/runs/run_0023_20260526_151234/populations/bologna_peak_high_seed1.yaml,ok,802.829,/home/lugozzi/Desktop/tirocinio/Codice/sumo-traffic-control/logs/ablation/runs/run_0023_20260526_151234/runs/bologna__peak__high__seed1__mp_switch_eps1/vehicle_metrics.csv,2684,1288.355067,3725.55,1732.544337,4445.1,1531.617671,4.843399,-25564659.711372,-25567039.983653,5000,2684,2316,46.32,5415.0,1712.0,0.0,0.0,0.0,0.0,0.0,0.0,0.0
bologna__peak__high__seed1__fixed_program0,bologna,bologna,high,5000,0.0,3600.0,peak,1,fixed_program0,fixed,--fixed-program-id 0,human_light,/home/lugozzi/Desktop/tirocinio/Codice/sumo-traffic-control/logs/ablation/runs/run_0023_20260526_151234/populations/bologna_peak_high_seed1.yaml,ok,470.916,/home/lugozzi/Desktop/tirocinio/Codice/sumo-traffic-control/logs/ablation/runs/run_0023_20260526_151234/runs/bologna__peak__high__seed1__fixed_program0/vehicle_metrics.csv,3579,1355.563006,3633.2,1939.488125,4670.0,1732.034652,3.941007,-20924281.928146,-20926943.481745,5000,3579,1421,28.42,0.0,0.0,0.0,0.0,0.0,0.0,0.0,0.0,0.0
bologna__peak__high__seed1__mp_switch_rel005,bologna,bologna,high,5000,0.0,3600.0,peak,1,mp_switch_rel005,mp,--switch-epsilon-rel 0.05,human_light,/home/lugozzi/Desktop/tirocinio/Codice/sumo-traffic-control/logs/ablation/runs/run_0023_20260526_151234/populations/bologna_peak_high_seed1.yaml,ok,795.8,/home/lugozzi/Desktop/tirocinio/Codice/sumo-traffic-control/logs/ablation/runs/run_0023_20260526_151234/runs/bologna__peak__high__seed1__mp_switch_rel005/vehicle_metrics.csv,2641,1091.055661,3507.0,1528.688754,4226.0,1327.246119,5.068673,-25756921.022118,-25759035.726174,5000,2641,2359,47.18,6885.0,1088.0,0.0,0.0,0.0,0.0,0.0,0.0,0.0
bologna__peak__high__seed1__fixed_tuned,bologna,bologna,high,5000,0.0,3600.0,peak,1,fixed_tuned,fixed,--fixed-program-id 0 --fixed-main-green-seconds 30,human_light,/home/lugozzi/Desktop/tirocinio/Codice/sumo-traffic-control/logs/ablation/runs/run_0023_20260526_151234/populations/bologna_peak_high_seed1.yaml,ok,493.726,/home/lugozzi/Desktop/tirocinio/Codice/sumo-traffic-control/logs/ablation/runs/run_0023_20260526_151234/runs/bologna__peak__high__seed1__fixed_tuned/vehicle_metrics.csv,3206,1435.625702,3823.75,1960.38116,4747.25,1761.040197,3.54237,-16557046.228851,-16559683.399776,5000,3206,1794,35.88,0.0,0.0,0.0,0.0,0.0,0.0,0.0,0.0,0.0
bologna__peak__high__seed1__mp_platoon_x2,bologna,bologna,high,5000,0.0,3600.0,peak,1,mp_platoon_x2,mp,--platoon-extension --platoon-headway-threshold 2.1 --platoon-gap-out-seconds 2.1 --platoon-max-extra-green 2.0 --platoon-guard-occ 0.90,human_light,/home/lugozzi/Desktop/tirocinio/Codice/sumo-traffic-control/logs/ablation/runs/run_0023_20260526_151234/populations/bologna_peak_high_seed1.yaml,ok,1080.21,/home/lugozzi/Desktop/tirocinio/Codice/sumo-traffic-control/logs/ablation/runs/run_0023_20260526_151234/runs/bologna__peak__high__seed1__mp_platoon_x2/vehicle_metrics.csv,2666,1164.337959,3804.75,1600.794824,4582.0,1401.08497,5.081751,-22985510.391091,-22987728.397511,5000,2666,2334,46.68,7017.0,1073.0,0.0,0.0,0.0,0.0,527.0,0.0,0.0
bologna__peak__high__seed1__mp_switch_rel010,bologna,bologna,high,5000,0.0,3600.0,peak,1,mp_switch_rel010,mp,--switch-epsilon-rel 0.10,human_light,/home/lugozzi/Desktop/tirocinio/Codice/sumo-traffic-control/logs/ablation/runs/run_0023_20260526_151234/populations/bologna_peak_high_seed1.yaml,ok,754.717,/home/lugozzi/Desktop/tirocinio/Codice/sumo-traffic-control/logs/ablation/runs/run_0023_20260526_151234/runs/bologna__peak__high__seed1__mp_switch_rel010/vehicle_metrics.csv,2601,1217.696655,3819.0,1667.707805,4564.0,1467.911699,4.907361,-25689605.812115,-25691915.849346,5000,2601,2399,47.98,6653.0,1138.0,0.0,0.0,0.0,0.0,0.0,0.0,0.0
bologna__peak__high__seed1__mp_platoon_x4,bologna,bologna,high,5000,0.0,3600.0,peak,1,mp_platoon_x4,mp,--platoon-extension --platoon-headway-threshold 2.1 --platoon-gap-out-seconds 2.1 --platoon-max-extra-green 4.0 --platoon-guard-occ 0.90,human_light,/home/lugozzi/Desktop/tirocinio/Codice/sumo-traffic-control/logs/ablation/runs/run_0023_20260526_151234/populations/bologna_peak_high_seed1.yaml,ok,1061.613,/home/lugozzi/Desktop/tirocinio/Codice/sumo-traffic-control/logs/ablation/runs/run_0023_20260526_151234/runs/bologna__peak__high__seed1__mp_platoon_x4/vehicle_metrics.csv,2596,1211.996918,3867.75,1654.92527,4620.5,1452.460636,5.002259,-27576419.162099,-27578692.31544,5000,2596,2404,48.08,6675.0,1056.0,0.0,0.0,0.0,0.0,842.0,0.0,0.0
